requirement_id,domain,component,api_contract,database_owner,workflow,test,security_controls,blueprint_sections,status
REQ-00-001,architecture,architecture governance,CTRL-ARCH,design contracts; no runtime table,DesignReview,T-DESIGN,AUTHZ;TENANT;PURPOSE;AUDIT;SUPPLY-CHAIN;BOUNDARY-TESTS,1;8;40;41;46;54;55;58,designed; implementation evidence pending
REQ-00-002,architecture,architecture governance,CTRL-ARCH,design contracts; no runtime table,DesignReview,T-DESIGN,AUTHZ;TENANT;PURPOSE;AUDIT;SUPPLY-CHAIN;BOUNDARY-TESTS,1;8;40;41;46;54;55;58,designed; implementation evidence pending
REQ-00-003,architecture,architecture governance,CTRL-ARCH,design contracts; no runtime table,DesignReview,T-DESIGN,AUTHZ;TENANT;PURPOSE;AUDIT;SUPPLY-CHAIN;BOUNDARY-TESTS,1;8;40;41;46;54;55;58,designed; implementation evidence pending
REQ-00-004,architecture,architecture governance,CTRL-ARCH,design contracts; no runtime table,DesignReview,T-DESIGN,AUTHZ;TENANT;PURPOSE;AUDIT;SUPPLY-CHAIN;BOUNDARY-TESTS,1;8;40;41;46;54;55;58,designed; implementation evidence pending
REQ-00-005,architecture,architecture governance,CTRL-ARCH,design contracts; no runtime table,DesignReview,T-DESIGN,AUTHZ;TENANT;PURPOSE;AUDIT;SUPPLY-CHAIN;BOUNDARY-TESTS,1;8;40;41;46;54;55;58,designed; implementation evidence pending
REQ-00-006,architecture,architecture governance,CTRL-ARCH,design contracts; no runtime table,DesignReview,T-DESIGN,AUTHZ;TENANT;PURPOSE;AUDIT;SUPPLY-CHAIN;BOUNDARY-TESTS,1;8;40;41;46;54;55;58,designed; implementation evidence pending
REQ-00-007,architecture,architecture governance,CTRL-ARCH,design contracts; no runtime table,DesignReview,T-DESIGN,AUTHZ;TENANT;PURPOSE;AUDIT;SUPPLY-CHAIN;BOUNDARY-TESTS,1;8;40;41;46;54;55;58,designed; implementation evidence pending
REQ-00-008,architecture,architecture governance,CTRL-ARCH,design contracts; no runtime table,DesignReview,T-DESIGN,AUTHZ;TENANT;PURPOSE;AUDIT;SUPPLY-CHAIN;BOUNDARY-TESTS,1;8;40;41;46;54;55;58,designed; implementation evidence pending
REQ-00-009,architecture,architecture governance,CTRL-ARCH,design contracts; no runtime table,DesignReview,T-DESIGN,AUTHZ;TENANT;PURPOSE;AUDIT;SUPPLY-CHAIN;BOUNDARY-TESTS,1;8;40;41;46;54;55;58,designed; implementation evidence pending
REQ-00-010,architecture,architecture governance,CTRL-ARCH,design contracts; no runtime table,DesignReview,T-DESIGN,AUTHZ;TENANT;PURPOSE;AUDIT;SUPPLY-CHAIN;BOUNDARY-TESTS,1;8;40;41;46;54;55;58,designed; implementation evidence pending
REQ-00-011,architecture,architecture governance,CTRL-ARCH,design contracts; no runtime table,DesignReview,T-DESIGN,AUTHZ;TENANT;PURPOSE;AUDIT;SUPPLY-CHAIN;BOUNDARY-TESTS,1;8;40;41;46;54;55;58,designed; implementation evidence pending
REQ-00-012,architecture,architecture governance,CTRL-ARCH,design contracts; no runtime table,DesignReview,T-DESIGN,AUTHZ;TENANT;PURPOSE;AUDIT;SUPPLY-CHAIN;BOUNDARY-TESTS,1;8;40;41;46;54;55;58,designed; implementation evidence pending
REQ-00-013,architecture,architecture governance,CTRL-ARCH,design contracts; no runtime table,DesignReview,T-DESIGN,AUTHZ;TENANT;PURPOSE;AUDIT;SUPPLY-CHAIN;BOUNDARY-TESTS,1;8;40;41;46;54;55;58,designed; implementation evidence pending
REQ-00-014,architecture,architecture governance,CTRL-ARCH,design contracts; no runtime table,DesignReview,T-DESIGN,AUTHZ;TENANT;PURPOSE;AUDIT;SUPPLY-CHAIN;BOUNDARY-TESTS,1;8;40;41;46;54;55;58,designed; implementation evidence pending
REQ-00-015,architecture,architecture governance,CTRL-ARCH,design contracts; no runtime table,DesignReview,T-DESIGN,AUTHZ;TENANT;PURPOSE;AUDIT;SUPPLY-CHAIN;BOUNDARY-TESTS,1;8;40;41;46;54;55;58,designed; implementation evidence pending
REQ-00-016,architecture,architecture governance,CTRL-ARCH,design contracts; no runtime table,DesignReview,T-DESIGN,AUTHZ;TENANT;PURPOSE;AUDIT;SUPPLY-CHAIN;BOUNDARY-TESTS,1;8;40;41;46;54;55;58,designed; implementation evidence pending
REQ-00-017,architecture,architecture governance,CTRL-ARCH,design contracts; no runtime table,DesignReview,T-DESIGN,AUTHZ;TENANT;PURPOSE;AUDIT;SUPPLY-CHAIN;BOUNDARY-TESTS,1;8;40;41;46;54;55;58,designed; implementation evidence pending
REQ-00-018,architecture,architecture governance,CTRL-ARCH,design contracts; no runtime table,DesignReview,T-DESIGN,AUTHZ;TENANT;PURPOSE;AUDIT;SUPPLY-CHAIN;BOUNDARY-TESTS,1;8;40;41;46;54;55;58,designed; implementation evidence pending
REQ-00-019,architecture,architecture governance,CTRL-ARCH,design contracts; no runtime table,DesignReview,T-DESIGN,AUTHZ;TENANT;PURPOSE;AUDIT;SUPPLY-CHAIN;BOUNDARY-TESTS,1;8;40;41;46;54;55;58,designed; implementation evidence pending
REQ-00-020,architecture,architecture governance,CTRL-ARCH,design contracts; no runtime table,DesignReview,T-DESIGN,AUTHZ;TENANT;PURPOSE;AUDIT;SUPPLY-CHAIN;BOUNDARY-TESTS,1;8;40;41;46;54;55;58,designed; implementation evidence pending
REQ-00-021,architecture,architecture governance,CTRL-ARCH,design contracts; no runtime table,DesignReview,T-DESIGN,AUTHZ;TENANT;PURPOSE;AUDIT;SUPPLY-CHAIN;BOUNDARY-TESTS,1;8;40;41;46;54;55;58,designed; implementation evidence pending
REQ-00-022,architecture,architecture governance,CTRL-ARCH,design contracts; no runtime table,DesignReview,T-DESIGN,AUTHZ;TENANT;PURPOSE;AUDIT;SUPPLY-CHAIN;BOUNDARY-TESTS,1;8;40;41;46;54;55;58,designed; implementation evidence pending
REQ-00-023,architecture,architecture governance,CTRL-ARCH,design contracts; no runtime table,DesignReview,T-DESIGN,AUTHZ;TENANT;PURPOSE;AUDIT;SUPPLY-CHAIN;BOUNDARY-TESTS,1;8;40;41;46;54;55;58,designed; implementation evidence pending
REQ-00-024,architecture,architecture governance,CTRL-ARCH,design contracts; no runtime table,DesignReview,T-DESIGN,AUTHZ;TENANT;PURPOSE;AUDIT;SUPPLY-CHAIN;BOUNDARY-TESTS,1;8;40;41;46;54;55;58,designed; implementation evidence pending
REQ-00-025,architecture,architecture governance,CTRL-ARCH,design contracts; no runtime table,DesignReview,T-DESIGN,AUTHZ;TENANT;PURPOSE;AUDIT;SUPPLY-CHAIN;BOUNDARY-TESTS,1;8;40;41;46;54;55;58,designed; implementation evidence pending
REQ-00-026,architecture,architecture governance,CTRL-ARCH,design contracts; no runtime table,DesignReview,T-DESIGN,AUTHZ;TENANT;PURPOSE;AUDIT;SUPPLY-CHAIN;BOUNDARY-TESTS,1;8;40;41;46;54;55;58,designed; implementation evidence pending
REQ-00-027,architecture,architecture governance,CTRL-ARCH,design contracts; no runtime table,DesignReview,T-DESIGN,AUTHZ;TENANT;PURPOSE;AUDIT;SUPPLY-CHAIN;BOUNDARY-TESTS,1;8;40;41;46;54;55;58,designed; implementation evidence pending
REQ-00-028,architecture,architecture governance,CTRL-ARCH,design contracts; no runtime table,DesignReview,T-DESIGN,AUTHZ;TENANT;PURPOSE;AUDIT;SUPPLY-CHAIN;BOUNDARY-TESTS,1;8;40;41;46;54;55;58,designed; implementation evidence pending
REQ-00-029,architecture,architecture governance,CTRL-ARCH,design contracts; no runtime table,DesignReview,T-DESIGN,AUTHZ;TENANT;PURPOSE;AUDIT;SUPPLY-CHAIN;BOUNDARY-TESTS,1;8;40;41;46;54;55;58,designed; implementation evidence pending
REQ-00-030,architecture,architecture governance,CTRL-ARCH,design contracts; no runtime table,DesignReview,T-DESIGN,AUTHZ;TENANT;PURPOSE;AUDIT;SUPPLY-CHAIN;BOUNDARY-TESTS,1;8;40;41;46;54;55;58,designed; implementation evidence pending
REQ-00-031,architecture,architecture governance,CTRL-ARCH,design contracts; no runtime table,DesignReview,T-DESIGN,AUTHZ;TENANT;PURPOSE;AUDIT;SUPPLY-CHAIN;BOUNDARY-TESTS,1;8;40;41;46;54;55;58,designed; implementation evidence pending
REQ-00-032,architecture,architecture governance,CTRL-ARCH,design contracts; no runtime table,DesignReview,T-DESIGN,AUTHZ;TENANT;PURPOSE;AUDIT;SUPPLY-CHAIN;BOUNDARY-TESTS,1;8;40;41;46;54;55;58,designed; implementation evidence pending
REQ-00-033,architecture,architecture governance,CTRL-ARCH,design contracts; no runtime table,DesignReview,T-DESIGN,AUTHZ;TENANT;PURPOSE;AUDIT;SUPPLY-CHAIN;BOUNDARY-TESTS,1;8;40;41;46;54;55;58,designed; implementation evidence pending
REQ-00-034,architecture,architecture governance,CTRL-ARCH,design contracts; no runtime table,DesignReview,T-DESIGN,AUTHZ;TENANT;PURPOSE;AUDIT;SUPPLY-CHAIN;BOUNDARY-TESTS,1;8;40;41;46;54;55;58,designed; implementation evidence pending
REQ-00-035,architecture,architecture governance,CTRL-ARCH,design contracts; no runtime table,DesignReview,T-DESIGN,AUTHZ;TENANT;PURPOSE;AUDIT;SUPPLY-CHAIN;BOUNDARY-TESTS,1;8;40;41;46;54;55;58,designed; implementation evidence pending
REQ-00-036,architecture,architecture governance,CTRL-ARCH,design contracts; no runtime table,DesignReview,T-DESIGN,AUTHZ;TENANT;PURPOSE;AUDIT;SUPPLY-CHAIN;BOUNDARY-TESTS,1;8;40;41;46;54;55;58,designed; implementation evidence pending
REQ-00-037,architecture,architecture governance,CTRL-ARCH,design contracts; no runtime table,DesignReview,T-DESIGN,AUTHZ;TENANT;PURPOSE;AUDIT;SUPPLY-CHAIN;BOUNDARY-TESTS,1;8;40;41;46;54;55;58,designed; implementation evidence pending
REQ-00-038,architecture,architecture governance,CTRL-ARCH,design contracts; no runtime table,DesignReview,T-DESIGN,AUTHZ;TENANT;PURPOSE;AUDIT;SUPPLY-CHAIN;BOUNDARY-TESTS,1;8;40;41;46;54;55;58,designed; implementation evidence pending
REQ-00-039,architecture,architecture governance,CTRL-ARCH,design contracts; no runtime table,DesignReview,T-DESIGN,AUTHZ;TENANT;PURPOSE;AUDIT;SUPPLY-CHAIN;BOUNDARY-TESTS,1;8;40;41;46;54;55;58,designed; implementation evidence pending
REQ-00-040,architecture,architecture governance,CTRL-ARCH,design contracts; no runtime table,DesignReview,T-DESIGN,AUTHZ;TENANT;PURPOSE;AUDIT;SUPPLY-CHAIN;BOUNDARY-TESTS,1;8;40;41;46;54;55;58,designed; implementation evidence pending
REQ-00-041,architecture,architecture governance,CTRL-ARCH,design contracts; no runtime table,DesignReview,T-DESIGN,AUTHZ;TENANT;PURPOSE;AUDIT;SUPPLY-CHAIN;BOUNDARY-TESTS,1;8;40;41;46;54;55;58,designed; implementation evidence pending
REQ-00-042,architecture,architecture governance,CTRL-ARCH,design contracts; no runtime table,DesignReview,T-DESIGN,AUTHZ;TENANT;PURPOSE;AUDIT;SUPPLY-CHAIN;BOUNDARY-TESTS,1;8;40;41;46;54;55;58,designed; implementation evidence pending
REQ-00-043,architecture,architecture governance,CTRL-ARCH,design contracts; no runtime table,DesignReview,T-DESIGN,AUTHZ;TENANT;PURPOSE;AUDIT;SUPPLY-CHAIN;BOUNDARY-TESTS,1;8;40;41;46;54;55;58,designed; implementation evidence pending
REQ-00-044,architecture,architecture governance,CTRL-ARCH,design contracts; no runtime table,DesignReview,T-DESIGN,AUTHZ;TENANT;PURPOSE;AUDIT;SUPPLY-CHAIN;BOUNDARY-TESTS,1;8;40;41;46;54;55;58,designed; implementation evidence pending
REQ-00-045,architecture,architecture governance,CTRL-ARCH,design contracts; no runtime table,DesignReview,T-DESIGN,AUTHZ;TENANT;PURPOSE;AUDIT;SUPPLY-CHAIN;BOUNDARY-TESTS,1;8;40;41;46;54;55;58,designed; implementation evidence pending
REQ-00-046,architecture,architecture governance,CTRL-ARCH,design contracts; no runtime table,DesignReview,T-DESIGN,AUTHZ;TENANT;PURPOSE;AUDIT;SUPPLY-CHAIN;BOUNDARY-TESTS,1;8;40;41;46;54;55;58,designed; implementation evidence pending
REQ-00-047,architecture,architecture governance,CTRL-ARCH,design contracts; no runtime table,DesignReview,T-DESIGN,AUTHZ;TENANT;PURPOSE;AUDIT;SUPPLY-CHAIN;BOUNDARY-TESTS,1;8;40;41;46;54;55;58,designed; implementation evidence pending
REQ-00-048,architecture,architecture governance,CTRL-ARCH,design contracts; no runtime table,DesignReview,T-DESIGN,AUTHZ;TENANT;PURPOSE;AUDIT;SUPPLY-CHAIN;BOUNDARY-TESTS,1;8;40;41;46;54;55;58,designed; implementation evidence pending
REQ-00-049,architecture,architecture governance,CTRL-ARCH,design contracts; no runtime table,DesignReview,T-DESIGN,AUTHZ;TENANT;PURPOSE;AUDIT;SUPPLY-CHAIN;BOUNDARY-TESTS,1;8;40;41;46;54;55;58,designed; implementation evidence pending
REQ-00-050,architecture,architecture governance,CTRL-ARCH,design contracts; no runtime table,DesignReview,T-DESIGN,AUTHZ;TENANT;PURPOSE;AUDIT;SUPPLY-CHAIN;BOUNDARY-TESTS,1;8;40;41;46;54;55;58,designed; implementation evidence pending
REQ-00-051,architecture,architecture governance,CTRL-ARCH,design contracts; no runtime table,DesignReview,T-DESIGN,AUTHZ;TENANT;PURPOSE;AUDIT;SUPPLY-CHAIN;BOUNDARY-TESTS,1;8;40;41;46;54;55;58,designed; implementation evidence pending
REQ-00-052,architecture,architecture governance,CTRL-ARCH,design contracts; no runtime table,DesignReview,T-DESIGN,AUTHZ;TENANT;PURPOSE;AUDIT;SUPPLY-CHAIN;BOUNDARY-TESTS,1;8;40;41;46;54;55;58,designed; implementation evidence pending
REQ-00-053,architecture,architecture governance,CTRL-ARCH,design contracts; no runtime table,DesignReview,T-DESIGN,AUTHZ;TENANT;PURPOSE;AUDIT;SUPPLY-CHAIN;BOUNDARY-TESTS,1;8;40;41;46;54;55;58,designed; implementation evidence pending
REQ-00-054,architecture,architecture governance,CTRL-ARCH,design contracts; no runtime table,DesignReview,T-DESIGN,AUTHZ;TENANT;PURPOSE;AUDIT;SUPPLY-CHAIN;BOUNDARY-TESTS,1;8;40;41;46;54;55;58,designed; implementation evidence pending
REQ-00-055,architecture,architecture governance,CTRL-ARCH,design contracts; no runtime table,DesignReview,T-DESIGN,AUTHZ;TENANT;PURPOSE;AUDIT;SUPPLY-CHAIN;BOUNDARY-TESTS,1;8;40;41;46;54;55;58,designed; implementation evidence pending
REQ-00-056,architecture,architecture governance,CTRL-ARCH,design contracts; no runtime table,DesignReview,T-DESIGN,AUTHZ;TENANT;PURPOSE;AUDIT;SUPPLY-CHAIN;BOUNDARY-TESTS,1;8;40;41;46;54;55;58,designed; implementation evidence pending
REQ-00-057,architecture,architecture governance,CTRL-ARCH,design contracts; no runtime table,DesignReview,T-DESIGN,AUTHZ;TENANT;PURPOSE;AUDIT;SUPPLY-CHAIN;BOUNDARY-TESTS,1;8;40;41;46;54;55;58,designed; implementation evidence pending
REQ-00-058,architecture,architecture governance,CTRL-ARCH,design contracts; no runtime table,DesignReview,T-DESIGN,AUTHZ;TENANT;PURPOSE;AUDIT;SUPPLY-CHAIN;BOUNDARY-TESTS,1;8;40;41;46;54;55;58,designed; implementation evidence pending
REQ-00-059,architecture,architecture governance,CTRL-ARCH,design contracts; no runtime table,DesignReview,T-DESIGN,AUTHZ;TENANT;PURPOSE;AUDIT;SUPPLY-CHAIN;BOUNDARY-TESTS,1;8;40;41;46;54;55;58,designed; implementation evidence pending
REQ-00-060,architecture,architecture governance,CTRL-ARCH,design contracts; no runtime table,DesignReview,T-DESIGN,AUTHZ;TENANT;PURPOSE;AUDIT;SUPPLY-CHAIN;BOUNDARY-TESTS,1;8;40;41;46;54;55;58,designed; implementation evidence pending
REQ-00-061,architecture,architecture governance,CTRL-ARCH,design contracts; no runtime table,DesignReview,T-DESIGN,AUTHZ;TENANT;PURPOSE;AUDIT;SUPPLY-CHAIN;BOUNDARY-TESTS,1;8;40;41;46;54;55;58,designed; implementation evidence pending
REQ-00-062,architecture,architecture governance,CTRL-ARCH,design contracts; no runtime table,DesignReview,T-DESIGN,AUTHZ;TENANT;PURPOSE;AUDIT;SUPPLY-CHAIN;BOUNDARY-TESTS,1;8;40;41;46;54;55;58,designed; implementation evidence pending
REQ-00-063,architecture,architecture governance,CTRL-ARCH,design contracts; no runtime table,DesignReview,T-DESIGN,AUTHZ;TENANT;PURPOSE;AUDIT;SUPPLY-CHAIN;BOUNDARY-TESTS,1;8;40;41;46;54;55;58,designed; implementation evidence pending
REQ-00-064,architecture,architecture governance,CTRL-ARCH,design contracts; no runtime table,DesignReview,T-DESIGN,AUTHZ;TENANT;PURPOSE;AUDIT;SUPPLY-CHAIN;BOUNDARY-TESTS,1;8;40;41;46;54;55;58,designed; implementation evidence pending
REQ-00-065,architecture,architecture governance,CTRL-ARCH,design contracts; no runtime table,DesignReview,T-DESIGN,AUTHZ;TENANT;PURPOSE;AUDIT;SUPPLY-CHAIN;BOUNDARY-TESTS,1;8;40;41;46;54;55;58,designed; implementation evidence pending
REQ-00-066,architecture,architecture governance,CTRL-ARCH,design contracts; no runtime table,DesignReview,T-DESIGN,AUTHZ;TENANT;PURPOSE;AUDIT;SUPPLY-CHAIN;BOUNDARY-TESTS,1;8;40;41;46;54;55;58,designed; implementation evidence pending
REQ-00-067,architecture,architecture governance,CTRL-ARCH,design contracts; no runtime table,DesignReview,T-DESIGN,AUTHZ;TENANT;PURPOSE;AUDIT;SUPPLY-CHAIN;BOUNDARY-TESTS,1;8;40;41;46;54;55;58,designed; implementation evidence pending
REQ-00-068,architecture,architecture governance,CTRL-ARCH,design contracts; no runtime table,DesignReview,T-DESIGN,AUTHZ;TENANT;PURPOSE;AUDIT;SUPPLY-CHAIN;BOUNDARY-TESTS,1;8;40;41;46;54;55;58,designed; implementation evidence pending
REQ-00-069,architecture,architecture governance,CTRL-ARCH,design contracts; no runtime table,DesignReview,T-DESIGN,AUTHZ;TENANT;PURPOSE;AUDIT;SUPPLY-CHAIN;BOUNDARY-TESTS,1;8;40;41;46;54;55;58,designed; implementation evidence pending
REQ-00-070,architecture,architecture governance,CTRL-ARCH,design contracts; no runtime table,DesignReview,T-DESIGN,AUTHZ;TENANT;PURPOSE;AUDIT;SUPPLY-CHAIN;BOUNDARY-TESTS,1;8;40;41;46;54;55;58,designed; implementation evidence pending
REQ-00-071,architecture,architecture governance,CTRL-ARCH,design contracts; no runtime table,DesignReview,T-DESIGN,AUTHZ;TENANT;PURPOSE;AUDIT;SUPPLY-CHAIN;BOUNDARY-TESTS,1;8;40;41;46;54;55;58,designed; implementation evidence pending
REQ-00-072,architecture,architecture governance,CTRL-ARCH,design contracts; no runtime table,DesignReview,T-DESIGN,AUTHZ;TENANT;PURPOSE;AUDIT;SUPPLY-CHAIN;BOUNDARY-TESTS,1;8;40;41;46;54;55;58,designed; implementation evidence pending
REQ-00-073,architecture,architecture governance,CTRL-ARCH,design contracts; no runtime table,DesignReview,T-DESIGN,AUTHZ;TENANT;PURPOSE;AUDIT;SUPPLY-CHAIN;BOUNDARY-TESTS,1;8;40;41;46;54;55;58,designed; implementation evidence pending
REQ-00-074,architecture,architecture governance,CTRL-ARCH,design contracts; no runtime table,DesignReview,T-DESIGN,AUTHZ;TENANT;PURPOSE;AUDIT;SUPPLY-CHAIN;BOUNDARY-TESTS,1;8;40;41;46;54;55;58,designed; implementation evidence pending
REQ-00-075,architecture,architecture governance,CTRL-ARCH,design contracts; no runtime table,DesignReview,T-DESIGN,AUTHZ;TENANT;PURPOSE;AUDIT;SUPPLY-CHAIN;BOUNDARY-TESTS,1;8;40;41;46;54;55;58,designed; implementation evidence pending
REQ-00-076,architecture,architecture governance,CTRL-ARCH,design contracts; no runtime table,DesignReview,T-DESIGN,AUTHZ;TENANT;PURPOSE;AUDIT;SUPPLY-CHAIN;BOUNDARY-TESTS,1;8;40;41;46;54;55;58,designed; implementation evidence pending
REQ-01-001,architecture,architecture governance,CTRL-ARCH,design contracts; no runtime table,DesignReview,T-DESIGN,AUTHZ;TENANT;PURPOSE;AUDIT;SUPPLY-CHAIN;BOUNDARY-TESTS,1;8;40;41;46;54;55;58,designed; implementation evidence pending
REQ-01-002,architecture,architecture governance,CTRL-ARCH,design contracts; no runtime table,DesignReview,T-DESIGN,AUTHZ;TENANT;PURPOSE;AUDIT;SUPPLY-CHAIN;BOUNDARY-TESTS,1;8;40;41;46;54;55;58,designed; implementation evidence pending
REQ-01-003,architecture,architecture governance,CTRL-ARCH,design contracts; no runtime table,DesignReview,T-DESIGN,AUTHZ;TENANT;PURPOSE;AUDIT;SUPPLY-CHAIN;BOUNDARY-TESTS,1;8;40;41;46;54;55;58,designed; implementation evidence pending
REQ-01-004,architecture,architecture governance,CTRL-ARCH,design contracts; no runtime table,DesignReview,T-DESIGN,AUTHZ;TENANT;PURPOSE;AUDIT;SUPPLY-CHAIN;BOUNDARY-TESTS,1;8;40;41;46;54;55;58,designed; implementation evidence pending
REQ-01-005,architecture,architecture governance,CTRL-ARCH,design contracts; no runtime table,DesignReview,T-DESIGN,AUTHZ;TENANT;PURPOSE;AUDIT;SUPPLY-CHAIN;BOUNDARY-TESTS,1;8;40;41;46;54;55;58,designed; implementation evidence pending
REQ-01-006,architecture,architecture governance,CTRL-ARCH,design contracts; no runtime table,DesignReview,T-DESIGN,AUTHZ;TENANT;PURPOSE;AUDIT;SUPPLY-CHAIN;BOUNDARY-TESTS,1;8;40;41;46;54;55;58,designed; implementation evidence pending
REQ-01-007,architecture,architecture governance,CTRL-ARCH,design contracts; no runtime table,DesignReview,T-DESIGN,AUTHZ;TENANT;PURPOSE;AUDIT;SUPPLY-CHAIN;BOUNDARY-TESTS,1;8;40;41;46;54;55;58,designed; implementation evidence pending
REQ-01-008,architecture,architecture governance,CTRL-ARCH,design contracts; no runtime table,DesignReview,T-DESIGN,AUTHZ;TENANT;PURPOSE;AUDIT;SUPPLY-CHAIN;BOUNDARY-TESTS,1;8;40;41;46;54;55;58,designed; implementation evidence pending
REQ-01-009,architecture,architecture governance,CTRL-ARCH,design contracts; no runtime table,DesignReview,T-DESIGN,AUTHZ;TENANT;PURPOSE;AUDIT;SUPPLY-CHAIN;BOUNDARY-TESTS,1;8;40;41;46;54;55;58,designed; implementation evidence pending
REQ-01-010,architecture,architecture governance,CTRL-ARCH,design contracts; no runtime table,DesignReview,T-DESIGN,AUTHZ;TENANT;PURPOSE;AUDIT;SUPPLY-CHAIN;BOUNDARY-TESTS,1;8;40;41;46;54;55;58,designed; implementation evidence pending
REQ-01-011,architecture,architecture governance,CTRL-ARCH,design contracts; no runtime table,DesignReview,T-DESIGN,AUTHZ;TENANT;PURPOSE;AUDIT;SUPPLY-CHAIN;BOUNDARY-TESTS,1;8;40;41;46;54;55;58,designed; implementation evidence pending
REQ-01-012,architecture,architecture governance,CTRL-ARCH,design contracts; no runtime table,DesignReview,T-DESIGN,AUTHZ;TENANT;PURPOSE;AUDIT;SUPPLY-CHAIN;BOUNDARY-TESTS,1;8;40;41;46;54;55;58,designed; implementation evidence pending
REQ-01-013,architecture,architecture governance,CTRL-ARCH,design contracts; no runtime table,DesignReview,T-DESIGN,AUTHZ;TENANT;PURPOSE;AUDIT;SUPPLY-CHAIN;BOUNDARY-TESTS,1;8;40;41;46;54;55;58,designed; implementation evidence pending
REQ-01-014,architecture,architecture governance,CTRL-ARCH,design contracts; no runtime table,DesignReview,T-DESIGN,AUTHZ;TENANT;PURPOSE;AUDIT;SUPPLY-CHAIN;BOUNDARY-TESTS,1;8;40;41;46;54;55;58,designed; implementation evidence pending
REQ-01-015,architecture,architecture governance,CTRL-ARCH,design contracts; no runtime table,DesignReview,T-DESIGN,AUTHZ;TENANT;PURPOSE;AUDIT;SUPPLY-CHAIN;BOUNDARY-TESTS,1;8;40;41;46;54;55;58,designed; implementation evidence pending
REQ-01-016,architecture,architecture governance,CTRL-ARCH,design contracts; no runtime table,DesignReview,T-DESIGN,AUTHZ;TENANT;PURPOSE;AUDIT;SUPPLY-CHAIN;BOUNDARY-TESTS,1;8;40;41;46;54;55;58,designed; implementation evidence pending
REQ-01-017,architecture,architecture governance,CTRL-ARCH,design contracts; no runtime table,DesignReview,T-DESIGN,AUTHZ;TENANT;PURPOSE;AUDIT;SUPPLY-CHAIN;BOUNDARY-TESTS,1;8;40;41;46;54;55;58,designed; implementation evidence pending
REQ-01-018,architecture,architecture governance,CTRL-ARCH,design contracts; no runtime table,DesignReview,T-DESIGN,AUTHZ;TENANT;PURPOSE;AUDIT;SUPPLY-CHAIN;BOUNDARY-TESTS,1;8;40;41;46;54;55;58,designed; implementation evidence pending
REQ-01-019,architecture,architecture governance,CTRL-ARCH,design contracts; no runtime table,DesignReview,T-DESIGN,AUTHZ;TENANT;PURPOSE;AUDIT;SUPPLY-CHAIN;BOUNDARY-TESTS,1;8;40;41;46;54;55;58,designed; implementation evidence pending
REQ-01-020,architecture,architecture governance,CTRL-ARCH,design contracts; no runtime table,DesignReview,T-DESIGN,AUTHZ;TENANT;PURPOSE;AUDIT;SUPPLY-CHAIN;BOUNDARY-TESTS,1;8;40;41;46;54;55;58,designed; implementation evidence pending
REQ-01-021,architecture,architecture governance,CTRL-ARCH,design contracts; no runtime table,DesignReview,T-DESIGN,AUTHZ;TENANT;PURPOSE;AUDIT;SUPPLY-CHAIN;BOUNDARY-TESTS,1;8;40;41;46;54;55;58,designed; implementation evidence pending
REQ-01-022,architecture,architecture governance,CTRL-ARCH,design contracts; no runtime table,DesignReview,T-DESIGN,AUTHZ;TENANT;PURPOSE;AUDIT;SUPPLY-CHAIN;BOUNDARY-TESTS,1;8;40;41;46;54;55;58,designed; implementation evidence pending
REQ-01-023,architecture,architecture governance,CTRL-ARCH,design contracts; no runtime table,DesignReview,T-DESIGN,AUTHZ;TENANT;PURPOSE;AUDIT;SUPPLY-CHAIN;BOUNDARY-TESTS,1;8;40;41;46;54;55;58,designed; implementation evidence pending
REQ-01-024,architecture,architecture governance,CTRL-ARCH,design contracts; no runtime table,DesignReview,T-DESIGN,AUTHZ;TENANT;PURPOSE;AUDIT;SUPPLY-CHAIN;BOUNDARY-TESTS,1;8;40;41;46;54;55;58,designed; implementation evidence pending
REQ-01-025,architecture,architecture governance,CTRL-ARCH,design contracts; no runtime table,DesignReview,T-DESIGN,AUTHZ;TENANT;PURPOSE;AUDIT;SUPPLY-CHAIN;BOUNDARY-TESTS,1;8;40;41;46;54;55;58,designed; implementation evidence pending
REQ-01-026,architecture,architecture governance,CTRL-ARCH,design contracts; no runtime table,DesignReview,T-DESIGN,AUTHZ;TENANT;PURPOSE;AUDIT;SUPPLY-CHAIN;BOUNDARY-TESTS,1;8;40;41;46;54;55;58,designed; implementation evidence pending
REQ-01-027,architecture,architecture governance,CTRL-ARCH,design contracts; no runtime table,DesignReview,T-DESIGN,AUTHZ;TENANT;PURPOSE;AUDIT;SUPPLY-CHAIN;BOUNDARY-TESTS,1;8;40;41;46;54;55;58,designed; implementation evidence pending
REQ-01-028,architecture,architecture governance,CTRL-ARCH,design contracts; no runtime table,DesignReview,T-DESIGN,AUTHZ;TENANT;PURPOSE;AUDIT;SUPPLY-CHAIN;BOUNDARY-TESTS,1;8;40;41;46;54;55;58,designed; implementation evidence pending
REQ-01-029,architecture,architecture governance,CTRL-ARCH,design contracts; no runtime table,DesignReview,T-DESIGN,AUTHZ;TENANT;PURPOSE;AUDIT;SUPPLY-CHAIN;BOUNDARY-TESTS,1;8;40;41;46;54;55;58,designed; implementation evidence pending
REQ-01-030,architecture,architecture governance,CTRL-ARCH,design contracts; no runtime table,DesignReview,T-DESIGN,AUTHZ;TENANT;PURPOSE;AUDIT;SUPPLY-CHAIN;BOUNDARY-TESTS,1;8;40;41;46;54;55;58,designed; implementation evidence pending
REQ-01-031,architecture,architecture governance,CTRL-ARCH,design contracts; no runtime table,DesignReview,T-DESIGN,AUTHZ;TENANT;PURPOSE;AUDIT;SUPPLY-CHAIN;BOUNDARY-TESTS,1;8;40;41;46;54;55;58,designed; implementation evidence pending
REQ-01-032,architecture,architecture governance,CTRL-ARCH,design contracts; no runtime table,DesignReview,T-DESIGN,AUTHZ;TENANT;PURPOSE;AUDIT;SUPPLY-CHAIN;BOUNDARY-TESTS,1;8;40;41;46;54;55;58,designed; implementation evidence pending
REQ-01-033,architecture,architecture governance,CTRL-ARCH,design contracts; no runtime table,DesignReview,T-DESIGN,AUTHZ;TENANT;PURPOSE;AUDIT;SUPPLY-CHAIN;BOUNDARY-TESTS,1;8;40;41;46;54;55;58,designed; implementation evidence pending
REQ-01-034,architecture,architecture governance,CTRL-ARCH,design contracts; no runtime table,DesignReview,T-DESIGN,AUTHZ;TENANT;PURPOSE;AUDIT;SUPPLY-CHAIN;BOUNDARY-TESTS,1;8;40;41;46;54;55;58,designed; implementation evidence pending
REQ-01-035,architecture,architecture governance,CTRL-ARCH,design contracts; no runtime table,DesignReview,T-DESIGN,AUTHZ;TENANT;PURPOSE;AUDIT;SUPPLY-CHAIN;BOUNDARY-TESTS,1;8;40;41;46;54;55;58,designed; implementation evidence pending
REQ-01-036,architecture,architecture governance,CTRL-ARCH,design contracts; no runtime table,DesignReview,T-DESIGN,AUTHZ;TENANT;PURPOSE;AUDIT;SUPPLY-CHAIN;BOUNDARY-TESTS,1;8;40;41;46;54;55;58,designed; implementation evidence pending
REQ-01-037,architecture,architecture governance,CTRL-ARCH,design contracts; no runtime table,DesignReview,T-DESIGN,AUTHZ;TENANT;PURPOSE;AUDIT;SUPPLY-CHAIN;BOUNDARY-TESTS,1;8;40;41;46;54;55;58,designed; implementation evidence pending
REQ-01-038,architecture,architecture governance,CTRL-ARCH,design contracts; no runtime table,DesignReview,T-DESIGN,AUTHZ;TENANT;PURPOSE;AUDIT;SUPPLY-CHAIN;BOUNDARY-TESTS,1;8;40;41;46;54;55;58,designed; implementation evidence pending
REQ-01-039,architecture,architecture governance,CTRL-ARCH,design contracts; no runtime table,DesignReview,T-DESIGN,AUTHZ;TENANT;PURPOSE;AUDIT;SUPPLY-CHAIN;BOUNDARY-TESTS,1;8;40;41;46;54;55;58,designed; implementation evidence pending
REQ-01-040,architecture,architecture governance,CTRL-ARCH,design contracts; no runtime table,DesignReview,T-DESIGN,AUTHZ;TENANT;PURPOSE;AUDIT;SUPPLY-CHAIN;BOUNDARY-TESTS,1;8;40;41;46;54;55;58,designed; implementation evidence pending
REQ-01-041,architecture,architecture governance,CTRL-ARCH,design contracts; no runtime table,DesignReview,T-DESIGN,AUTHZ;TENANT;PURPOSE;AUDIT;SUPPLY-CHAIN;BOUNDARY-TESTS,1;8;40;41;46;54;55;58,designed; implementation evidence pending
REQ-01-042,architecture,architecture governance,CTRL-ARCH,design contracts; no runtime table,DesignReview,T-DESIGN,AUTHZ;TENANT;PURPOSE;AUDIT;SUPPLY-CHAIN;BOUNDARY-TESTS,1;8;40;41;46;54;55;58,designed; implementation evidence pending
REQ-01-043,architecture,architecture governance,CTRL-ARCH,design contracts; no runtime table,DesignReview,T-DESIGN,AUTHZ;TENANT;PURPOSE;AUDIT;SUPPLY-CHAIN;BOUNDARY-TESTS,1;8;40;41;46;54;55;58,designed; implementation evidence pending
REQ-01-044,architecture,architecture governance,CTRL-ARCH,design contracts; no runtime table,DesignReview,T-DESIGN,AUTHZ;TENANT;PURPOSE;AUDIT;SUPPLY-CHAIN;BOUNDARY-TESTS,1;8;40;41;46;54;55;58,designed; implementation evidence pending
REQ-01-045,architecture,architecture governance,CTRL-ARCH,design contracts; no runtime table,DesignReview,T-DESIGN,AUTHZ;TENANT;PURPOSE;AUDIT;SUPPLY-CHAIN;BOUNDARY-TESTS,1;8;40;41;46;54;55;58,designed; implementation evidence pending
REQ-01-046,architecture,architecture governance,CTRL-ARCH,design contracts; no runtime table,DesignReview,T-DESIGN,AUTHZ;TENANT;PURPOSE;AUDIT;SUPPLY-CHAIN;BOUNDARY-TESTS,1;8;40;41;46;54;55;58,designed; implementation evidence pending
REQ-01-047,architecture,architecture governance,CTRL-ARCH,design contracts; no runtime table,DesignReview,T-DESIGN,AUTHZ;TENANT;PURPOSE;AUDIT;SUPPLY-CHAIN;BOUNDARY-TESTS,1;8;40;41;46;54;55;58,designed; implementation evidence pending
REQ-01-048,architecture,architecture governance,CTRL-ARCH,design contracts; no runtime table,DesignReview,T-DESIGN,AUTHZ;TENANT;PURPOSE;AUDIT;SUPPLY-CHAIN;BOUNDARY-TESTS,1;8;40;41;46;54;55;58,designed; implementation evidence pending
REQ-01-049,architecture,architecture governance,CTRL-ARCH,design contracts; no runtime table,DesignReview,T-DESIGN,AUTHZ;TENANT;PURPOSE;AUDIT;SUPPLY-CHAIN;BOUNDARY-TESTS,1;8;40;41;46;54;55;58,designed; implementation evidence pending
REQ-01-050,architecture,architecture governance,CTRL-ARCH,design contracts; no runtime table,DesignReview,T-DESIGN,AUTHZ;TENANT;PURPOSE;AUDIT;SUPPLY-CHAIN;BOUNDARY-TESTS,1;8;40;41;46;54;55;58,designed; implementation evidence pending
REQ-01-051,architecture,architecture governance,CTRL-ARCH,design contracts; no runtime table,DesignReview,T-DESIGN,AUTHZ;TENANT;PURPOSE;AUDIT;SUPPLY-CHAIN;BOUNDARY-TESTS,1;8;40;41;46;54;55;58,designed; implementation evidence pending
REQ-02-001,platform,container platform and workers,CTRL-PLATFORM,infra state; owner DBs remain authoritative,DeploymentRecovery,T-COMPOSE,AUTHZ;TENANT;PURPOSE;AUDIT;SUPPLY-CHAIN;BOUNDARY-TESTS,35;36;37;39;48,designed; implementation evidence pending
REQ-02-002,platform,container platform and workers,CTRL-PLATFORM,infra state; owner DBs remain authoritative,DeploymentRecovery,T-COMPOSE,AUTHZ;TENANT;PURPOSE;AUDIT;SUPPLY-CHAIN;BOUNDARY-TESTS,35;36;37;39;48,designed; implementation evidence pending
REQ-02-003,platform,container platform and workers,CTRL-PLATFORM,infra state; owner DBs remain authoritative,DeploymentRecovery,T-COMPOSE,AUTHZ;TENANT;PURPOSE;AUDIT;SUPPLY-CHAIN;BOUNDARY-TESTS,35;36;37;39;48,designed; implementation evidence pending
REQ-02-004,platform,container platform and workers,CTRL-PLATFORM,infra state; owner DBs remain authoritative,DeploymentRecovery,T-COMPOSE,AUTHZ;TENANT;PURPOSE;AUDIT;SUPPLY-CHAIN;BOUNDARY-TESTS,35;36;37;39;48,designed; implementation evidence pending
REQ-02-005,platform,container platform and workers,CTRL-PLATFORM,infra state; owner DBs remain authoritative,DeploymentRecovery,T-COMPOSE,AUTHZ;TENANT;PURPOSE;AUDIT;SUPPLY-CHAIN;BOUNDARY-TESTS,35;36;37;39;48,designed; implementation evidence pending
REQ-02-006,platform,container platform and workers,CTRL-PLATFORM,infra state; owner DBs remain authoritative,DeploymentRecovery,T-COMPOSE,AUTHZ;TENANT;PURPOSE;AUDIT;SUPPLY-CHAIN;BOUNDARY-TESTS,35;36;37;39;48,designed; implementation evidence pending
REQ-02-007,platform,container platform and workers,CTRL-PLATFORM,infra state; owner DBs remain authoritative,DeploymentRecovery,T-COMPOSE,AUTHZ;TENANT;PURPOSE;AUDIT;SUPPLY-CHAIN;BOUNDARY-TESTS,35;36;37;39;48,designed; implementation evidence pending
REQ-02-008,platform,container platform and workers,CTRL-PLATFORM,infra state; owner DBs remain authoritative,DeploymentRecovery,T-COMPOSE,AUTHZ;TENANT;PURPOSE;AUDIT;SUPPLY-CHAIN;BOUNDARY-TESTS,35;36;37;39;48,designed; implementation evidence pending
REQ-02-009,platform,container platform and workers,CTRL-PLATFORM,infra state; owner DBs remain authoritative,DeploymentRecovery,T-COMPOSE,AUTHZ;TENANT;PURPOSE;AUDIT;SUPPLY-CHAIN;BOUNDARY-TESTS,35;36;37;39;48,designed; implementation evidence pending
REQ-02-010,platform,container platform and workers,CTRL-PLATFORM,infra state; owner DBs remain authoritative,DeploymentRecovery,T-COMPOSE,AUTHZ;TENANT;PURPOSE;AUDIT;SUPPLY-CHAIN;BOUNDARY-TESTS,35;36;37;39;48,designed; implementation evidence pending
REQ-02-011,platform,container platform and workers,CTRL-PLATFORM,infra state; owner DBs remain authoritative,DeploymentRecovery,T-COMPOSE,AUTHZ;TENANT;PURPOSE;AUDIT;SUPPLY-CHAIN;BOUNDARY-TESTS,35;36;37;39;48,designed; implementation evidence pending
REQ-02-012,platform,container platform and workers,CTRL-PLATFORM,infra state; owner DBs remain authoritative,DeploymentRecovery,T-COMPOSE,AUTHZ;TENANT;PURPOSE;AUDIT;SUPPLY-CHAIN;BOUNDARY-TESTS,35;36;37;39;48,designed; implementation evidence pending
REQ-02-013,platform,container platform and workers,CTRL-PLATFORM,infra state; owner DBs remain authoritative,DeploymentRecovery,T-COMPOSE,AUTHZ;TENANT;PURPOSE;AUDIT;SUPPLY-CHAIN;BOUNDARY-TESTS,35;36;37;39;48,designed; implementation evidence pending
REQ-02-014,platform,container platform and workers,CTRL-PLATFORM,infra state; owner DBs remain authoritative,DeploymentRecovery,T-COMPOSE,AUTHZ;TENANT;PURPOSE;AUDIT;SUPPLY-CHAIN;BOUNDARY-TESTS,35;36;37;39;48,designed; implementation evidence pending
REQ-02-015,platform,container platform and workers,CTRL-PLATFORM,infra state; owner DBs remain authoritative,DeploymentRecovery,T-COMPOSE,AUTHZ;TENANT;PURPOSE;AUDIT;SUPPLY-CHAIN;BOUNDARY-TESTS,35;36;37;39;48,designed; implementation evidence pending
REQ-02-016,platform,container platform and workers,CTRL-PLATFORM,infra state; owner DBs remain authoritative,DeploymentRecovery,T-COMPOSE,AUTHZ;TENANT;PURPOSE;AUDIT;SUPPLY-CHAIN;BOUNDARY-TESTS,35;36;37;39;48,designed; implementation evidence pending
REQ-02-017,platform,container platform and workers,CTRL-PLATFORM,infra state; owner DBs remain authoritative,DeploymentRecovery,T-COMPOSE,AUTHZ;TENANT;PURPOSE;AUDIT;SUPPLY-CHAIN;BOUNDARY-TESTS,35;36;37;39;48,designed; implementation evidence pending
REQ-02-018,platform,container platform and workers,CTRL-PLATFORM,infra state; owner DBs remain authoritative,DeploymentRecovery,T-COMPOSE,AUTHZ;TENANT;PURPOSE;AUDIT;SUPPLY-CHAIN;BOUNDARY-TESTS,35;36;37;39;48,designed; implementation evidence pending
REQ-03-001,architecture,architecture governance,CTRL-ARCH,design contracts; no runtime table,DesignReview,T-DESIGN,AUTHZ;TENANT;PURPOSE;AUDIT;SUPPLY-CHAIN;BOUNDARY-TESTS,1;8;40;41;46;54;55;58,designed; implementation evidence pending
REQ-03-002,architecture,architecture governance,CTRL-ARCH,design contracts; no runtime table,DesignReview,T-DESIGN,AUTHZ;TENANT;PURPOSE;AUDIT;SUPPLY-CHAIN;BOUNDARY-TESTS,1;8;40;41;46;54;55;58,designed; implementation evidence pending
REQ-03-003,architecture,architecture governance,CTRL-ARCH,design contracts; no runtime table,DesignReview,T-DESIGN,AUTHZ;TENANT;PURPOSE;AUDIT;SUPPLY-CHAIN;BOUNDARY-TESTS,1;8;40;41;46;54;55;58,designed; implementation evidence pending
REQ-03-004,architecture,architecture governance,CTRL-ARCH,design contracts; no runtime table,DesignReview,T-DESIGN,AUTHZ;TENANT;PURPOSE;AUDIT;SUPPLY-CHAIN;BOUNDARY-TESTS,1;8;40;41;46;54;55;58,designed; implementation evidence pending
REQ-03-005,architecture,architecture governance,CTRL-ARCH,design contracts; no runtime table,DesignReview,T-DESIGN,AUTHZ;TENANT;PURPOSE;AUDIT;SUPPLY-CHAIN;BOUNDARY-TESTS,1;8;40;41;46;54;55;58,designed; implementation evidence pending
REQ-03-006,architecture,architecture governance,CTRL-ARCH,design contracts; no runtime table,DesignReview,T-DESIGN,AUTHZ;TENANT;PURPOSE;AUDIT;SUPPLY-CHAIN;BOUNDARY-TESTS,1;8;40;41;46;54;55;58,designed; implementation evidence pending
REQ-03-007,architecture,architecture governance,CTRL-ARCH,design contracts; no runtime table,DesignReview,T-DESIGN,AUTHZ;TENANT;PURPOSE;AUDIT;SUPPLY-CHAIN;BOUNDARY-TESTS,1;8;40;41;46;54;55;58,designed; implementation evidence pending
REQ-03-008,architecture,architecture governance,CTRL-ARCH,design contracts; no runtime table,DesignReview,T-DESIGN,AUTHZ;TENANT;PURPOSE;AUDIT;SUPPLY-CHAIN;BOUNDARY-TESTS,1;8;40;41;46;54;55;58,designed; implementation evidence pending
REQ-03-009,architecture,architecture governance,CTRL-ARCH,design contracts; no runtime table,DesignReview,T-DESIGN,AUTHZ;TENANT;PURPOSE;AUDIT;SUPPLY-CHAIN;BOUNDARY-TESTS,1;8;40;41;46;54;55;58,designed; implementation evidence pending
REQ-03-010,architecture,architecture governance,CTRL-ARCH,design contracts; no runtime table,DesignReview,T-DESIGN,AUTHZ;TENANT;PURPOSE;AUDIT;SUPPLY-CHAIN;BOUNDARY-TESTS,1;8;40;41;46;54;55;58,designed; implementation evidence pending
REQ-03-011,architecture,architecture governance,CTRL-ARCH,design contracts; no runtime table,DesignReview,T-DESIGN,AUTHZ;TENANT;PURPOSE;AUDIT;SUPPLY-CHAIN;BOUNDARY-TESTS,1;8;40;41;46;54;55;58,designed; implementation evidence pending
REQ-03-012,architecture,architecture governance,CTRL-ARCH,design contracts; no runtime table,DesignReview,T-DESIGN,AUTHZ;TENANT;PURPOSE;AUDIT;SUPPLY-CHAIN;BOUNDARY-TESTS,1;8;40;41;46;54;55;58,designed; implementation evidence pending
REQ-03-013,architecture,architecture governance,CTRL-ARCH,design contracts; no runtime table,DesignReview,T-DESIGN,AUTHZ;TENANT;PURPOSE;AUDIT;SUPPLY-CHAIN;BOUNDARY-TESTS,1;8;40;41;46;54;55;58,designed; implementation evidence pending
REQ-03-014,architecture,architecture governance,CTRL-ARCH,design contracts; no runtime table,DesignReview,T-DESIGN,AUTHZ;TENANT;PURPOSE;AUDIT;SUPPLY-CHAIN;BOUNDARY-TESTS,1;8;40;41;46;54;55;58,designed; implementation evidence pending
REQ-03-015,architecture,architecture governance,CTRL-ARCH,design contracts; no runtime table,DesignReview,T-DESIGN,AUTHZ;TENANT;PURPOSE;AUDIT;SUPPLY-CHAIN;BOUNDARY-TESTS,1;8;40;41;46;54;55;58,designed; implementation evidence pending
REQ-03-016,architecture,architecture governance,CTRL-ARCH,design contracts; no runtime table,DesignReview,T-DESIGN,AUTHZ;TENANT;PURPOSE;AUDIT;SUPPLY-CHAIN;BOUNDARY-TESTS,1;8;40;41;46;54;55;58,designed; implementation evidence pending
REQ-03-017,architecture,architecture governance,CTRL-ARCH,design contracts; no runtime table,DesignReview,T-DESIGN,AUTHZ;TENANT;PURPOSE;AUDIT;SUPPLY-CHAIN;BOUNDARY-TESTS,1;8;40;41;46;54;55;58,designed; implementation evidence pending
REQ-03-018,architecture,architecture governance,CTRL-ARCH,design contracts; no runtime table,DesignReview,T-DESIGN,AUTHZ;TENANT;PURPOSE;AUDIT;SUPPLY-CHAIN;BOUNDARY-TESTS,1;8;40;41;46;54;55;58,designed; implementation evidence pending
REQ-03-019,architecture,architecture governance,CTRL-ARCH,design contracts; no runtime table,DesignReview,T-DESIGN,AUTHZ;TENANT;PURPOSE;AUDIT;SUPPLY-CHAIN;BOUNDARY-TESTS,1;8;40;41;46;54;55;58,designed; implementation evidence pending
REQ-03-020,architecture,architecture governance,CTRL-ARCH,design contracts; no runtime table,DesignReview,T-DESIGN,AUTHZ;TENANT;PURPOSE;AUDIT;SUPPLY-CHAIN;BOUNDARY-TESTS,1;8;40;41;46;54;55;58,designed; implementation evidence pending
REQ-03-021,architecture,architecture governance,CTRL-ARCH,design contracts; no runtime table,DesignReview,T-DESIGN,AUTHZ;TENANT;PURPOSE;AUDIT;SUPPLY-CHAIN;BOUNDARY-TESTS,1;8;40;41;46;54;55;58,designed; implementation evidence pending
REQ-03-022,architecture,architecture governance,CTRL-ARCH,design contracts; no runtime table,DesignReview,T-DESIGN,AUTHZ;TENANT;PURPOSE;AUDIT;SUPPLY-CHAIN;BOUNDARY-TESTS,1;8;40;41;46;54;55;58,designed; implementation evidence pending
REQ-03-023,architecture,architecture governance,CTRL-ARCH,design contracts; no runtime table,DesignReview,T-DESIGN,AUTHZ;TENANT;PURPOSE;AUDIT;SUPPLY-CHAIN;BOUNDARY-TESTS,1;8;40;41;46;54;55;58,designed; implementation evidence pending
REQ-03-024,architecture,architecture governance,CTRL-ARCH,design contracts; no runtime table,DesignReview,T-DESIGN,AUTHZ;TENANT;PURPOSE;AUDIT;SUPPLY-CHAIN;BOUNDARY-TESTS,1;8;40;41;46;54;55;58,designed; implementation evidence pending
REQ-03-025,architecture,architecture governance,CTRL-ARCH,design contracts; no runtime table,DesignReview,T-DESIGN,AUTHZ;TENANT;PURPOSE;AUDIT;SUPPLY-CHAIN;BOUNDARY-TESTS,1;8;40;41;46;54;55;58,designed; implementation evidence pending
REQ-03-026,architecture,architecture governance,CTRL-ARCH,design contracts; no runtime table,DesignReview,T-DESIGN,AUTHZ;TENANT;PURPOSE;AUDIT;SUPPLY-CHAIN;BOUNDARY-TESTS,1;8;40;41;46;54;55;58,designed; implementation evidence pending
REQ-03-027,architecture,architecture governance,CTRL-ARCH,design contracts; no runtime table,DesignReview,T-DESIGN,AUTHZ;TENANT;PURPOSE;AUDIT;SUPPLY-CHAIN;BOUNDARY-TESTS,1;8;40;41;46;54;55;58,designed; implementation evidence pending
REQ-03-028,architecture,architecture governance,CTRL-ARCH,design contracts; no runtime table,DesignReview,T-DESIGN,AUTHZ;TENANT;PURPOSE;AUDIT;SUPPLY-CHAIN;BOUNDARY-TESTS,1;8;40;41;46;54;55;58,designed; implementation evidence pending
REQ-03-029,architecture,architecture governance,CTRL-ARCH,design contracts; no runtime table,DesignReview,T-DESIGN,AUTHZ;TENANT;PURPOSE;AUDIT;SUPPLY-CHAIN;BOUNDARY-TESTS,1;8;40;41;46;54;55;58,designed; implementation evidence pending
REQ-03-030,architecture,architecture governance,CTRL-ARCH,design contracts; no runtime table,DesignReview,T-DESIGN,AUTHZ;TENANT;PURPOSE;AUDIT;SUPPLY-CHAIN;BOUNDARY-TESTS,1;8;40;41;46;54;55;58,designed; implementation evidence pending
REQ-03-031,architecture,architecture governance,CTRL-ARCH,design contracts; no runtime table,DesignReview,T-DESIGN,AUTHZ;TENANT;PURPOSE;AUDIT;SUPPLY-CHAIN;BOUNDARY-TESTS,1;8;40;41;46;54;55;58,designed; implementation evidence pending
REQ-03-032,architecture,architecture governance,CTRL-ARCH,design contracts; no runtime table,DesignReview,T-DESIGN,AUTHZ;TENANT;PURPOSE;AUDIT;SUPPLY-CHAIN;BOUNDARY-TESTS,1;8;40;41;46;54;55;58,designed; implementation evidence pending
REQ-03-033,architecture,architecture governance,CTRL-ARCH,design contracts; no runtime table,DesignReview,T-DESIGN,AUTHZ;TENANT;PURPOSE;AUDIT;SUPPLY-CHAIN;BOUNDARY-TESTS,1;8;40;41;46;54;55;58,designed; implementation evidence pending
REQ-03-034,architecture,architecture governance,CTRL-ARCH,design contracts; no runtime table,DesignReview,T-DESIGN,AUTHZ;TENANT;PURPOSE;AUDIT;SUPPLY-CHAIN;BOUNDARY-TESTS,1;8;40;41;46;54;55;58,designed; implementation evidence pending
REQ-03-035,architecture,architecture governance,CTRL-ARCH,design contracts; no runtime table,DesignReview,T-DESIGN,AUTHZ;TENANT;PURPOSE;AUDIT;SUPPLY-CHAIN;BOUNDARY-TESTS,1;8;40;41;46;54;55;58,designed; implementation evidence pending
REQ-03-036,architecture,architecture governance,CTRL-ARCH,design contracts; no runtime table,DesignReview,T-DESIGN,AUTHZ;TENANT;PURPOSE;AUDIT;SUPPLY-CHAIN;BOUNDARY-TESTS,1;8;40;41;46;54;55;58,designed; implementation evidence pending
REQ-03-037,architecture,architecture governance,CTRL-ARCH,design contracts; no runtime table,DesignReview,T-DESIGN,AUTHZ;TENANT;PURPOSE;AUDIT;SUPPLY-CHAIN;BOUNDARY-TESTS,1;8;40;41;46;54;55;58,designed; implementation evidence pending
REQ-03-038,architecture,architecture governance,CTRL-ARCH,design contracts; no runtime table,DesignReview,T-DESIGN,AUTHZ;TENANT;PURPOSE;AUDIT;SUPPLY-CHAIN;BOUNDARY-TESTS,1;8;40;41;46;54;55;58,designed; implementation evidence pending
REQ-04-001,frontend,four Next applications,CTRL-FRONTEND,no authoritative domain tables,RoleJourney,T-A11Y,AUTHZ;TENANT;PURPOSE;AUDIT;SUPPLY-CHAIN;BOUNDARY-TESTS,32;33;34,designed; implementation evidence pending
REQ-04-002,frontend,four Next applications,CTRL-FRONTEND,no authoritative domain tables,RoleJourney,T-A11Y,AUTHZ;TENANT;PURPOSE;AUDIT;SUPPLY-CHAIN;BOUNDARY-TESTS,32;33;34,designed; implementation evidence pending
REQ-04-003,frontend,four Next applications,CTRL-FRONTEND,no authoritative domain tables,RoleJourney,T-A11Y,AUTHZ;TENANT;PURPOSE;AUDIT;SUPPLY-CHAIN;BOUNDARY-TESTS,32;33;34,designed; implementation evidence pending
REQ-04-004,frontend,four Next applications,CTRL-FRONTEND,no authoritative domain tables,RoleJourney,T-A11Y,AUTHZ;TENANT;PURPOSE;AUDIT;SUPPLY-CHAIN;BOUNDARY-TESTS,32;33;34,designed; implementation evidence pending
REQ-04-005,frontend,four Next applications,CTRL-FRONTEND,no authoritative domain tables,RoleJourney,T-A11Y,AUTHZ;TENANT;PURPOSE;AUDIT;SUPPLY-CHAIN;BOUNDARY-TESTS,32;33;34,designed; implementation evidence pending
REQ-04-006,frontend,four Next applications,CTRL-FRONTEND,no authoritative domain tables,RoleJourney,T-A11Y,AUTHZ;TENANT;PURPOSE;AUDIT;SUPPLY-CHAIN;BOUNDARY-TESTS,32;33;34,designed; implementation evidence pending
REQ-04-007,frontend,four Next applications,CTRL-FRONTEND,no authoritative domain tables,RoleJourney,T-A11Y,AUTHZ;TENANT;PURPOSE;AUDIT;SUPPLY-CHAIN;BOUNDARY-TESTS,32;33;34,designed; implementation evidence pending
REQ-04-008,frontend,four Next applications,CTRL-FRONTEND,no authoritative domain tables,RoleJourney,T-A11Y,AUTHZ;TENANT;PURPOSE;AUDIT;SUPPLY-CHAIN;BOUNDARY-TESTS,32;33;34,designed; implementation evidence pending
REQ-04-009,frontend,four Next applications,CTRL-FRONTEND,no authoritative domain tables,RoleJourney,T-A11Y,AUTHZ;TENANT;PURPOSE;AUDIT;SUPPLY-CHAIN;BOUNDARY-TESTS,32;33;34,designed; implementation evidence pending
REQ-04-010,frontend,four Next applications,CTRL-FRONTEND,no authoritative domain tables,RoleJourney,T-A11Y,AUTHZ;TENANT;PURPOSE;AUDIT;SUPPLY-CHAIN;BOUNDARY-TESTS,32;33;34,designed; implementation evidence pending
REQ-04-011,frontend,four Next applications,CTRL-FRONTEND,no authoritative domain tables,RoleJourney,T-A11Y,AUTHZ;TENANT;PURPOSE;AUDIT;SUPPLY-CHAIN;BOUNDARY-TESTS,32;33;34,designed; implementation evidence pending
REQ-04-012,frontend,four Next applications,CTRL-FRONTEND,no authoritative domain tables,RoleJourney,T-A11Y,AUTHZ;TENANT;PURPOSE;AUDIT;SUPPLY-CHAIN;BOUNDARY-TESTS,32;33;34,designed; implementation evidence pending
REQ-04-013,frontend,four Next applications,CTRL-FRONTEND,no authoritative domain tables,RoleJourney,T-A11Y,AUTHZ;TENANT;PURPOSE;AUDIT;SUPPLY-CHAIN;BOUNDARY-TESTS,32;33;34,designed; implementation evidence pending
REQ-04-014,frontend,four Next applications,CTRL-FRONTEND,no authoritative domain tables,RoleJourney,T-A11Y,AUTHZ;TENANT;PURPOSE;AUDIT;SUPPLY-CHAIN;BOUNDARY-TESTS,32;33;34,designed; implementation evidence pending
REQ-04-015,frontend,four Next applications,CTRL-FRONTEND,no authoritative domain tables,RoleJourney,T-A11Y,AUTHZ;TENANT;PURPOSE;AUDIT;SUPPLY-CHAIN;BOUNDARY-TESTS,32;33;34,designed; implementation evidence pending
REQ-04-016,frontend,four Next applications,CTRL-FRONTEND,no authoritative domain tables,RoleJourney,T-A11Y,AUTHZ;TENANT;PURPOSE;AUDIT;SUPPLY-CHAIN;BOUNDARY-TESTS,32;33;34,designed; implementation evidence pending
REQ-04-017,frontend,four Next applications,CTRL-FRONTEND,no authoritative domain tables,RoleJourney,T-A11Y,AUTHZ;TENANT;PURPOSE;AUDIT;SUPPLY-CHAIN;BOUNDARY-TESTS,32;33;34,designed; implementation evidence pending
REQ-04-018,frontend,four Next applications,CTRL-FRONTEND,no authoritative domain tables,RoleJourney,T-A11Y,AUTHZ;TENANT;PURPOSE;AUDIT;SUPPLY-CHAIN;BOUNDARY-TESTS,32;33;34,designed; implementation evidence pending
REQ-04-019,frontend,four Next applications,CTRL-FRONTEND,no authoritative domain tables,RoleJourney,T-A11Y,AUTHZ;TENANT;PURPOSE;AUDIT;SUPPLY-CHAIN;BOUNDARY-TESTS,32;33;34,designed; implementation evidence pending
REQ-04-020,frontend,four Next applications,CTRL-FRONTEND,no authoritative domain tables,RoleJourney,T-A11Y,AUTHZ;TENANT;PURPOSE;AUDIT;SUPPLY-CHAIN;BOUNDARY-TESTS,32;33;34,designed; implementation evidence pending
REQ-04-021,frontend,four Next applications,CTRL-FRONTEND,no authoritative domain tables,RoleJourney,T-A11Y,AUTHZ;TENANT;PURPOSE;AUDIT;SUPPLY-CHAIN;BOUNDARY-TESTS,32;33;34,designed; implementation evidence pending
REQ-04-022,frontend,four Next applications,CTRL-FRONTEND,no authoritative domain tables,RoleJourney,T-A11Y,AUTHZ;TENANT;PURPOSE;AUDIT;SUPPLY-CHAIN;BOUNDARY-TESTS,32;33;34,designed; implementation evidence pending
REQ-04-023,frontend,four Next applications,CTRL-FRONTEND,no authoritative domain tables,RoleJourney,T-A11Y,AUTHZ;TENANT;PURPOSE;AUDIT;SUPPLY-CHAIN;BOUNDARY-TESTS,32;33;34,designed; implementation evidence pending
REQ-04-024,frontend,four Next applications,CTRL-FRONTEND,no authoritative domain tables,RoleJourney,T-A11Y,AUTHZ;TENANT;PURPOSE;AUDIT;SUPPLY-CHAIN;BOUNDARY-TESTS,32;33;34,designed; implementation evidence pending
REQ-04-025,frontend,four Next applications,CTRL-FRONTEND,no authoritative domain tables,RoleJourney,T-A11Y,AUTHZ;TENANT;PURPOSE;AUDIT;SUPPLY-CHAIN;BOUNDARY-TESTS,32;33;34,designed; implementation evidence pending
REQ-04-026,frontend,four Next applications,CTRL-FRONTEND,no authoritative domain tables,RoleJourney,T-A11Y,AUTHZ;TENANT;PURPOSE;AUDIT;SUPPLY-CHAIN;BOUNDARY-TESTS,32;33;34,designed; implementation evidence pending
REQ-04-027,frontend,four Next applications,CTRL-FRONTEND,no authoritative domain tables,RoleJourney,T-A11Y,AUTHZ;TENANT;PURPOSE;AUDIT;SUPPLY-CHAIN;BOUNDARY-TESTS,32;33;34,designed; implementation evidence pending
REQ-04-028,frontend,four Next applications,CTRL-FRONTEND,no authoritative domain tables,RoleJourney,T-A11Y,AUTHZ;TENANT;PURPOSE;AUDIT;SUPPLY-CHAIN;BOUNDARY-TESTS,32;33;34,designed; implementation evidence pending
REQ-04-029,frontend,four Next applications,CTRL-FRONTEND,no authoritative domain tables,RoleJourney,T-A11Y,AUTHZ;TENANT;PURPOSE;AUDIT;SUPPLY-CHAIN;BOUNDARY-TESTS,32;33;34,designed; implementation evidence pending
REQ-04-030,frontend,four Next applications,CTRL-FRONTEND,no authoritative domain tables,RoleJourney,T-A11Y,AUTHZ;TENANT;PURPOSE;AUDIT;SUPPLY-CHAIN;BOUNDARY-TESTS,32;33;34,designed; implementation evidence pending
REQ-05-001,tenant,tenant,API-TENANT,tenant,ResourceGrant,T-TENANT,AUTHZ;TENANT;PURPOSE;AUDIT,6;26;28,designed; implementation evidence pending
REQ-05-002,tenant,tenant,API-TENANT,tenant,ResourceGrant,T-TENANT,AUTHZ;TENANT;PURPOSE;AUDIT,6;26;28,designed; implementation evidence pending
REQ-05-003,tenant,tenant,API-TENANT,tenant,ResourceGrant,T-TENANT,AUTHZ;TENANT;PURPOSE;AUDIT,6;26;28,designed; implementation evidence pending
REQ-05-004,tenant,tenant,API-TENANT,tenant,ResourceGrant,T-TENANT,AUTHZ;TENANT;PURPOSE;AUDIT,6;26;28,designed; implementation evidence pending
REQ-05-005,tenant,tenant,API-TENANT,tenant,ResourceGrant,T-TENANT,AUTHZ;TENANT;PURPOSE;AUDIT,6;26;28,designed; implementation evidence pending
REQ-05-006,tenant,tenant,API-TENANT,tenant,ResourceGrant,T-TENANT,AUTHZ;TENANT;PURPOSE;AUDIT,6;26;28,designed; implementation evidence pending
REQ-05-007,tenant,tenant,API-TENANT,tenant,ResourceGrant,T-TENANT,AUTHZ;TENANT;PURPOSE;AUDIT,6;26;28,designed; implementation evidence pending
REQ-05-008,tenant,tenant,API-TENANT,tenant,ResourceGrant,T-TENANT,AUTHZ;TENANT;PURPOSE;AUDIT,6;26;28,designed; implementation evidence pending
REQ-05-009,tenant,tenant,API-TENANT,tenant,ResourceGrant,T-TENANT,AUTHZ;TENANT;PURPOSE;AUDIT,6;26;28,designed; implementation evidence pending
REQ-05-010,tenant,tenant,API-TENANT,tenant,ResourceGrant,T-TENANT,AUTHZ;TENANT;PURPOSE;AUDIT,6;26;28,designed; implementation evidence pending
REQ-05-011,tenant,tenant,API-TENANT,tenant,ResourceGrant,T-TENANT,AUTHZ;TENANT;PURPOSE;AUDIT,6;26;28,designed; implementation evidence pending
REQ-05-012,tenant,tenant,API-TENANT,tenant,ResourceGrant,T-TENANT,AUTHZ;TENANT;PURPOSE;AUDIT,6;26;28,designed; implementation evidence pending
REQ-05-013,tenant,tenant,API-TENANT,tenant,ResourceGrant,T-TENANT,AUTHZ;TENANT;PURPOSE;AUDIT,6;26;28,designed; implementation evidence pending
REQ-05-014,tenant,tenant,API-TENANT,tenant,ResourceGrant,T-TENANT,AUTHZ;TENANT;PURPOSE;AUDIT,6;26;28,designed; implementation evidence pending
REQ-05-015,tenant,tenant,API-TENANT,tenant,ResourceGrant,T-TENANT,AUTHZ;TENANT;PURPOSE;AUDIT,6;26;28,designed; implementation evidence pending
REQ-05-016,tenant,tenant,API-TENANT,tenant,ResourceGrant,T-TENANT,AUTHZ;TENANT;PURPOSE;AUDIT,6;26;28,designed; implementation evidence pending
REQ-05-017,tenant,tenant,API-TENANT,tenant,ResourceGrant,T-TENANT,AUTHZ;TENANT;PURPOSE;AUDIT,6;26;28,designed; implementation evidence pending
REQ-05-018,tenant,tenant,API-TENANT,tenant,ResourceGrant,T-TENANT,AUTHZ;TENANT;PURPOSE;AUDIT,6;26;28,designed; implementation evidence pending
REQ-05-019,tenant,tenant,API-TENANT,tenant,ResourceGrant,T-TENANT,AUTHZ;TENANT;PURPOSE;AUDIT,6;26;28,designed; implementation evidence pending
REQ-05-020,tenant,tenant,API-TENANT,tenant,ResourceGrant,T-TENANT,AUTHZ;TENANT;PURPOSE;AUDIT,6;26;28,designed; implementation evidence pending
REQ-05-021,tenant,tenant,API-TENANT,tenant,ResourceGrant,T-TENANT,AUTHZ;TENANT;PURPOSE;AUDIT,6;26;28,designed; implementation evidence pending
REQ-05-022,tenant,tenant,API-TENANT,tenant,ResourceGrant,T-TENANT,AUTHZ;TENANT;PURPOSE;AUDIT,6;26;28,designed; implementation evidence pending
REQ-05-023,tenant,tenant,API-TENANT,tenant,ResourceGrant,T-TENANT,AUTHZ;TENANT;PURPOSE;AUDIT,6;26;28,designed; implementation evidence pending
REQ-05-024,tenant,tenant,API-TENANT,tenant,ResourceGrant,T-TENANT,AUTHZ;TENANT;PURPOSE;AUDIT,6;26;28,designed; implementation evidence pending
REQ-05-025,tenant,tenant,API-TENANT,tenant,ResourceGrant,T-TENANT,AUTHZ;TENANT;PURPOSE;AUDIT,6;26;28,designed; implementation evidence pending
REQ-05-026,tenant,tenant,API-TENANT,tenant,ResourceGrant,T-TENANT,AUTHZ;TENANT;PURPOSE;AUDIT,6;26;28,designed; implementation evidence pending
REQ-05-027,tenant,tenant,API-TENANT,tenant,ResourceGrant,T-TENANT,AUTHZ;TENANT;PURPOSE;AUDIT,6;26;28,designed; implementation evidence pending
REQ-05-028,tenant,tenant,API-TENANT,tenant,ResourceGrant,T-TENANT,AUTHZ;TENANT;PURPOSE;AUDIT,6;26;28,designed; implementation evidence pending
REQ-05-029,tenant,tenant,API-TENANT,tenant,ResourceGrant,T-TENANT,AUTHZ;TENANT;PURPOSE;AUDIT,6;26;28,designed; implementation evidence pending
REQ-05-030,tenant,tenant,API-TENANT,tenant,ResourceGrant,T-TENANT,AUTHZ;TENANT;PURPOSE;AUDIT,6;26;28,designed; implementation evidence pending
REQ-05-031,tenant,tenant,API-TENANT,tenant,ResourceGrant,T-TENANT,AUTHZ;TENANT;PURPOSE;AUDIT,6;26;28,designed; implementation evidence pending
REQ-05-032,tenant,tenant,API-TENANT,tenant,ResourceGrant,T-TENANT,AUTHZ;TENANT;PURPOSE;AUDIT,6;26;28,designed; implementation evidence pending
REQ-05-033,tenant,tenant,API-TENANT,tenant,ResourceGrant,T-TENANT,AUTHZ;TENANT;PURPOSE;AUDIT,6;26;28,designed; implementation evidence pending
REQ-05-034,tenant,tenant,API-TENANT,tenant,ResourceGrant,T-TENANT,AUTHZ;TENANT;PURPOSE;AUDIT,6;26;28,designed; implementation evidence pending
REQ-05-035,tenant,tenant,API-TENANT,tenant,ResourceGrant,T-TENANT,AUTHZ;TENANT;PURPOSE;AUDIT,6;26;28,designed; implementation evidence pending
REQ-05-036,tenant,tenant,API-TENANT,tenant,ResourceGrant,T-TENANT,AUTHZ;TENANT;PURPOSE;AUDIT,6;26;28,designed; implementation evidence pending
REQ-05-037,tenant,tenant,API-TENANT,tenant,ResourceGrant,T-TENANT,AUTHZ;TENANT;PURPOSE;AUDIT,6;26;28,designed; implementation evidence pending
REQ-05-038,tenant,tenant,API-TENANT,tenant,ResourceGrant,T-TENANT,AUTHZ;TENANT;PURPOSE;AUDIT,6;26;28,designed; implementation evidence pending
REQ-06-001,party,party,API-PARTY,party,PartyStewardship,T-PARTY,AUTHZ;TENANT;PURPOSE;AUDIT,10;26;28,designed; implementation evidence pending
REQ-06-002,party,party,API-PARTY,party,PartyStewardship,T-PARTY,AUTHZ;TENANT;PURPOSE;AUDIT,10;26;28,designed; implementation evidence pending
REQ-06-003,party,party,API-PARTY,party,PartyStewardship,T-PARTY,AUTHZ;TENANT;PURPOSE;AUDIT,10;26;28,designed; implementation evidence pending
REQ-06-004,party,party,API-PARTY,party,PartyStewardship,T-PARTY,AUTHZ;TENANT;PURPOSE;AUDIT,10;26;28,designed; implementation evidence pending
REQ-06-005,party,party,API-PARTY,party,PartyStewardship,T-PARTY,AUTHZ;TENANT;PURPOSE;AUDIT,10;26;28,designed; implementation evidence pending
REQ-06-006,party,party,API-PARTY,party,PartyStewardship,T-PARTY,AUTHZ;TENANT;PURPOSE;AUDIT,10;26;28,designed; implementation evidence pending
REQ-06-007,party,party,API-PARTY,party,PartyStewardship,T-PARTY,AUTHZ;TENANT;PURPOSE;AUDIT,10;26;28,designed; implementation evidence pending
REQ-06-008,party,party,API-PARTY,party,PartyStewardship,T-PARTY,AUTHZ;TENANT;PURPOSE;AUDIT,10;26;28,designed; implementation evidence pending
REQ-06-009,party,party,API-PARTY,party,PartyStewardship,T-PARTY,AUTHZ;TENANT;PURPOSE;AUDIT,10;26;28,designed; implementation evidence pending
REQ-06-010,party,party,API-PARTY,party,PartyStewardship,T-PARTY,AUTHZ;TENANT;PURPOSE;AUDIT,10;26;28,designed; implementation evidence pending
REQ-06-011,party,party,API-PARTY,party,PartyStewardship,T-PARTY,AUTHZ;TENANT;PURPOSE;AUDIT,10;26;28,designed; implementation evidence pending
REQ-06-012,party,party,API-PARTY,party,PartyStewardship,T-PARTY,AUTHZ;TENANT;PURPOSE;AUDIT,10;26;28,designed; implementation evidence pending
REQ-06-013,party,party,API-PARTY,party,PartyStewardship,T-PARTY,AUTHZ;TENANT;PURPOSE;AUDIT,10;26;28,designed; implementation evidence pending
REQ-06-014,party,party,API-PARTY,party,PartyStewardship,T-PARTY,AUTHZ;TENANT;PURPOSE;AUDIT,10;26;28,designed; implementation evidence pending
REQ-06-015,party,party,API-PARTY,party,PartyStewardship,T-PARTY,AUTHZ;TENANT;PURPOSE;AUDIT,10;26;28,designed; implementation evidence pending
REQ-06-016,party,party,API-PARTY,party,PartyStewardship,T-PARTY,AUTHZ;TENANT;PURPOSE;AUDIT,10;26;28,designed; implementation evidence pending
REQ-06-017,party,party,API-PARTY,party,PartyStewardship,T-PARTY,AUTHZ;TENANT;PURPOSE;AUDIT,10;26;28,designed; implementation evidence pending
REQ-06-018,party,party,API-PARTY,party,PartyStewardship,T-PARTY,AUTHZ;TENANT;PURPOSE;AUDIT,10;26;28,designed; implementation evidence pending
REQ-06-019,party,party,API-PARTY,party,PartyStewardship,T-PARTY,AUTHZ;TENANT;PURPOSE;AUDIT,10;26;28,designed; implementation evidence pending
REQ-06-020,party,party,API-PARTY,party,PartyStewardship,T-PARTY,AUTHZ;TENANT;PURPOSE;AUDIT,10;26;28,designed; implementation evidence pending
REQ-06-021,party,party,API-PARTY,party,PartyStewardship,T-PARTY,AUTHZ;TENANT;PURPOSE;AUDIT,10;26;28,designed; implementation evidence pending
REQ-06-022,party,party,API-PARTY,party,PartyStewardship,T-PARTY,AUTHZ;TENANT;PURPOSE;AUDIT,10;26;28,designed; implementation evidence pending
REQ-07-001,identity,identity,API-IDENTITY,identity,IdentitySession,T-AUTHN,AUTHZ;TENANT;PURPOSE;AUDIT,6;26,designed; implementation evidence pending
REQ-07-002,identity,identity,API-IDENTITY,identity,IdentitySession,T-AUTHN,AUTHZ;TENANT;PURPOSE;AUDIT,6;26,designed; implementation evidence pending
REQ-07-003,identity,identity,API-IDENTITY,identity,IdentitySession,T-AUTHN,AUTHZ;TENANT;PURPOSE;AUDIT,6;26,designed; implementation evidence pending
REQ-07-004,identity,identity,API-IDENTITY,identity,IdentitySession,T-AUTHN,AUTHZ;TENANT;PURPOSE;AUDIT,6;26,designed; implementation evidence pending
REQ-07-005,identity,identity,API-IDENTITY,identity,IdentitySession,T-AUTHN,AUTHZ;TENANT;PURPOSE;AUDIT,6;26,designed; implementation evidence pending
REQ-07-006,identity,identity,API-IDENTITY,identity,IdentitySession,T-AUTHN,AUTHZ;TENANT;PURPOSE;AUDIT,6;26,designed; implementation evidence pending
REQ-07-007,identity,identity,API-IDENTITY,identity,IdentitySession,T-AUTHN,AUTHZ;TENANT;PURPOSE;AUDIT,6;26,designed; implementation evidence pending
REQ-07-008,identity,identity,API-IDENTITY,identity,IdentitySession,T-AUTHN,AUTHZ;TENANT;PURPOSE;AUDIT,6;26,designed; implementation evidence pending
REQ-07-009,identity,identity,API-IDENTITY,identity,IdentitySession,T-AUTHN,AUTHZ;TENANT;PURPOSE;AUDIT,6;26,designed; implementation evidence pending
REQ-07-010,identity,identity,API-IDENTITY,identity,IdentitySession,T-AUTHN,AUTHZ;TENANT;PURPOSE;AUDIT,6;26,designed; implementation evidence pending
REQ-07-011,identity,identity,API-IDENTITY,identity,IdentitySession,T-AUTHN,AUTHZ;TENANT;PURPOSE;AUDIT,6;26,designed; implementation evidence pending
REQ-07-012,identity,identity,API-IDENTITY,identity,IdentitySession,T-AUTHN,AUTHZ;TENANT;PURPOSE;AUDIT,6;26,designed; implementation evidence pending
REQ-07-013,identity,identity,API-IDENTITY,identity,IdentitySession,T-AUTHN,AUTHZ;TENANT;PURPOSE;AUDIT,6;26,designed; implementation evidence pending
REQ-07-014,identity,identity,API-IDENTITY,identity,IdentitySession,T-AUTHN,AUTHZ;TENANT;PURPOSE;AUDIT,6;26,designed; implementation evidence pending
REQ-07-015,identity,identity,API-IDENTITY,identity,IdentitySession,T-AUTHN,AUTHZ;TENANT;PURPOSE;AUDIT,6;26,designed; implementation evidence pending
REQ-07-016,identity,identity,API-IDENTITY,identity,IdentitySession,T-AUTHN,AUTHZ;TENANT;PURPOSE;AUDIT,6;26,designed; implementation evidence pending
REQ-07-017,identity,identity,API-IDENTITY,identity,IdentitySession,T-AUTHN,AUTHZ;TENANT;PURPOSE;AUDIT,6;26,designed; implementation evidence pending
REQ-07-018,identity,identity,API-IDENTITY,identity,IdentitySession,T-AUTHN,AUTHZ;TENANT;PURPOSE;AUDIT,6;26,designed; implementation evidence pending
REQ-07-019,identity,identity,API-IDENTITY,identity,IdentitySession,T-AUTHN,AUTHZ;TENANT;PURPOSE;AUDIT,6;26,designed; implementation evidence pending
REQ-08-001,security,authorization and security controls,CTRL-SECURITY,owned data policies; no generic security DB,ThreatReview,T-SECURITY,AUTHZ;TENANT;PURPOSE;AUDIT;SUPPLY-CHAIN;BOUNDARY-TESTS,6;26;51,designed; implementation evidence pending
REQ-08-002,security,authorization and security controls,CTRL-SECURITY,owned data policies; no generic security DB,ThreatReview,T-SECURITY,AUTHZ;TENANT;PURPOSE;AUDIT;SUPPLY-CHAIN;BOUNDARY-TESTS,6;26;51,designed; implementation evidence pending
REQ-08-003,security,authorization and security controls,CTRL-SECURITY,owned data policies; no generic security DB,ThreatReview,T-SECURITY,AUTHZ;TENANT;PURPOSE;AUDIT;SUPPLY-CHAIN;BOUNDARY-TESTS,6;26;51,designed; implementation evidence pending
REQ-08-004,security,authorization and security controls,CTRL-SECURITY,owned data policies; no generic security DB,ThreatReview,T-SECURITY,AUTHZ;TENANT;PURPOSE;AUDIT;SUPPLY-CHAIN;BOUNDARY-TESTS,6;26;51,designed; implementation evidence pending
REQ-08-005,security,authorization and security controls,CTRL-SECURITY,owned data policies; no generic security DB,ThreatReview,T-SECURITY,AUTHZ;TENANT;PURPOSE;AUDIT;SUPPLY-CHAIN;BOUNDARY-TESTS,6;26;51,designed; implementation evidence pending
REQ-08-006,security,authorization and security controls,CTRL-SECURITY,owned data policies; no generic security DB,ThreatReview,T-SECURITY,AUTHZ;TENANT;PURPOSE;AUDIT;SUPPLY-CHAIN;BOUNDARY-TESTS,6;26;51,designed; implementation evidence pending
REQ-08-007,security,authorization and security controls,CTRL-SECURITY,owned data policies; no generic security DB,ThreatReview,T-SECURITY,AUTHZ;TENANT;PURPOSE;AUDIT;SUPPLY-CHAIN;BOUNDARY-TESTS,6;26;51,designed; implementation evidence pending
REQ-08-008,security,authorization and security controls,CTRL-SECURITY,owned data policies; no generic security DB,ThreatReview,T-SECURITY,AUTHZ;TENANT;PURPOSE;AUDIT;SUPPLY-CHAIN;BOUNDARY-TESTS,6;26;51,designed; implementation evidence pending
REQ-08-009,security,authorization and security controls,CTRL-SECURITY,owned data policies; no generic security DB,ThreatReview,T-SECURITY,AUTHZ;TENANT;PURPOSE;AUDIT;SUPPLY-CHAIN;BOUNDARY-TESTS,6;26;51,designed; implementation evidence pending
REQ-08-010,security,authorization and security controls,CTRL-SECURITY,owned data policies; no generic security DB,ThreatReview,T-SECURITY,AUTHZ;TENANT;PURPOSE;AUDIT;SUPPLY-CHAIN;BOUNDARY-TESTS,6;26;51,designed; implementation evidence pending
REQ-08-011,security,authorization and security controls,CTRL-SECURITY,owned data policies; no generic security DB,ThreatReview,T-SECURITY,AUTHZ;TENANT;PURPOSE;AUDIT;SUPPLY-CHAIN;BOUNDARY-TESTS,6;26;51,designed; implementation evidence pending
REQ-08-012,security,authorization and security controls,CTRL-SECURITY,owned data policies; no generic security DB,ThreatReview,T-SECURITY,AUTHZ;TENANT;PURPOSE;AUDIT;SUPPLY-CHAIN;BOUNDARY-TESTS,6;26;51,designed; implementation evidence pending
REQ-08-013,security,authorization and security controls,CTRL-SECURITY,owned data policies; no generic security DB,ThreatReview,T-SECURITY,AUTHZ;TENANT;PURPOSE;AUDIT;SUPPLY-CHAIN;BOUNDARY-TESTS,6;26;51,designed; implementation evidence pending
REQ-08-014,security,authorization and security controls,CTRL-SECURITY,owned data policies; no generic security DB,ThreatReview,T-SECURITY,AUTHZ;TENANT;PURPOSE;AUDIT;SUPPLY-CHAIN;BOUNDARY-TESTS,6;26;51,designed; implementation evidence pending
REQ-08-015,security,authorization and security controls,CTRL-SECURITY,owned data policies; no generic security DB,ThreatReview,T-SECURITY,AUTHZ;TENANT;PURPOSE;AUDIT;SUPPLY-CHAIN;BOUNDARY-TESTS,6;26;51,designed; implementation evidence pending
REQ-08-016,security,authorization and security controls,CTRL-SECURITY,owned data policies; no generic security DB,ThreatReview,T-SECURITY,AUTHZ;TENANT;PURPOSE;AUDIT;SUPPLY-CHAIN;BOUNDARY-TESTS,6;26;51,designed; implementation evidence pending
REQ-08-017,security,authorization and security controls,CTRL-SECURITY,owned data policies; no generic security DB,ThreatReview,T-SECURITY,AUTHZ;TENANT;PURPOSE;AUDIT;SUPPLY-CHAIN;BOUNDARY-TESTS,6;26;51,designed; implementation evidence pending
REQ-08-018,security,authorization and security controls,CTRL-SECURITY,owned data policies; no generic security DB,ThreatReview,T-SECURITY,AUTHZ;TENANT;PURPOSE;AUDIT;SUPPLY-CHAIN;BOUNDARY-TESTS,6;26;51,designed; implementation evidence pending
REQ-08-019,security,authorization and security controls,CTRL-SECURITY,owned data policies; no generic security DB,ThreatReview,T-SECURITY,AUTHZ;TENANT;PURPOSE;AUDIT;SUPPLY-CHAIN;BOUNDARY-TESTS,6;26;51,designed; implementation evidence pending
REQ-08-020,security,authorization and security controls,CTRL-SECURITY,owned data policies; no generic security DB,ThreatReview,T-SECURITY,AUTHZ;TENANT;PURPOSE;AUDIT;SUPPLY-CHAIN;BOUNDARY-TESTS,6;26;51,designed; implementation evidence pending
REQ-08-021,security,authorization and security controls,CTRL-SECURITY,owned data policies; no generic security DB,ThreatReview,T-SECURITY,AUTHZ;TENANT;PURPOSE;AUDIT;SUPPLY-CHAIN;BOUNDARY-TESTS,6;26;51,designed; implementation evidence pending
REQ-08-022,security,authorization and security controls,CTRL-SECURITY,owned data policies; no generic security DB,ThreatReview,T-SECURITY,AUTHZ;TENANT;PURPOSE;AUDIT;SUPPLY-CHAIN;BOUNDARY-TESTS,6;26;51,designed; implementation evidence pending
REQ-08-023,security,authorization and security controls,CTRL-SECURITY,owned data policies; no generic security DB,ThreatReview,T-SECURITY,AUTHZ;TENANT;PURPOSE;AUDIT;SUPPLY-CHAIN;BOUNDARY-TESTS,6;26;51,designed; implementation evidence pending
REQ-08-024,security,authorization and security controls,CTRL-SECURITY,owned data policies; no generic security DB,ThreatReview,T-SECURITY,AUTHZ;TENANT;PURPOSE;AUDIT;SUPPLY-CHAIN;BOUNDARY-TESTS,6;26;51,designed; implementation evidence pending
REQ-08-025,security,authorization and security controls,CTRL-SECURITY,owned data policies; no generic security DB,ThreatReview,T-SECURITY,AUTHZ;TENANT;PURPOSE;AUDIT;SUPPLY-CHAIN;BOUNDARY-TESTS,6;26;51,designed; implementation evidence pending
REQ-08-026,security,authorization and security controls,CTRL-SECURITY,owned data policies; no generic security DB,ThreatReview,T-SECURITY,AUTHZ;TENANT;PURPOSE;AUDIT;SUPPLY-CHAIN;BOUNDARY-TESTS,6;26;51,designed; implementation evidence pending
REQ-08-027,security,authorization and security controls,CTRL-SECURITY,owned data policies; no generic security DB,ThreatReview,T-SECURITY,AUTHZ;TENANT;PURPOSE;AUDIT;SUPPLY-CHAIN;BOUNDARY-TESTS,6;26;51,designed; implementation evidence pending
REQ-08-028,security,authorization and security controls,CTRL-SECURITY,owned data policies; no generic security DB,ThreatReview,T-SECURITY,AUTHZ;TENANT;PURPOSE;AUDIT;SUPPLY-CHAIN;BOUNDARY-TESTS,6;26;51,designed; implementation evidence pending
REQ-08-029,security,authorization and security controls,CTRL-SECURITY,owned data policies; no generic security DB,ThreatReview,T-SECURITY,AUTHZ;TENANT;PURPOSE;AUDIT;SUPPLY-CHAIN;BOUNDARY-TESTS,6;26;51,designed; implementation evidence pending
REQ-08-030,security,authorization and security controls,CTRL-SECURITY,owned data policies; no generic security DB,ThreatReview,T-SECURITY,AUTHZ;TENANT;PURPOSE;AUDIT;SUPPLY-CHAIN;BOUNDARY-TESTS,6;26;51,designed; implementation evidence pending
REQ-08-031,security,authorization and security controls,CTRL-SECURITY,owned data policies; no generic security DB,ThreatReview,T-SECURITY,AUTHZ;TENANT;PURPOSE;AUDIT;SUPPLY-CHAIN;BOUNDARY-TESTS,6;26;51,designed; implementation evidence pending
REQ-08-032,security,authorization and security controls,CTRL-SECURITY,owned data policies; no generic security DB,ThreatReview,T-SECURITY,AUTHZ;TENANT;PURPOSE;AUDIT;SUPPLY-CHAIN;BOUNDARY-TESTS,6;26;51,designed; implementation evidence pending
REQ-09-001,product,product,API-PRODUCT,product,ProductPublication,T-PRODUCT,AUTHZ;TENANT;PURPOSE;AUDIT,12;28,designed; implementation evidence pending
REQ-09-002,product,product,API-PRODUCT,product,ProductPublication,T-PRODUCT,AUTHZ;TENANT;PURPOSE;AUDIT,12;28,designed; implementation evidence pending
REQ-09-003,product,product,API-PRODUCT,product,ProductPublication,T-PRODUCT,AUTHZ;TENANT;PURPOSE;AUDIT,12;28,designed; implementation evidence pending
REQ-09-004,product,product,API-PRODUCT,product,ProductPublication,T-PRODUCT,AUTHZ;TENANT;PURPOSE;AUDIT,12;28,designed; implementation evidence pending
REQ-09-005,product,product,API-PRODUCT,product,ProductPublication,T-PRODUCT,AUTHZ;TENANT;PURPOSE;AUDIT,12;28,designed; implementation evidence pending
REQ-09-006,product,product,API-PRODUCT,product,ProductPublication,T-PRODUCT,AUTHZ;TENANT;PURPOSE;AUDIT,12;28,designed; implementation evidence pending
REQ-09-007,product,product,API-PRODUCT,product,ProductPublication,T-PRODUCT,AUTHZ;TENANT;PURPOSE;AUDIT,12;28,designed; implementation evidence pending
REQ-09-008,product,product,API-PRODUCT,product,ProductPublication,T-PRODUCT,AUTHZ;TENANT;PURPOSE;AUDIT,12;28,designed; implementation evidence pending
REQ-09-009,product,product,API-PRODUCT,product,ProductPublication,T-PRODUCT,AUTHZ;TENANT;PURPOSE;AUDIT,12;28,designed; implementation evidence pending
REQ-09-010,product,product,API-PRODUCT,product,ProductPublication,T-PRODUCT,AUTHZ;TENANT;PURPOSE;AUDIT,12;28,designed; implementation evidence pending
REQ-09-011,product,product,API-PRODUCT,product,ProductPublication,T-PRODUCT,AUTHZ;TENANT;PURPOSE;AUDIT,12;28,designed; implementation evidence pending
REQ-09-012,product,product,API-PRODUCT,product,ProductPublication,T-PRODUCT,AUTHZ;TENANT;PURPOSE;AUDIT,12;28,designed; implementation evidence pending
REQ-09-013,product,product,API-PRODUCT,product,ProductPublication,T-PRODUCT,AUTHZ;TENANT;PURPOSE;AUDIT,12;28,designed; implementation evidence pending
REQ-09-014,product,product,API-PRODUCT,product,ProductPublication,T-PRODUCT,AUTHZ;TENANT;PURPOSE;AUDIT,12;28,designed; implementation evidence pending
REQ-09-015,product,product,API-PRODUCT,product,ProductPublication,T-PRODUCT,AUTHZ;TENANT;PURPOSE;AUDIT,12;28,designed; implementation evidence pending
REQ-09-016,product,product,API-PRODUCT,product,ProductPublication,T-PRODUCT,AUTHZ;TENANT;PURPOSE;AUDIT,12;28,designed; implementation evidence pending
REQ-09-017,product,product,API-PRODUCT,product,ProductPublication,T-PRODUCT,AUTHZ;TENANT;PURPOSE;AUDIT,12;28,designed; implementation evidence pending
REQ-09-018,product,product,API-PRODUCT,product,ProductPublication,T-PRODUCT,AUTHZ;TENANT;PURPOSE;AUDIT,12;28,designed; implementation evidence pending
REQ-09-019,product,product,API-PRODUCT,product,ProductPublication,T-PRODUCT,AUTHZ;TENANT;PURPOSE;AUDIT,12;28,designed; implementation evidence pending
REQ-09-020,product,product,API-PRODUCT,product,ProductPublication,T-PRODUCT,AUTHZ;TENANT;PURPOSE;AUDIT,12;28,designed; implementation evidence pending
REQ-09-021,product,product,API-PRODUCT,product,ProductPublication,T-PRODUCT,AUTHZ;TENANT;PURPOSE;AUDIT,12;28,designed; implementation evidence pending
REQ-09-022,product,product,API-PRODUCT,product,ProductPublication,T-PRODUCT,AUTHZ;TENANT;PURPOSE;AUDIT,12;28,designed; implementation evidence pending
REQ-09-023,product,product,API-PRODUCT,product,ProductPublication,T-PRODUCT,AUTHZ;TENANT;PURPOSE;AUDIT,12;28,designed; implementation evidence pending
REQ-09-024,product,product,API-PRODUCT,product,ProductPublication,T-PRODUCT,AUTHZ;TENANT;PURPOSE;AUDIT,12;28,designed; implementation evidence pending
REQ-09-025,product,product,API-PRODUCT,product,ProductPublication,T-PRODUCT,AUTHZ;TENANT;PURPOSE;AUDIT,12;28,designed; implementation evidence pending
REQ-09-026,product,product,API-PRODUCT,product,ProductPublication,T-PRODUCT,AUTHZ;TENANT;PURPOSE;AUDIT,12;28,designed; implementation evidence pending
REQ-09-027,product,product,API-PRODUCT,product,ProductPublication,T-PRODUCT,AUTHZ;TENANT;PURPOSE;AUDIT,12;28,designed; implementation evidence pending
REQ-09-028,product,product,API-PRODUCT,product,ProductPublication,T-PRODUCT,AUTHZ;TENANT;PURPOSE;AUDIT,12;28,designed; implementation evidence pending
REQ-09-029,product,product,API-PRODUCT,product,ProductPublication,T-PRODUCT,AUTHZ;TENANT;PURPOSE;AUDIT,12;28,designed; implementation evidence pending
REQ-09-030,product,product,API-PRODUCT,product,ProductPublication,T-PRODUCT,AUTHZ;TENANT;PURPOSE;AUDIT,12;28,designed; implementation evidence pending
REQ-09-031,product,product,API-PRODUCT,product,ProductPublication,T-PRODUCT,AUTHZ;TENANT;PURPOSE;AUDIT,12;28,designed; implementation evidence pending
REQ-09-032,product,product,API-PRODUCT,product,ProductPublication,T-PRODUCT,AUTHZ;TENANT;PURPOSE;AUDIT,12;28,designed; implementation evidence pending
REQ-09-033,product,product,API-PRODUCT,product,ProductPublication,T-PRODUCT,AUTHZ;TENANT;PURPOSE;AUDIT,12;28,designed; implementation evidence pending
REQ-09-034,product,product,API-PRODUCT,product,ProductPublication,T-PRODUCT,AUTHZ;TENANT;PURPOSE;AUDIT,12;28,designed; implementation evidence pending
REQ-09-035,product,product,API-PRODUCT,product,ProductPublication,T-PRODUCT,AUTHZ;TENANT;PURPOSE;AUDIT,12;28,designed; implementation evidence pending
REQ-09-036,product,product,API-PRODUCT,product,ProductPublication,T-PRODUCT,AUTHZ;TENANT;PURPOSE;AUDIT,12;28,designed; implementation evidence pending
REQ-09-037,product,product,API-PRODUCT,product,ProductPublication,T-PRODUCT,AUTHZ;TENANT;PURPOSE;AUDIT,12;28,designed; implementation evidence pending
REQ-09-038,product,product,API-PRODUCT,product,ProductPublication,T-PRODUCT,AUTHZ;TENANT;PURPOSE;AUDIT,12;28,designed; implementation evidence pending
REQ-09-039,product,product,API-PRODUCT,product,ProductPublication,T-PRODUCT,AUTHZ;TENANT;PURPOSE;AUDIT,12;28,designed; implementation evidence pending
REQ-09-040,product,product,API-PRODUCT,product,ProductPublication,T-PRODUCT,AUTHZ;TENANT;PURPOSE;AUDIT,12;28,designed; implementation evidence pending
REQ-09-041,product,product,API-PRODUCT,product,ProductPublication,T-PRODUCT,AUTHZ;TENANT;PURPOSE;AUDIT,12;28,designed; implementation evidence pending
REQ-09-042,product,product,API-PRODUCT,product,ProductPublication,T-PRODUCT,AUTHZ;TENANT;PURPOSE;AUDIT,12;28,designed; implementation evidence pending
REQ-09-043,product,product,API-PRODUCT,product,ProductPublication,T-PRODUCT,AUTHZ;TENANT;PURPOSE;AUDIT,12;28,designed; implementation evidence pending
REQ-09-044,product,product,API-PRODUCT,product,ProductPublication,T-PRODUCT,AUTHZ;TENANT;PURPOSE;AUDIT,12;28,designed; implementation evidence pending
REQ-09-045,product,product,API-PRODUCT,product,ProductPublication,T-PRODUCT,AUTHZ;TENANT;PURPOSE;AUDIT,12;28,designed; implementation evidence pending
REQ-09-046,product,product,API-PRODUCT,product,ProductPublication,T-PRODUCT,AUTHZ;TENANT;PURPOSE;AUDIT,12;28,designed; implementation evidence pending
REQ-09-047,product,product,API-PRODUCT,product,ProductPublication,T-PRODUCT,AUTHZ;TENANT;PURPOSE;AUDIT,12;28,designed; implementation evidence pending
REQ-09-048,product,product,API-PRODUCT,product,ProductPublication,T-PRODUCT,AUTHZ;TENANT;PURPOSE;AUDIT,12;28,designed; implementation evidence pending
REQ-09-049,product,product,API-PRODUCT,product,ProductPublication,T-PRODUCT,AUTHZ;TENANT;PURPOSE;AUDIT,12;28,designed; implementation evidence pending
REQ-09-050,product,product,API-PRODUCT,product,ProductPublication,T-PRODUCT,AUTHZ;TENANT;PURPOSE;AUDIT,12;28,designed; implementation evidence pending
REQ-09-051,product,product,API-PRODUCT,product,ProductPublication,T-PRODUCT,AUTHZ;TENANT;PURPOSE;AUDIT,12;28,designed; implementation evidence pending
REQ-09-052,product,product,API-PRODUCT,product,ProductPublication,T-PRODUCT,AUTHZ;TENANT;PURPOSE;AUDIT,12;28,designed; implementation evidence pending
REQ-09-053,product,product,API-PRODUCT,product,ProductPublication,T-PRODUCT,AUTHZ;TENANT;PURPOSE;AUDIT,12;28,designed; implementation evidence pending
REQ-09-054,product,product,API-PRODUCT,product,ProductPublication,T-PRODUCT,AUTHZ;TENANT;PURPOSE;AUDIT,12;28,designed; implementation evidence pending
REQ-09-055,product,product,API-PRODUCT,product,ProductPublication,T-PRODUCT,AUTHZ;TENANT;PURPOSE;AUDIT,12;28,designed; implementation evidence pending
REQ-09-056,product,product,API-PRODUCT,product,ProductPublication,T-PRODUCT,AUTHZ;TENANT;PURPOSE;AUDIT,12;28,designed; implementation evidence pending
REQ-09-057,product,product,API-PRODUCT,product,ProductPublication,T-PRODUCT,AUTHZ;TENANT;PURPOSE;AUDIT,12;28,designed; implementation evidence pending
REQ-09-058,product,product,API-PRODUCT,product,ProductPublication,T-PRODUCT,AUTHZ;TENANT;PURPOSE;AUDIT,12;28,designed; implementation evidence pending
REQ-09-059,product,product,API-PRODUCT,product,ProductPublication,T-PRODUCT,AUTHZ;TENANT;PURPOSE;AUDIT,12;28,designed; implementation evidence pending
REQ-09-060,product,product,API-PRODUCT,product,ProductPublication,T-PRODUCT,AUTHZ;TENANT;PURPOSE;AUDIT,12;28,designed; implementation evidence pending
REQ-09-061,product,product,API-PRODUCT,product,ProductPublication,T-PRODUCT,AUTHZ;TENANT;PURPOSE;AUDIT,12;28,designed; implementation evidence pending
REQ-09-062,product,product,API-PRODUCT,product,ProductPublication,T-PRODUCT,AUTHZ;TENANT;PURPOSE;AUDIT,12;28,designed; implementation evidence pending
REQ-09-063,product,product,API-PRODUCT,product,ProductPublication,T-PRODUCT,AUTHZ;TENANT;PURPOSE;AUDIT,12;28,designed; implementation evidence pending
REQ-09-064,product,product,API-PRODUCT,product,ProductPublication,T-PRODUCT,AUTHZ;TENANT;PURPOSE;AUDIT,12;28,designed; implementation evidence pending
REQ-09-065,product,product,API-PRODUCT,product,ProductPublication,T-PRODUCT,AUTHZ;TENANT;PURPOSE;AUDIT,12;28,designed; implementation evidence pending
REQ-09-066,product,product,API-PRODUCT,product,ProductPublication,T-PRODUCT,AUTHZ;TENANT;PURPOSE;AUDIT,12;28,designed; implementation evidence pending
REQ-09-067,product,product,API-PRODUCT,product,ProductPublication,T-PRODUCT,AUTHZ;TENANT;PURPOSE;AUDIT,12;28,designed; implementation evidence pending
REQ-09-068,product,product,API-PRODUCT,product,ProductPublication,T-PRODUCT,AUTHZ;TENANT;PURPOSE;AUDIT,12;28,designed; implementation evidence pending
REQ-09-069,product,product,API-PRODUCT,product,ProductPublication,T-PRODUCT,AUTHZ;TENANT;PURPOSE;AUDIT,12;28,designed; implementation evidence pending
REQ-09-070,product,product,API-PRODUCT,product,ProductPublication,T-PRODUCT,AUTHZ;TENANT;PURPOSE;AUDIT,12;28,designed; implementation evidence pending
REQ-09-071,product,product,API-PRODUCT,product,ProductPublication,T-PRODUCT,AUTHZ;TENANT;PURPOSE;AUDIT,12;28,designed; implementation evidence pending
REQ-09-072,product,product,API-PRODUCT,product,ProductPublication,T-PRODUCT,AUTHZ;TENANT;PURPOSE;AUDIT,12;28,designed; implementation evidence pending
REQ-09-073,product,product,API-PRODUCT,product,ProductPublication,T-PRODUCT,AUTHZ;TENANT;PURPOSE;AUDIT,12;28,designed; implementation evidence pending
REQ-09-074,product,product,API-PRODUCT,product,ProductPublication,T-PRODUCT,AUTHZ;TENANT;PURPOSE;AUDIT,12;28,designed; implementation evidence pending
REQ-09-075,product,product,API-PRODUCT,product,ProductPublication,T-PRODUCT,AUTHZ;TENANT;PURPOSE;AUDIT,12;28,designed; implementation evidence pending
REQ-09-076,product,product,API-PRODUCT,product,ProductPublication,T-PRODUCT,AUTHZ;TENANT;PURPOSE;AUDIT,12;28,designed; implementation evidence pending
REQ-09-077,product,product,API-PRODUCT,product,ProductPublication,T-PRODUCT,AUTHZ;TENANT;PURPOSE;AUDIT,12;28,designed; implementation evidence pending
REQ-09-078,product,product,API-PRODUCT,product,ProductPublication,T-PRODUCT,AUTHZ;TENANT;PURPOSE;AUDIT,12;28,designed; implementation evidence pending
REQ-09-079,product,product,API-PRODUCT,product,ProductPublication,T-PRODUCT,AUTHZ;TENANT;PURPOSE;AUDIT,12;28,designed; implementation evidence pending
REQ-09-080,product,product,API-PRODUCT,product,ProductPublication,T-PRODUCT,AUTHZ;TENANT;PURPOSE;AUDIT,12;28,designed; implementation evidence pending
REQ-09-081,product,product,API-PRODUCT,product,ProductPublication,T-PRODUCT,AUTHZ;TENANT;PURPOSE;AUDIT,12;28,designed; implementation evidence pending
REQ-09-082,product,product,API-PRODUCT,product,ProductPublication,T-PRODUCT,AUTHZ;TENANT;PURPOSE;AUDIT,12;28,designed; implementation evidence pending
REQ-09-083,product,product,API-PRODUCT,product,ProductPublication,T-PRODUCT,AUTHZ;TENANT;PURPOSE;AUDIT,12;28,designed; implementation evidence pending
REQ-09-084,product,product,API-PRODUCT,product,ProductPublication,T-PRODUCT,AUTHZ;TENANT;PURPOSE;AUDIT,12;28,designed; implementation evidence pending
REQ-09-085,product,product,API-PRODUCT,product,ProductPublication,T-PRODUCT,AUTHZ;TENANT;PURPOSE;AUDIT,12;28,designed; implementation evidence pending
REQ-09-086,product,product,API-PRODUCT,product,ProductPublication,T-PRODUCT,AUTHZ;TENANT;PURPOSE;AUDIT,12;28,designed; implementation evidence pending
REQ-09-087,product,product,API-PRODUCT,product,ProductPublication,T-PRODUCT,AUTHZ;TENANT;PURPOSE;AUDIT,12;28,designed; implementation evidence pending
REQ-09-088,product,product,API-PRODUCT,product,ProductPublication,T-PRODUCT,AUTHZ;TENANT;PURPOSE;AUDIT,12;28,designed; implementation evidence pending
REQ-10-001,product,product,API-PRODUCT,product,ProductPublication,T-PRODUCT,AUTHZ;TENANT;PURPOSE;AUDIT,12;28,designed; implementation evidence pending
REQ-10-002,product,product,API-PRODUCT,product,ProductPublication,T-PRODUCT,AUTHZ;TENANT;PURPOSE;AUDIT,12;28,designed; implementation evidence pending
REQ-10-003,product,product,API-PRODUCT,product,ProductPublication,T-PRODUCT,AUTHZ;TENANT;PURPOSE;AUDIT,12;28,designed; implementation evidence pending
REQ-10-004,product,product,API-PRODUCT,product,ProductPublication,T-PRODUCT,AUTHZ;TENANT;PURPOSE;AUDIT,12;28,designed; implementation evidence pending
REQ-10-005,product,product,API-PRODUCT,product,ProductPublication,T-PRODUCT,AUTHZ;TENANT;PURPOSE;AUDIT,12;28,designed; implementation evidence pending
REQ-10-006,product,product,API-PRODUCT,product,ProductPublication,T-PRODUCT,AUTHZ;TENANT;PURPOSE;AUDIT,12;28,designed; implementation evidence pending
REQ-10-007,product,product,API-PRODUCT,product,ProductPublication,T-PRODUCT,AUTHZ;TENANT;PURPOSE;AUDIT,12;28,designed; implementation evidence pending
REQ-10-008,product,product,API-PRODUCT,product,ProductPublication,T-PRODUCT,AUTHZ;TENANT;PURPOSE;AUDIT,12;28,designed; implementation evidence pending
REQ-10-009,product,product,API-PRODUCT,product,ProductPublication,T-PRODUCT,AUTHZ;TENANT;PURPOSE;AUDIT,12;28,designed; implementation evidence pending
REQ-10-010,product,product,API-PRODUCT,product,ProductPublication,T-PRODUCT,AUTHZ;TENANT;PURPOSE;AUDIT,12;28,designed; implementation evidence pending
REQ-10-011,product,product,API-PRODUCT,product,ProductPublication,T-PRODUCT,AUTHZ;TENANT;PURPOSE;AUDIT,12;28,designed; implementation evidence pending
REQ-11-001,pricing,pricing,API-PRICING,pricing,RatingCalculation,T-RATING,AUTHZ;TENANT;PURPOSE;AUDIT,13;18,designed; implementation evidence pending
REQ-11-002,pricing,pricing,API-PRICING,pricing,RatingCalculation,T-RATING,AUTHZ;TENANT;PURPOSE;AUDIT,13;18,designed; implementation evidence pending
REQ-11-003,pricing,pricing,API-PRICING,pricing,RatingCalculation,T-RATING,AUTHZ;TENANT;PURPOSE;AUDIT,13;18,designed; implementation evidence pending
REQ-11-004,pricing,pricing,API-PRICING,pricing,RatingCalculation,T-RATING,AUTHZ;TENANT;PURPOSE;AUDIT,13;18,designed; implementation evidence pending
REQ-11-005,pricing,pricing,API-PRICING,pricing,RatingCalculation,T-RATING,AUTHZ;TENANT;PURPOSE;AUDIT,13;18,designed; implementation evidence pending
REQ-11-006,pricing,pricing,API-PRICING,pricing,RatingCalculation,T-RATING,AUTHZ;TENANT;PURPOSE;AUDIT,13;18,designed; implementation evidence pending
REQ-11-007,pricing,pricing,API-PRICING,pricing,RatingCalculation,T-RATING,AUTHZ;TENANT;PURPOSE;AUDIT,13;18,designed; implementation evidence pending
REQ-11-008,pricing,pricing,API-PRICING,pricing,RatingCalculation,T-RATING,AUTHZ;TENANT;PURPOSE;AUDIT,13;18,designed; implementation evidence pending
REQ-11-009,pricing,pricing,API-PRICING,pricing,RatingCalculation,T-RATING,AUTHZ;TENANT;PURPOSE;AUDIT,13;18,designed; implementation evidence pending
REQ-11-010,pricing,pricing,API-PRICING,pricing,RatingCalculation,T-RATING,AUTHZ;TENANT;PURPOSE;AUDIT,13;18,designed; implementation evidence pending
REQ-11-011,pricing,pricing,API-PRICING,pricing,RatingCalculation,T-RATING,AUTHZ;TENANT;PURPOSE;AUDIT,13;18,designed; implementation evidence pending
REQ-11-012,pricing,pricing,API-PRICING,pricing,RatingCalculation,T-RATING,AUTHZ;TENANT;PURPOSE;AUDIT,13;18,designed; implementation evidence pending
REQ-11-013,pricing,pricing,API-PRICING,pricing,RatingCalculation,T-RATING,AUTHZ;TENANT;PURPOSE;AUDIT,13;18,designed; implementation evidence pending
REQ-11-014,pricing,pricing,API-PRICING,pricing,RatingCalculation,T-RATING,AUTHZ;TENANT;PURPOSE;AUDIT,13;18,designed; implementation evidence pending
REQ-11-015,pricing,pricing,API-PRICING,pricing,RatingCalculation,T-RATING,AUTHZ;TENANT;PURPOSE;AUDIT,13;18,designed; implementation evidence pending
REQ-11-016,pricing,pricing,API-PRICING,pricing,RatingCalculation,T-RATING,AUTHZ;TENANT;PURPOSE;AUDIT,13;18,designed; implementation evidence pending
REQ-11-017,pricing,pricing,API-PRICING,pricing,RatingCalculation,T-RATING,AUTHZ;TENANT;PURPOSE;AUDIT,13;18,designed; implementation evidence pending
REQ-11-018,pricing,pricing,API-PRICING,pricing,RatingCalculation,T-RATING,AUTHZ;TENANT;PURPOSE;AUDIT,13;18,designed; implementation evidence pending
REQ-11-019,pricing,pricing,API-PRICING,pricing,RatingCalculation,T-RATING,AUTHZ;TENANT;PURPOSE;AUDIT,13;18,designed; implementation evidence pending
REQ-11-020,pricing,pricing,API-PRICING,pricing,RatingCalculation,T-RATING,AUTHZ;TENANT;PURPOSE;AUDIT,13;18,designed; implementation evidence pending
REQ-11-021,pricing,pricing,API-PRICING,pricing,RatingCalculation,T-RATING,AUTHZ;TENANT;PURPOSE;AUDIT,13;18,designed; implementation evidence pending
REQ-11-022,pricing,pricing,API-PRICING,pricing,RatingCalculation,T-RATING,AUTHZ;TENANT;PURPOSE;AUDIT,13;18,designed; implementation evidence pending
REQ-11-023,pricing,pricing,API-PRICING,pricing,RatingCalculation,T-RATING,AUTHZ;TENANT;PURPOSE;AUDIT,13;18,designed; implementation evidence pending
REQ-11-024,pricing,pricing,API-PRICING,pricing,RatingCalculation,T-RATING,AUTHZ;TENANT;PURPOSE;AUDIT,13;18,designed; implementation evidence pending
REQ-11-025,pricing,pricing,API-PRICING,pricing,RatingCalculation,T-RATING,AUTHZ;TENANT;PURPOSE;AUDIT,13;18,designed; implementation evidence pending
REQ-11-026,pricing,pricing,API-PRICING,pricing,RatingCalculation,T-RATING,AUTHZ;TENANT;PURPOSE;AUDIT,13;18,designed; implementation evidence pending
REQ-11-027,pricing,pricing,API-PRICING,pricing,RatingCalculation,T-RATING,AUTHZ;TENANT;PURPOSE;AUDIT,13;18,designed; implementation evidence pending
REQ-11-028,pricing,pricing,API-PRICING,pricing,RatingCalculation,T-RATING,AUTHZ;TENANT;PURPOSE;AUDIT,13;18,designed; implementation evidence pending
REQ-11-029,pricing,pricing,API-PRICING,pricing,RatingCalculation,T-RATING,AUTHZ;TENANT;PURPOSE;AUDIT,13;18,designed; implementation evidence pending
REQ-11-030,pricing,pricing,API-PRICING,pricing,RatingCalculation,T-RATING,AUTHZ;TENANT;PURPOSE;AUDIT,13;18,designed; implementation evidence pending
REQ-12-001,underwriting,underwriting,API-UW,underwriting,UnderwritingCase,T-UW,AUTHZ;TENANT;PURPOSE;AUDIT,14;31;42,designed; implementation evidence pending
REQ-12-002,underwriting,underwriting,API-UW,underwriting,UnderwritingCase,T-UW,AUTHZ;TENANT;PURPOSE;AUDIT,14;31;42,designed; implementation evidence pending
REQ-12-003,underwriting,underwriting,API-UW,underwriting,UnderwritingCase,T-UW,AUTHZ;TENANT;PURPOSE;AUDIT,14;31;42,designed; implementation evidence pending
REQ-12-004,underwriting,underwriting,API-UW,underwriting,UnderwritingCase,T-UW,AUTHZ;TENANT;PURPOSE;AUDIT,14;31;42,designed; implementation evidence pending
REQ-12-005,underwriting,underwriting,API-UW,underwriting,UnderwritingCase,T-UW,AUTHZ;TENANT;PURPOSE;AUDIT,14;31;42,designed; implementation evidence pending
REQ-12-006,underwriting,underwriting,API-UW,underwriting,UnderwritingCase,T-UW,AUTHZ;TENANT;PURPOSE;AUDIT,14;31;42,designed; implementation evidence pending
REQ-12-007,underwriting,underwriting,API-UW,underwriting,UnderwritingCase,T-UW,AUTHZ;TENANT;PURPOSE;AUDIT,14;31;42,designed; implementation evidence pending
REQ-12-008,underwriting,underwriting,API-UW,underwriting,UnderwritingCase,T-UW,AUTHZ;TENANT;PURPOSE;AUDIT,14;31;42,designed; implementation evidence pending
REQ-12-009,underwriting,underwriting,API-UW,underwriting,UnderwritingCase,T-UW,AUTHZ;TENANT;PURPOSE;AUDIT,14;31;42,designed; implementation evidence pending
REQ-12-010,underwriting,underwriting,API-UW,underwriting,UnderwritingCase,T-UW,AUTHZ;TENANT;PURPOSE;AUDIT,14;31;42,designed; implementation evidence pending
REQ-12-011,underwriting,underwriting,API-UW,underwriting,UnderwritingCase,T-UW,AUTHZ;TENANT;PURPOSE;AUDIT,14;31;42,designed; implementation evidence pending
REQ-12-012,underwriting,underwriting,API-UW,underwriting,UnderwritingCase,T-UW,AUTHZ;TENANT;PURPOSE;AUDIT,14;31;42,designed; implementation evidence pending
REQ-12-013,underwriting,underwriting,API-UW,underwriting,UnderwritingCase,T-UW,AUTHZ;TENANT;PURPOSE;AUDIT,14;31;42,designed; implementation evidence pending
REQ-12-014,underwriting,underwriting,API-UW,underwriting,UnderwritingCase,T-UW,AUTHZ;TENANT;PURPOSE;AUDIT,14;31;42,designed; implementation evidence pending
REQ-12-015,underwriting,underwriting,API-UW,underwriting,UnderwritingCase,T-UW,AUTHZ;TENANT;PURPOSE;AUDIT,14;31;42,designed; implementation evidence pending
REQ-12-016,underwriting,underwriting,API-UW,underwriting,UnderwritingCase,T-UW,AUTHZ;TENANT;PURPOSE;AUDIT,14;31;42,designed; implementation evidence pending
REQ-12-017,underwriting,underwriting,API-UW,underwriting,UnderwritingCase,T-UW,AUTHZ;TENANT;PURPOSE;AUDIT,14;31;42,designed; implementation evidence pending
REQ-13-001,quote,quote,API-QUOTE,quote,QuoteToPolicy,T-QUOTE,AUTHZ;TENANT;PURPOSE;AUDIT;IDEMPOTENCY;CONCURRENCY;EVIDENCE,15;29;31;42,designed; implementation evidence pending
REQ-13-002,quote,quote,API-QUOTE,quote,QuoteToPolicy,T-QUOTE,AUTHZ;TENANT;PURPOSE;AUDIT;IDEMPOTENCY;CONCURRENCY;EVIDENCE,15;29;31;42,designed; implementation evidence pending
REQ-13-003,quote,quote,API-QUOTE,quote,QuoteToPolicy,T-QUOTE,AUTHZ;TENANT;PURPOSE;AUDIT;IDEMPOTENCY;CONCURRENCY;EVIDENCE,15;29;31;42,designed; implementation evidence pending
REQ-13-004,quote,quote,API-QUOTE,quote,QuoteToPolicy,T-QUOTE,AUTHZ;TENANT;PURPOSE;AUDIT;IDEMPOTENCY;CONCURRENCY;EVIDENCE,15;29;31;42,designed; implementation evidence pending
REQ-13-005,quote,quote,API-QUOTE,quote,QuoteToPolicy,T-QUOTE,AUTHZ;TENANT;PURPOSE;AUDIT;IDEMPOTENCY;CONCURRENCY;EVIDENCE,15;29;31;42,designed; implementation evidence pending
REQ-13-006,quote,quote,API-QUOTE,quote,QuoteToPolicy,T-QUOTE,AUTHZ;TENANT;PURPOSE;AUDIT;IDEMPOTENCY;CONCURRENCY;EVIDENCE,15;29;31;42,designed; implementation evidence pending
REQ-13-007,quote,quote,API-QUOTE,quote,QuoteToPolicy,T-QUOTE,AUTHZ;TENANT;PURPOSE;AUDIT;IDEMPOTENCY;CONCURRENCY;EVIDENCE,15;29;31;42,designed; implementation evidence pending
REQ-13-008,quote,quote,API-QUOTE,quote,QuoteToPolicy,T-QUOTE,AUTHZ;TENANT;PURPOSE;AUDIT;IDEMPOTENCY;CONCURRENCY;EVIDENCE,15;29;31;42,designed; implementation evidence pending
REQ-13-009,quote,quote,API-QUOTE,quote,QuoteToPolicy,T-QUOTE,AUTHZ;TENANT;PURPOSE;AUDIT;IDEMPOTENCY;CONCURRENCY;EVIDENCE,15;29;31;42,designed; implementation evidence pending
REQ-13-010,quote,quote,API-QUOTE,quote,QuoteToPolicy,T-QUOTE,AUTHZ;TENANT;PURPOSE;AUDIT;IDEMPOTENCY;CONCURRENCY;EVIDENCE,15;29;31;42,designed; implementation evidence pending
REQ-13-011,quote,quote,API-QUOTE,quote,QuoteToPolicy,T-QUOTE,AUTHZ;TENANT;PURPOSE;AUDIT;IDEMPOTENCY;CONCURRENCY;EVIDENCE,15;29;31;42,designed; implementation evidence pending
REQ-13-012,quote,quote,API-QUOTE,quote,QuoteToPolicy,T-QUOTE,AUTHZ;TENANT;PURPOSE;AUDIT;IDEMPOTENCY;CONCURRENCY;EVIDENCE,15;29;31;42,designed; implementation evidence pending
REQ-13-013,quote,quote,API-QUOTE,quote,QuoteToPolicy,T-QUOTE,AUTHZ;TENANT;PURPOSE;AUDIT;IDEMPOTENCY;CONCURRENCY;EVIDENCE,15;29;31;42,designed; implementation evidence pending
REQ-13-014,quote,quote,API-QUOTE,quote,QuoteToPolicy,T-QUOTE,AUTHZ;TENANT;PURPOSE;AUDIT;IDEMPOTENCY;CONCURRENCY;EVIDENCE,15;29;31;42,designed; implementation evidence pending
REQ-13-015,quote,quote,API-QUOTE,quote,QuoteToPolicy,T-QUOTE,AUTHZ;TENANT;PURPOSE;AUDIT;IDEMPOTENCY;CONCURRENCY;EVIDENCE,15;29;31;42,designed; implementation evidence pending
REQ-13-016,quote,quote,API-QUOTE,quote,QuoteToPolicy,T-QUOTE,AUTHZ;TENANT;PURPOSE;AUDIT;IDEMPOTENCY;CONCURRENCY;EVIDENCE,15;29;31;42,designed; implementation evidence pending
REQ-13-017,quote,quote,API-QUOTE,quote,QuoteToPolicy,T-QUOTE,AUTHZ;TENANT;PURPOSE;AUDIT;IDEMPOTENCY;CONCURRENCY;EVIDENCE,15;29;31;42,designed; implementation evidence pending
REQ-13-018,quote,quote,API-QUOTE,quote,QuoteToPolicy,T-QUOTE,AUTHZ;TENANT;PURPOSE;AUDIT;IDEMPOTENCY;CONCURRENCY;EVIDENCE,15;29;31;42,designed; implementation evidence pending
REQ-13-019,quote,quote,API-QUOTE,quote,QuoteToPolicy,T-QUOTE,AUTHZ;TENANT;PURPOSE;AUDIT;IDEMPOTENCY;CONCURRENCY;EVIDENCE,15;29;31;42,designed; implementation evidence pending
REQ-13-020,quote,quote,API-QUOTE,quote,QuoteToPolicy,T-QUOTE,AUTHZ;TENANT;PURPOSE;AUDIT;IDEMPOTENCY;CONCURRENCY;EVIDENCE,15;29;31;42,designed; implementation evidence pending
REQ-13-021,quote,quote,API-QUOTE,quote,QuoteToPolicy,T-QUOTE,AUTHZ;TENANT;PURPOSE;AUDIT;IDEMPOTENCY;CONCURRENCY;EVIDENCE,15;29;31;42,designed; implementation evidence pending
REQ-13-022,quote,quote,API-QUOTE,quote,QuoteToPolicy,T-QUOTE,AUTHZ;TENANT;PURPOSE;AUDIT;IDEMPOTENCY;CONCURRENCY;EVIDENCE,15;29;31;42,designed; implementation evidence pending
REQ-13-023,quote,quote,API-QUOTE,quote,QuoteToPolicy,T-QUOTE,AUTHZ;TENANT;PURPOSE;AUDIT;IDEMPOTENCY;CONCURRENCY;EVIDENCE,15;29;31;42,designed; implementation evidence pending
REQ-13-024,quote,quote,API-QUOTE,quote,QuoteToPolicy,T-QUOTE,AUTHZ;TENANT;PURPOSE;AUDIT;IDEMPOTENCY;CONCURRENCY;EVIDENCE,15;29;31;42,designed; implementation evidence pending
REQ-14-001,quote,quote,API-QUOTE,quote,QuoteToPolicy,T-QUOTE,AUTHZ;TENANT;PURPOSE;AUDIT;IDEMPOTENCY;CONCURRENCY;EVIDENCE,15;29;31;42,designed; implementation evidence pending
REQ-14-002,quote,quote,API-QUOTE,quote,QuoteToPolicy,T-QUOTE,AUTHZ;TENANT;PURPOSE;AUDIT;IDEMPOTENCY;CONCURRENCY;EVIDENCE,15;29;31;42,designed; implementation evidence pending
REQ-14-003,quote,quote,API-QUOTE,quote,QuoteToPolicy,T-QUOTE,AUTHZ;TENANT;PURPOSE;AUDIT;IDEMPOTENCY;CONCURRENCY;EVIDENCE,15;29;31;42,designed; implementation evidence pending
REQ-14-004,quote,quote,API-QUOTE,quote,QuoteToPolicy,T-QUOTE,AUTHZ;TENANT;PURPOSE;AUDIT;IDEMPOTENCY;CONCURRENCY;EVIDENCE,15;29;31;42,designed; implementation evidence pending
REQ-14-005,quote,quote,API-QUOTE,quote,QuoteToPolicy,T-QUOTE,AUTHZ;TENANT;PURPOSE;AUDIT;IDEMPOTENCY;CONCURRENCY;EVIDENCE,15;29;31;42,designed; implementation evidence pending
REQ-14-006,quote,quote,API-QUOTE,quote,QuoteToPolicy,T-QUOTE,AUTHZ;TENANT;PURPOSE;AUDIT;IDEMPOTENCY;CONCURRENCY;EVIDENCE,15;29;31;42,designed; implementation evidence pending
REQ-14-007,quote,quote,API-QUOTE,quote,QuoteToPolicy,T-QUOTE,AUTHZ;TENANT;PURPOSE;AUDIT;IDEMPOTENCY;CONCURRENCY;EVIDENCE,15;29;31;42,designed; implementation evidence pending
REQ-14-008,quote,quote,API-QUOTE,quote,QuoteToPolicy,T-QUOTE,AUTHZ;TENANT;PURPOSE;AUDIT;IDEMPOTENCY;CONCURRENCY;EVIDENCE,15;29;31;42,designed; implementation evidence pending
REQ-14-009,quote,quote,API-QUOTE,quote,QuoteToPolicy,T-QUOTE,AUTHZ;TENANT;PURPOSE;AUDIT;IDEMPOTENCY;CONCURRENCY;EVIDENCE,15;29;31;42,designed; implementation evidence pending
REQ-14-010,quote,quote,API-QUOTE,quote,QuoteToPolicy,T-QUOTE,AUTHZ;TENANT;PURPOSE;AUDIT;IDEMPOTENCY;CONCURRENCY;EVIDENCE,15;29;31;42,designed; implementation evidence pending
REQ-14-011,quote,quote,API-QUOTE,quote,QuoteToPolicy,T-QUOTE,AUTHZ;TENANT;PURPOSE;AUDIT;IDEMPOTENCY;CONCURRENCY;EVIDENCE,15;29;31;42,designed; implementation evidence pending
REQ-14-012,quote,quote,API-QUOTE,quote,QuoteToPolicy,T-QUOTE,AUTHZ;TENANT;PURPOSE;AUDIT;IDEMPOTENCY;CONCURRENCY;EVIDENCE,15;29;31;42,designed; implementation evidence pending
REQ-14-013,quote,quote,API-QUOTE,quote,QuoteToPolicy,T-QUOTE,AUTHZ;TENANT;PURPOSE;AUDIT;IDEMPOTENCY;CONCURRENCY;EVIDENCE,15;29;31;42,designed; implementation evidence pending
REQ-14-014,quote,quote,API-QUOTE,quote,QuoteToPolicy,T-QUOTE,AUTHZ;TENANT;PURPOSE;AUDIT;IDEMPOTENCY;CONCURRENCY;EVIDENCE,15;29;31;42,designed; implementation evidence pending
REQ-14-015,quote,quote,API-QUOTE,quote,QuoteToPolicy,T-QUOTE,AUTHZ;TENANT;PURPOSE;AUDIT;IDEMPOTENCY;CONCURRENCY;EVIDENCE,15;29;31;42,designed; implementation evidence pending
REQ-14-016,quote,quote,API-QUOTE,quote,QuoteToPolicy,T-QUOTE,AUTHZ;TENANT;PURPOSE;AUDIT;IDEMPOTENCY;CONCURRENCY;EVIDENCE,15;29;31;42,designed; implementation evidence pending
REQ-14-017,quote,quote,API-QUOTE,quote,QuoteToPolicy,T-QUOTE,AUTHZ;TENANT;PURPOSE;AUDIT;IDEMPOTENCY;CONCURRENCY;EVIDENCE,15;29;31;42,designed; implementation evidence pending
REQ-14-018,quote,quote,API-QUOTE,quote,QuoteToPolicy,T-QUOTE,AUTHZ;TENANT;PURPOSE;AUDIT;IDEMPOTENCY;CONCURRENCY;EVIDENCE,15;29;31;42,designed; implementation evidence pending
REQ-14-019,quote,quote,API-QUOTE,quote,QuoteToPolicy,T-QUOTE,AUTHZ;TENANT;PURPOSE;AUDIT;IDEMPOTENCY;CONCURRENCY;EVIDENCE,15;29;31;42,designed; implementation evidence pending
REQ-14-020,quote,quote,API-QUOTE,quote,QuoteToPolicy,T-QUOTE,AUTHZ;TENANT;PURPOSE;AUDIT;IDEMPOTENCY;CONCURRENCY;EVIDENCE,15;29;31;42,designed; implementation evidence pending
REQ-14-021,quote,quote,API-QUOTE,quote,QuoteToPolicy,T-QUOTE,AUTHZ;TENANT;PURPOSE;AUDIT;IDEMPOTENCY;CONCURRENCY;EVIDENCE,15;29;31;42,designed; implementation evidence pending
REQ-14-022,quote,quote,API-QUOTE,quote,QuoteToPolicy,T-QUOTE,AUTHZ;TENANT;PURPOSE;AUDIT;IDEMPOTENCY;CONCURRENCY;EVIDENCE,15;29;31;42,designed; implementation evidence pending
REQ-15-001,policy,policy,API-POLICY,policy,PolicyLifecycle,T-HISTORY,AUTHZ;TENANT;PURPOSE;AUDIT;IDEMPOTENCY;CONCURRENCY;EVIDENCE,16;31;42,designed; implementation evidence pending
REQ-15-002,policy,policy,API-POLICY,policy,PolicyLifecycle,T-HISTORY,AUTHZ;TENANT;PURPOSE;AUDIT;IDEMPOTENCY;CONCURRENCY;EVIDENCE,16;31;42,designed; implementation evidence pending
REQ-15-003,policy,policy,API-POLICY,policy,PolicyLifecycle,T-HISTORY,AUTHZ;TENANT;PURPOSE;AUDIT;IDEMPOTENCY;CONCURRENCY;EVIDENCE,16;31;42,designed; implementation evidence pending
REQ-15-004,policy,policy,API-POLICY,policy,PolicyLifecycle,T-HISTORY,AUTHZ;TENANT;PURPOSE;AUDIT;IDEMPOTENCY;CONCURRENCY;EVIDENCE,16;31;42,designed; implementation evidence pending
REQ-15-005,policy,policy,API-POLICY,policy,PolicyLifecycle,T-HISTORY,AUTHZ;TENANT;PURPOSE;AUDIT;IDEMPOTENCY;CONCURRENCY;EVIDENCE,16;31;42,designed; implementation evidence pending
REQ-15-006,policy,policy,API-POLICY,policy,PolicyLifecycle,T-HISTORY,AUTHZ;TENANT;PURPOSE;AUDIT;IDEMPOTENCY;CONCURRENCY;EVIDENCE,16;31;42,designed; implementation evidence pending
REQ-15-007,policy,policy,API-POLICY,policy,PolicyLifecycle,T-HISTORY,AUTHZ;TENANT;PURPOSE;AUDIT;IDEMPOTENCY;CONCURRENCY;EVIDENCE,16;31;42,designed; implementation evidence pending
REQ-15-008,policy,policy,API-POLICY,policy,PolicyLifecycle,T-HISTORY,AUTHZ;TENANT;PURPOSE;AUDIT;IDEMPOTENCY;CONCURRENCY;EVIDENCE,16;31;42,designed; implementation evidence pending
REQ-15-009,policy,policy,API-POLICY,policy,PolicyLifecycle,T-HISTORY,AUTHZ;TENANT;PURPOSE;AUDIT;IDEMPOTENCY;CONCURRENCY;EVIDENCE,16;31;42,designed; implementation evidence pending
REQ-15-010,policy,policy,API-POLICY,policy,PolicyLifecycle,T-HISTORY,AUTHZ;TENANT;PURPOSE;AUDIT;IDEMPOTENCY;CONCURRENCY;EVIDENCE,16;31;42,designed; implementation evidence pending
REQ-15-011,policy,policy,API-POLICY,policy,PolicyLifecycle,T-HISTORY,AUTHZ;TENANT;PURPOSE;AUDIT;IDEMPOTENCY;CONCURRENCY;EVIDENCE,16;31;42,designed; implementation evidence pending
REQ-15-012,policy,policy,API-POLICY,policy,PolicyLifecycle,T-HISTORY,AUTHZ;TENANT;PURPOSE;AUDIT;IDEMPOTENCY;CONCURRENCY;EVIDENCE,16;31;42,designed; implementation evidence pending
REQ-15-013,policy,policy,API-POLICY,policy,PolicyLifecycle,T-HISTORY,AUTHZ;TENANT;PURPOSE;AUDIT;IDEMPOTENCY;CONCURRENCY;EVIDENCE,16;31;42,designed; implementation evidence pending
REQ-15-014,policy,policy,API-POLICY,policy,PolicyLifecycle,T-HISTORY,AUTHZ;TENANT;PURPOSE;AUDIT;IDEMPOTENCY;CONCURRENCY;EVIDENCE,16;31;42,designed; implementation evidence pending
REQ-15-015,policy,policy,API-POLICY,policy,PolicyLifecycle,T-HISTORY,AUTHZ;TENANT;PURPOSE;AUDIT;IDEMPOTENCY;CONCURRENCY;EVIDENCE,16;31;42,designed; implementation evidence pending
REQ-15-016,policy,policy,API-POLICY,policy,PolicyLifecycle,T-HISTORY,AUTHZ;TENANT;PURPOSE;AUDIT;IDEMPOTENCY;CONCURRENCY;EVIDENCE,16;31;42,designed; implementation evidence pending
REQ-15-017,policy,policy,API-POLICY,policy,PolicyLifecycle,T-HISTORY,AUTHZ;TENANT;PURPOSE;AUDIT;IDEMPOTENCY;CONCURRENCY;EVIDENCE,16;31;42,designed; implementation evidence pending
REQ-15-018,policy,policy,API-POLICY,policy,PolicyLifecycle,T-HISTORY,AUTHZ;TENANT;PURPOSE;AUDIT;IDEMPOTENCY;CONCURRENCY;EVIDENCE,16;31;42,designed; implementation evidence pending
REQ-15-019,policy,policy,API-POLICY,policy,PolicyLifecycle,T-HISTORY,AUTHZ;TENANT;PURPOSE;AUDIT;IDEMPOTENCY;CONCURRENCY;EVIDENCE,16;31;42,designed; implementation evidence pending
REQ-15-020,policy,policy,API-POLICY,policy,PolicyLifecycle,T-HISTORY,AUTHZ;TENANT;PURPOSE;AUDIT;IDEMPOTENCY;CONCURRENCY;EVIDENCE,16;31;42,designed; implementation evidence pending
REQ-15-021,policy,policy,API-POLICY,policy,PolicyLifecycle,T-HISTORY,AUTHZ;TENANT;PURPOSE;AUDIT;IDEMPOTENCY;CONCURRENCY;EVIDENCE,16;31;42,designed; implementation evidence pending
REQ-15-022,policy,policy,API-POLICY,policy,PolicyLifecycle,T-HISTORY,AUTHZ;TENANT;PURPOSE;AUDIT;IDEMPOTENCY;CONCURRENCY;EVIDENCE,16;31;42,designed; implementation evidence pending
REQ-15-023,policy,policy,API-POLICY,policy,PolicyLifecycle,T-HISTORY,AUTHZ;TENANT;PURPOSE;AUDIT;IDEMPOTENCY;CONCURRENCY;EVIDENCE,16;31;42,designed; implementation evidence pending
REQ-15-024,policy,policy,API-POLICY,policy,PolicyLifecycle,T-HISTORY,AUTHZ;TENANT;PURPOSE;AUDIT;IDEMPOTENCY;CONCURRENCY;EVIDENCE,16;31;42,designed; implementation evidence pending
REQ-15-025,policy,policy,API-POLICY,policy,PolicyLifecycle,T-HISTORY,AUTHZ;TENANT;PURPOSE;AUDIT;IDEMPOTENCY;CONCURRENCY;EVIDENCE,16;31;42,designed; implementation evidence pending
REQ-15-026,policy,policy,API-POLICY,policy,PolicyLifecycle,T-HISTORY,AUTHZ;TENANT;PURPOSE;AUDIT;IDEMPOTENCY;CONCURRENCY;EVIDENCE,16;31;42,designed; implementation evidence pending
REQ-15-027,policy,policy,API-POLICY,policy,PolicyLifecycle,T-HISTORY,AUTHZ;TENANT;PURPOSE;AUDIT;IDEMPOTENCY;CONCURRENCY;EVIDENCE,16;31;42,designed; implementation evidence pending
REQ-15-028,policy,policy,API-POLICY,policy,PolicyLifecycle,T-HISTORY,AUTHZ;TENANT;PURPOSE;AUDIT;IDEMPOTENCY;CONCURRENCY;EVIDENCE,16;31;42,designed; implementation evidence pending
REQ-15-029,policy,policy,API-POLICY,policy,PolicyLifecycle,T-HISTORY,AUTHZ;TENANT;PURPOSE;AUDIT;IDEMPOTENCY;CONCURRENCY;EVIDENCE,16;31;42,designed; implementation evidence pending
REQ-15-030,policy,policy,API-POLICY,policy,PolicyLifecycle,T-HISTORY,AUTHZ;TENANT;PURPOSE;AUDIT;IDEMPOTENCY;CONCURRENCY;EVIDENCE,16;31;42,designed; implementation evidence pending
REQ-15-031,policy,policy,API-POLICY,policy,PolicyLifecycle,T-HISTORY,AUTHZ;TENANT;PURPOSE;AUDIT;IDEMPOTENCY;CONCURRENCY;EVIDENCE,16;31;42,designed; implementation evidence pending
REQ-16-001,policy,policy,API-POLICY,policy,PolicyLifecycle,T-HISTORY,AUTHZ;TENANT;PURPOSE;AUDIT;IDEMPOTENCY;CONCURRENCY;EVIDENCE,16;31;42,designed; implementation evidence pending
REQ-16-002,policy,policy,API-POLICY,policy,PolicyLifecycle,T-HISTORY,AUTHZ;TENANT;PURPOSE;AUDIT;IDEMPOTENCY;CONCURRENCY;EVIDENCE,16;31;42,designed; implementation evidence pending
REQ-16-003,policy,policy,API-POLICY,policy,PolicyLifecycle,T-HISTORY,AUTHZ;TENANT;PURPOSE;AUDIT;IDEMPOTENCY;CONCURRENCY;EVIDENCE,16;31;42,designed; implementation evidence pending
REQ-16-004,policy,policy,API-POLICY,policy,PolicyLifecycle,T-HISTORY,AUTHZ;TENANT;PURPOSE;AUDIT;IDEMPOTENCY;CONCURRENCY;EVIDENCE,16;31;42,designed; implementation evidence pending
REQ-16-005,policy,policy,API-POLICY,policy,PolicyLifecycle,T-HISTORY,AUTHZ;TENANT;PURPOSE;AUDIT;IDEMPOTENCY;CONCURRENCY;EVIDENCE,16;31;42,designed; implementation evidence pending
REQ-16-006,policy,policy,API-POLICY,policy,PolicyLifecycle,T-HISTORY,AUTHZ;TENANT;PURPOSE;AUDIT;IDEMPOTENCY;CONCURRENCY;EVIDENCE,16;31;42,designed; implementation evidence pending
REQ-16-007,policy,policy,API-POLICY,policy,PolicyLifecycle,T-HISTORY,AUTHZ;TENANT;PURPOSE;AUDIT;IDEMPOTENCY;CONCURRENCY;EVIDENCE,16;31;42,designed; implementation evidence pending
REQ-16-008,policy,policy,API-POLICY,policy,PolicyLifecycle,T-HISTORY,AUTHZ;TENANT;PURPOSE;AUDIT;IDEMPOTENCY;CONCURRENCY;EVIDENCE,16;31;42,designed; implementation evidence pending
REQ-16-009,policy,policy,API-POLICY,policy,PolicyLifecycle,T-HISTORY,AUTHZ;TENANT;PURPOSE;AUDIT;IDEMPOTENCY;CONCURRENCY;EVIDENCE,16;31;42,designed; implementation evidence pending
REQ-16-010,policy,policy,API-POLICY,policy,PolicyLifecycle,T-HISTORY,AUTHZ;TENANT;PURPOSE;AUDIT;IDEMPOTENCY;CONCURRENCY;EVIDENCE,16;31;42,designed; implementation evidence pending
REQ-16-011,policy,policy,API-POLICY,policy,PolicyLifecycle,T-HISTORY,AUTHZ;TENANT;PURPOSE;AUDIT;IDEMPOTENCY;CONCURRENCY;EVIDENCE,16;31;42,designed; implementation evidence pending
REQ-16-012,policy,policy,API-POLICY,policy,PolicyLifecycle,T-HISTORY,AUTHZ;TENANT;PURPOSE;AUDIT;IDEMPOTENCY;CONCURRENCY;EVIDENCE,16;31;42,designed; implementation evidence pending
REQ-16-013,policy,policy,API-POLICY,policy,PolicyLifecycle,T-HISTORY,AUTHZ;TENANT;PURPOSE;AUDIT;IDEMPOTENCY;CONCURRENCY;EVIDENCE,16;31;42,designed; implementation evidence pending
REQ-17-001,policy,policy,API-POLICY,policy,PolicyLifecycle,T-HISTORY,AUTHZ;TENANT;PURPOSE;AUDIT;IDEMPOTENCY;CONCURRENCY;EVIDENCE,16;31;42,designed; implementation evidence pending
REQ-17-002,policy,policy,API-POLICY,policy,PolicyLifecycle,T-HISTORY,AUTHZ;TENANT;PURPOSE;AUDIT;IDEMPOTENCY;CONCURRENCY;EVIDENCE,16;31;42,designed; implementation evidence pending
REQ-17-003,policy,policy,API-POLICY,policy,PolicyLifecycle,T-HISTORY,AUTHZ;TENANT;PURPOSE;AUDIT;IDEMPOTENCY;CONCURRENCY;EVIDENCE,16;31;42,designed; implementation evidence pending
REQ-17-004,policy,policy,API-POLICY,policy,PolicyLifecycle,T-HISTORY,AUTHZ;TENANT;PURPOSE;AUDIT;IDEMPOTENCY;CONCURRENCY;EVIDENCE,16;31;42,designed; implementation evidence pending
REQ-17-005,policy,policy,API-POLICY,policy,PolicyLifecycle,T-HISTORY,AUTHZ;TENANT;PURPOSE;AUDIT;IDEMPOTENCY;CONCURRENCY;EVIDENCE,16;31;42,designed; implementation evidence pending
REQ-17-006,policy,policy,API-POLICY,policy,PolicyLifecycle,T-HISTORY,AUTHZ;TENANT;PURPOSE;AUDIT;IDEMPOTENCY;CONCURRENCY;EVIDENCE,16;31;42,designed; implementation evidence pending
REQ-17-007,policy,policy,API-POLICY,policy,PolicyLifecycle,T-HISTORY,AUTHZ;TENANT;PURPOSE;AUDIT;IDEMPOTENCY;CONCURRENCY;EVIDENCE,16;31;42,designed; implementation evidence pending
REQ-17-008,policy,policy,API-POLICY,policy,PolicyLifecycle,T-HISTORY,AUTHZ;TENANT;PURPOSE;AUDIT;IDEMPOTENCY;CONCURRENCY;EVIDENCE,16;31;42,designed; implementation evidence pending
REQ-17-009,policy,policy,API-POLICY,policy,PolicyLifecycle,T-HISTORY,AUTHZ;TENANT;PURPOSE;AUDIT;IDEMPOTENCY;CONCURRENCY;EVIDENCE,16;31;42,designed; implementation evidence pending
REQ-17-010,policy,policy,API-POLICY,policy,PolicyLifecycle,T-HISTORY,AUTHZ;TENANT;PURPOSE;AUDIT;IDEMPOTENCY;CONCURRENCY;EVIDENCE,16;31;42,designed; implementation evidence pending
REQ-17-011,policy,policy,API-POLICY,policy,PolicyLifecycle,T-HISTORY,AUTHZ;TENANT;PURPOSE;AUDIT;IDEMPOTENCY;CONCURRENCY;EVIDENCE,16;31;42,designed; implementation evidence pending
REQ-17-012,policy,policy,API-POLICY,policy,PolicyLifecycle,T-HISTORY,AUTHZ;TENANT;PURPOSE;AUDIT;IDEMPOTENCY;CONCURRENCY;EVIDENCE,16;31;42,designed; implementation evidence pending
REQ-17-013,policy,policy,API-POLICY,policy,PolicyLifecycle,T-HISTORY,AUTHZ;TENANT;PURPOSE;AUDIT;IDEMPOTENCY;CONCURRENCY;EVIDENCE,16;31;42,designed; implementation evidence pending
REQ-17-014,policy,policy,API-POLICY,policy,PolicyLifecycle,T-HISTORY,AUTHZ;TENANT;PURPOSE;AUDIT;IDEMPOTENCY;CONCURRENCY;EVIDENCE,16;31;42,designed; implementation evidence pending
REQ-18-001,claims,claims,API-CLAIM,claims,ClaimLifecycle,T-CLAIM,AUTHZ;TENANT;PURPOSE;AUDIT;IDEMPOTENCY;CONCURRENCY;EVIDENCE,17;31;42,designed; implementation evidence pending
REQ-18-002,claims,claims,API-CLAIM,claims,ClaimLifecycle,T-CLAIM,AUTHZ;TENANT;PURPOSE;AUDIT;IDEMPOTENCY;CONCURRENCY;EVIDENCE,17;31;42,designed; implementation evidence pending
REQ-18-003,claims,claims,API-CLAIM,claims,ClaimLifecycle,T-CLAIM,AUTHZ;TENANT;PURPOSE;AUDIT;IDEMPOTENCY;CONCURRENCY;EVIDENCE,17;31;42,designed; implementation evidence pending
REQ-18-004,claims,claims,API-CLAIM,claims,ClaimLifecycle,T-CLAIM,AUTHZ;TENANT;PURPOSE;AUDIT;IDEMPOTENCY;CONCURRENCY;EVIDENCE,17;31;42,designed; implementation evidence pending
REQ-18-005,claims,claims,API-CLAIM,claims,ClaimLifecycle,T-CLAIM,AUTHZ;TENANT;PURPOSE;AUDIT;IDEMPOTENCY;CONCURRENCY;EVIDENCE,17;31;42,designed; implementation evidence pending
REQ-18-006,claims,claims,API-CLAIM,claims,ClaimLifecycle,T-CLAIM,AUTHZ;TENANT;PURPOSE;AUDIT;IDEMPOTENCY;CONCURRENCY;EVIDENCE,17;31;42,designed; implementation evidence pending
REQ-18-007,claims,claims,API-CLAIM,claims,ClaimLifecycle,T-CLAIM,AUTHZ;TENANT;PURPOSE;AUDIT;IDEMPOTENCY;CONCURRENCY;EVIDENCE,17;31;42,designed; implementation evidence pending
REQ-18-008,claims,claims,API-CLAIM,claims,ClaimLifecycle,T-CLAIM,AUTHZ;TENANT;PURPOSE;AUDIT;IDEMPOTENCY;CONCURRENCY;EVIDENCE,17;31;42,designed; implementation evidence pending
REQ-18-009,claims,claims,API-CLAIM,claims,ClaimLifecycle,T-CLAIM,AUTHZ;TENANT;PURPOSE;AUDIT;IDEMPOTENCY;CONCURRENCY;EVIDENCE,17;31;42,designed; implementation evidence pending
REQ-18-010,claims,claims,API-CLAIM,claims,ClaimLifecycle,T-CLAIM,AUTHZ;TENANT;PURPOSE;AUDIT;IDEMPOTENCY;CONCURRENCY;EVIDENCE,17;31;42,designed; implementation evidence pending
REQ-18-011,claims,claims,API-CLAIM,claims,ClaimLifecycle,T-CLAIM,AUTHZ;TENANT;PURPOSE;AUDIT;IDEMPOTENCY;CONCURRENCY;EVIDENCE,17;31;42,designed; implementation evidence pending
REQ-18-012,claims,claims,API-CLAIM,claims,ClaimLifecycle,T-CLAIM,AUTHZ;TENANT;PURPOSE;AUDIT;IDEMPOTENCY;CONCURRENCY;EVIDENCE,17;31;42,designed; implementation evidence pending
REQ-18-013,claims,claims,API-CLAIM,claims,ClaimLifecycle,T-CLAIM,AUTHZ;TENANT;PURPOSE;AUDIT;IDEMPOTENCY;CONCURRENCY;EVIDENCE,17;31;42,designed; implementation evidence pending
REQ-18-014,claims,claims,API-CLAIM,claims,ClaimLifecycle,T-CLAIM,AUTHZ;TENANT;PURPOSE;AUDIT;IDEMPOTENCY;CONCURRENCY;EVIDENCE,17;31;42,designed; implementation evidence pending
REQ-18-015,claims,claims,API-CLAIM,claims,ClaimLifecycle,T-CLAIM,AUTHZ;TENANT;PURPOSE;AUDIT;IDEMPOTENCY;CONCURRENCY;EVIDENCE,17;31;42,designed; implementation evidence pending
REQ-18-016,claims,claims,API-CLAIM,claims,ClaimLifecycle,T-CLAIM,AUTHZ;TENANT;PURPOSE;AUDIT;IDEMPOTENCY;CONCURRENCY;EVIDENCE,17;31;42,designed; implementation evidence pending
REQ-18-017,claims,claims,API-CLAIM,claims,ClaimLifecycle,T-CLAIM,AUTHZ;TENANT;PURPOSE;AUDIT;IDEMPOTENCY;CONCURRENCY;EVIDENCE,17;31;42,designed; implementation evidence pending
REQ-18-018,claims,claims,API-CLAIM,claims,ClaimLifecycle,T-CLAIM,AUTHZ;TENANT;PURPOSE;AUDIT;IDEMPOTENCY;CONCURRENCY;EVIDENCE,17;31;42,designed; implementation evidence pending
REQ-18-019,claims,claims,API-CLAIM,claims,ClaimLifecycle,T-CLAIM,AUTHZ;TENANT;PURPOSE;AUDIT;IDEMPOTENCY;CONCURRENCY;EVIDENCE,17;31;42,designed; implementation evidence pending
REQ-18-020,claims,claims,API-CLAIM,claims,ClaimLifecycle,T-CLAIM,AUTHZ;TENANT;PURPOSE;AUDIT;IDEMPOTENCY;CONCURRENCY;EVIDENCE,17;31;42,designed; implementation evidence pending
REQ-18-021,claims,claims,API-CLAIM,claims,ClaimLifecycle,T-CLAIM,AUTHZ;TENANT;PURPOSE;AUDIT;IDEMPOTENCY;CONCURRENCY;EVIDENCE,17;31;42,designed; implementation evidence pending
REQ-18-022,claims,claims,API-CLAIM,claims,ClaimLifecycle,T-CLAIM,AUTHZ;TENANT;PURPOSE;AUDIT;IDEMPOTENCY;CONCURRENCY;EVIDENCE,17;31;42,designed; implementation evidence pending
REQ-18-023,claims,claims,API-CLAIM,claims,ClaimLifecycle,T-CLAIM,AUTHZ;TENANT;PURPOSE;AUDIT;IDEMPOTENCY;CONCURRENCY;EVIDENCE,17;31;42,designed; implementation evidence pending
REQ-18-024,claims,claims,API-CLAIM,claims,ClaimLifecycle,T-CLAIM,AUTHZ;TENANT;PURPOSE;AUDIT;IDEMPOTENCY;CONCURRENCY;EVIDENCE,17;31;42,designed; implementation evidence pending
REQ-18-025,claims,claims,API-CLAIM,claims,ClaimLifecycle,T-CLAIM,AUTHZ;TENANT;PURPOSE;AUDIT;IDEMPOTENCY;CONCURRENCY;EVIDENCE,17;31;42,designed; implementation evidence pending
REQ-18-026,claims,claims,API-CLAIM,claims,ClaimLifecycle,T-CLAIM,AUTHZ;TENANT;PURPOSE;AUDIT;IDEMPOTENCY;CONCURRENCY;EVIDENCE,17;31;42,designed; implementation evidence pending
REQ-18-027,claims,claims,API-CLAIM,claims,ClaimLifecycle,T-CLAIM,AUTHZ;TENANT;PURPOSE;AUDIT;IDEMPOTENCY;CONCURRENCY;EVIDENCE,17;31;42,designed; implementation evidence pending
REQ-18-028,claims,claims,API-CLAIM,claims,ClaimLifecycle,T-CLAIM,AUTHZ;TENANT;PURPOSE;AUDIT;IDEMPOTENCY;CONCURRENCY;EVIDENCE,17;31;42,designed; implementation evidence pending
REQ-18-029,claims,claims,API-CLAIM,claims,ClaimLifecycle,T-CLAIM,AUTHZ;TENANT;PURPOSE;AUDIT;IDEMPOTENCY;CONCURRENCY;EVIDENCE,17;31;42,designed; implementation evidence pending
REQ-18-030,claims,claims,API-CLAIM,claims,ClaimLifecycle,T-CLAIM,AUTHZ;TENANT;PURPOSE;AUDIT;IDEMPOTENCY;CONCURRENCY;EVIDENCE,17;31;42,designed; implementation evidence pending
REQ-18-031,claims,claims,API-CLAIM,claims,ClaimLifecycle,T-CLAIM,AUTHZ;TENANT;PURPOSE;AUDIT;IDEMPOTENCY;CONCURRENCY;EVIDENCE,17;31;42,designed; implementation evidence pending
REQ-19-001,claims,claims,API-CLAIM,claims,ClaimLifecycle,T-CLAIM,AUTHZ;TENANT;PURPOSE;AUDIT;IDEMPOTENCY;CONCURRENCY;EVIDENCE,17;31;42,designed; implementation evidence pending
REQ-19-002,claims,claims,API-CLAIM,claims,ClaimLifecycle,T-CLAIM,AUTHZ;TENANT;PURPOSE;AUDIT;IDEMPOTENCY;CONCURRENCY;EVIDENCE,17;31;42,designed; implementation evidence pending
REQ-19-003,claims,claims,API-CLAIM,claims,ClaimLifecycle,T-CLAIM,AUTHZ;TENANT;PURPOSE;AUDIT;IDEMPOTENCY;CONCURRENCY;EVIDENCE,17;31;42,designed; implementation evidence pending
REQ-19-004,claims,claims,API-CLAIM,claims,ClaimLifecycle,T-CLAIM,AUTHZ;TENANT;PURPOSE;AUDIT;IDEMPOTENCY;CONCURRENCY;EVIDENCE,17;31;42,designed; implementation evidence pending
REQ-19-005,claims,claims,API-CLAIM,claims,ClaimLifecycle,T-CLAIM,AUTHZ;TENANT;PURPOSE;AUDIT;IDEMPOTENCY;CONCURRENCY;EVIDENCE,17;31;42,designed; implementation evidence pending
REQ-19-006,claims,claims,API-CLAIM,claims,ClaimLifecycle,T-CLAIM,AUTHZ;TENANT;PURPOSE;AUDIT;IDEMPOTENCY;CONCURRENCY;EVIDENCE,17;31;42,designed; implementation evidence pending
REQ-19-007,claims,claims,API-CLAIM,claims,ClaimLifecycle,T-CLAIM,AUTHZ;TENANT;PURPOSE;AUDIT;IDEMPOTENCY;CONCURRENCY;EVIDENCE,17;31;42,designed; implementation evidence pending
REQ-19-008,claims,claims,API-CLAIM,claims,ClaimLifecycle,T-CLAIM,AUTHZ;TENANT;PURPOSE;AUDIT;IDEMPOTENCY;CONCURRENCY;EVIDENCE,17;31;42,designed; implementation evidence pending
REQ-19-009,claims,claims,API-CLAIM,claims,ClaimLifecycle,T-CLAIM,AUTHZ;TENANT;PURPOSE;AUDIT;IDEMPOTENCY;CONCURRENCY;EVIDENCE,17;31;42,designed; implementation evidence pending
REQ-19-010,claims,claims,API-CLAIM,claims,ClaimLifecycle,T-CLAIM,AUTHZ;TENANT;PURPOSE;AUDIT;IDEMPOTENCY;CONCURRENCY;EVIDENCE,17;31;42,designed; implementation evidence pending
REQ-19-011,claims,claims,API-CLAIM,claims,ClaimLifecycle,T-CLAIM,AUTHZ;TENANT;PURPOSE;AUDIT;IDEMPOTENCY;CONCURRENCY;EVIDENCE,17;31;42,designed; implementation evidence pending
REQ-19-012,claims,claims,API-CLAIM,claims,ClaimLifecycle,T-CLAIM,AUTHZ;TENANT;PURPOSE;AUDIT;IDEMPOTENCY;CONCURRENCY;EVIDENCE,17;31;42,designed; implementation evidence pending
REQ-19-013,claims,claims,API-CLAIM,claims,ClaimLifecycle,T-CLAIM,AUTHZ;TENANT;PURPOSE;AUDIT;IDEMPOTENCY;CONCURRENCY;EVIDENCE,17;31;42,designed; implementation evidence pending
REQ-19-014,claims,claims,API-CLAIM,claims,ClaimLifecycle,T-CLAIM,AUTHZ;TENANT;PURPOSE;AUDIT;IDEMPOTENCY;CONCURRENCY;EVIDENCE,17;31;42,designed; implementation evidence pending
REQ-19-015,claims,claims,API-CLAIM,claims,ClaimLifecycle,T-CLAIM,AUTHZ;TENANT;PURPOSE;AUDIT;IDEMPOTENCY;CONCURRENCY;EVIDENCE,17;31;42,designed; implementation evidence pending
REQ-19-016,claims,claims,API-CLAIM,claims,ClaimLifecycle,T-CLAIM,AUTHZ;TENANT;PURPOSE;AUDIT;IDEMPOTENCY;CONCURRENCY;EVIDENCE,17;31;42,designed; implementation evidence pending
REQ-20-001,providers,providers,API-PROVIDER,providers,AssistanceDispatch,T-ASSIST,AUTHZ;TENANT;PURPOSE;AUDIT,21;31;42,designed; implementation evidence pending
REQ-20-002,providers,providers,API-PROVIDER,providers,AssistanceDispatch,T-ASSIST,AUTHZ;TENANT;PURPOSE;AUDIT,21;31;42,designed; implementation evidence pending
REQ-20-003,providers,providers,API-PROVIDER,providers,AssistanceDispatch,T-ASSIST,AUTHZ;TENANT;PURPOSE;AUDIT,21;31;42,designed; implementation evidence pending
REQ-20-004,providers,providers,API-PROVIDER,providers,AssistanceDispatch,T-ASSIST,AUTHZ;TENANT;PURPOSE;AUDIT,21;31;42,designed; implementation evidence pending
REQ-20-005,providers,providers,API-PROVIDER,providers,AssistanceDispatch,T-ASSIST,AUTHZ;TENANT;PURPOSE;AUDIT,21;31;42,designed; implementation evidence pending
REQ-20-006,providers,providers,API-PROVIDER,providers,AssistanceDispatch,T-ASSIST,AUTHZ;TENANT;PURPOSE;AUDIT,21;31;42,designed; implementation evidence pending
REQ-20-007,providers,providers,API-PROVIDER,providers,AssistanceDispatch,T-ASSIST,AUTHZ;TENANT;PURPOSE;AUDIT,21;31;42,designed; implementation evidence pending
REQ-20-008,providers,providers,API-PROVIDER,providers,AssistanceDispatch,T-ASSIST,AUTHZ;TENANT;PURPOSE;AUDIT,21;31;42,designed; implementation evidence pending
REQ-20-009,providers,providers,API-PROVIDER,providers,AssistanceDispatch,T-ASSIST,AUTHZ;TENANT;PURPOSE;AUDIT,21;31;42,designed; implementation evidence pending
REQ-20-010,providers,providers,API-PROVIDER,providers,AssistanceDispatch,T-ASSIST,AUTHZ;TENANT;PURPOSE;AUDIT,21;31;42,designed; implementation evidence pending
REQ-20-011,providers,providers,API-PROVIDER,providers,AssistanceDispatch,T-ASSIST,AUTHZ;TENANT;PURPOSE;AUDIT,21;31;42,designed; implementation evidence pending
REQ-20-012,providers,providers,API-PROVIDER,providers,AssistanceDispatch,T-ASSIST,AUTHZ;TENANT;PURPOSE;AUDIT,21;31;42,designed; implementation evidence pending
REQ-20-013,providers,providers,API-PROVIDER,providers,AssistanceDispatch,T-ASSIST,AUTHZ;TENANT;PURPOSE;AUDIT,21;31;42,designed; implementation evidence pending
REQ-20-014,providers,providers,API-PROVIDER,providers,AssistanceDispatch,T-ASSIST,AUTHZ;TENANT;PURPOSE;AUDIT,21;31;42,designed; implementation evidence pending
REQ-20-015,providers,providers,API-PROVIDER,providers,AssistanceDispatch,T-ASSIST,AUTHZ;TENANT;PURPOSE;AUDIT,21;31;42,designed; implementation evidence pending
REQ-20-016,providers,providers,API-PROVIDER,providers,AssistanceDispatch,T-ASSIST,AUTHZ;TENANT;PURPOSE;AUDIT,21;31;42,designed; implementation evidence pending
REQ-20-017,providers,providers,API-PROVIDER,providers,AssistanceDispatch,T-ASSIST,AUTHZ;TENANT;PURPOSE;AUDIT,21;31;42,designed; implementation evidence pending
REQ-20-018,providers,providers,API-PROVIDER,providers,AssistanceDispatch,T-ASSIST,AUTHZ;TENANT;PURPOSE;AUDIT,21;31;42,designed; implementation evidence pending
REQ-20-019,providers,providers,API-PROVIDER,providers,AssistanceDispatch,T-ASSIST,AUTHZ;TENANT;PURPOSE;AUDIT,21;31;42,designed; implementation evidence pending
REQ-20-020,providers,providers,API-PROVIDER,providers,AssistanceDispatch,T-ASSIST,AUTHZ;TENANT;PURPOSE;AUDIT,21;31;42,designed; implementation evidence pending
REQ-20-021,providers,providers,API-PROVIDER,providers,AssistanceDispatch,T-ASSIST,AUTHZ;TENANT;PURPOSE;AUDIT,21;31;42,designed; implementation evidence pending
REQ-20-022,providers,providers,API-PROVIDER,providers,AssistanceDispatch,T-ASSIST,AUTHZ;TENANT;PURPOSE;AUDIT,21;31;42,designed; implementation evidence pending
REQ-20-023,providers,providers,API-PROVIDER,providers,AssistanceDispatch,T-ASSIST,AUTHZ;TENANT;PURPOSE;AUDIT,21;31;42,designed; implementation evidence pending
REQ-20-024,providers,providers,API-PROVIDER,providers,AssistanceDispatch,T-ASSIST,AUTHZ;TENANT;PURPOSE;AUDIT,21;31;42,designed; implementation evidence pending
REQ-21-001,providers,providers,API-PROVIDER,providers,AssistanceDispatch,T-ASSIST,AUTHZ;TENANT;PURPOSE;AUDIT,21;31;42,designed; implementation evidence pending
REQ-21-002,providers,providers,API-PROVIDER,providers,AssistanceDispatch,T-ASSIST,AUTHZ;TENANT;PURPOSE;AUDIT,21;31;42,designed; implementation evidence pending
REQ-21-003,providers,providers,API-PROVIDER,providers,AssistanceDispatch,T-ASSIST,AUTHZ;TENANT;PURPOSE;AUDIT,21;31;42,designed; implementation evidence pending
REQ-21-004,providers,providers,API-PROVIDER,providers,AssistanceDispatch,T-ASSIST,AUTHZ;TENANT;PURPOSE;AUDIT,21;31;42,designed; implementation evidence pending
REQ-21-005,providers,providers,API-PROVIDER,providers,AssistanceDispatch,T-ASSIST,AUTHZ;TENANT;PURPOSE;AUDIT,21;31;42,designed; implementation evidence pending
REQ-21-006,providers,providers,API-PROVIDER,providers,AssistanceDispatch,T-ASSIST,AUTHZ;TENANT;PURPOSE;AUDIT,21;31;42,designed; implementation evidence pending
REQ-21-007,providers,providers,API-PROVIDER,providers,AssistanceDispatch,T-ASSIST,AUTHZ;TENANT;PURPOSE;AUDIT,21;31;42,designed; implementation evidence pending
REQ-21-008,providers,providers,API-PROVIDER,providers,AssistanceDispatch,T-ASSIST,AUTHZ;TENANT;PURPOSE;AUDIT,21;31;42,designed; implementation evidence pending
REQ-21-009,providers,providers,API-PROVIDER,providers,AssistanceDispatch,T-ASSIST,AUTHZ;TENANT;PURPOSE;AUDIT,21;31;42,designed; implementation evidence pending
REQ-21-010,providers,providers,API-PROVIDER,providers,AssistanceDispatch,T-ASSIST,AUTHZ;TENANT;PURPOSE;AUDIT,21;31;42,designed; implementation evidence pending
REQ-21-011,providers,providers,API-PROVIDER,providers,AssistanceDispatch,T-ASSIST,AUTHZ;TENANT;PURPOSE;AUDIT,21;31;42,designed; implementation evidence pending
REQ-21-012,providers,providers,API-PROVIDER,providers,AssistanceDispatch,T-ASSIST,AUTHZ;TENANT;PURPOSE;AUDIT,21;31;42,designed; implementation evidence pending
REQ-21-013,providers,providers,API-PROVIDER,providers,AssistanceDispatch,T-ASSIST,AUTHZ;TENANT;PURPOSE;AUDIT,21;31;42,designed; implementation evidence pending
REQ-21-014,providers,providers,API-PROVIDER,providers,AssistanceDispatch,T-ASSIST,AUTHZ;TENANT;PURPOSE;AUDIT,21;31;42,designed; implementation evidence pending
REQ-22-001,payments,payments,API-PAYMENT,payments,PaymentResolution,T-PAYMENT,AUTHZ;TENANT;PURPOSE;AUDIT;IDEMPOTENCY;CONCURRENCY;EVIDENCE,18;29;31;42,designed; implementation evidence pending
REQ-22-002,payments,payments,API-PAYMENT,payments,PaymentResolution,T-PAYMENT,AUTHZ;TENANT;PURPOSE;AUDIT;IDEMPOTENCY;CONCURRENCY;EVIDENCE,18;29;31;42,designed; implementation evidence pending
REQ-22-003,payments,payments,API-PAYMENT,payments,PaymentResolution,T-PAYMENT,AUTHZ;TENANT;PURPOSE;AUDIT;IDEMPOTENCY;CONCURRENCY;EVIDENCE,18;29;31;42,designed; implementation evidence pending
REQ-22-004,payments,payments,API-PAYMENT,payments,PaymentResolution,T-PAYMENT,AUTHZ;TENANT;PURPOSE;AUDIT;IDEMPOTENCY;CONCURRENCY;EVIDENCE,18;29;31;42,designed; implementation evidence pending
REQ-22-005,payments,payments,API-PAYMENT,payments,PaymentResolution,T-PAYMENT,AUTHZ;TENANT;PURPOSE;AUDIT;IDEMPOTENCY;CONCURRENCY;EVIDENCE,18;29;31;42,designed; implementation evidence pending
REQ-22-006,payments,payments,API-PAYMENT,payments,PaymentResolution,T-PAYMENT,AUTHZ;TENANT;PURPOSE;AUDIT;IDEMPOTENCY;CONCURRENCY;EVIDENCE,18;29;31;42,designed; implementation evidence pending
REQ-22-007,payments,payments,API-PAYMENT,payments,PaymentResolution,T-PAYMENT,AUTHZ;TENANT;PURPOSE;AUDIT;IDEMPOTENCY;CONCURRENCY;EVIDENCE,18;29;31;42,designed; implementation evidence pending
REQ-22-008,payments,payments,API-PAYMENT,payments,PaymentResolution,T-PAYMENT,AUTHZ;TENANT;PURPOSE;AUDIT;IDEMPOTENCY;CONCURRENCY;EVIDENCE,18;29;31;42,designed; implementation evidence pending
REQ-22-009,payments,payments,API-PAYMENT,payments,PaymentResolution,T-PAYMENT,AUTHZ;TENANT;PURPOSE;AUDIT;IDEMPOTENCY;CONCURRENCY;EVIDENCE,18;29;31;42,designed; implementation evidence pending
REQ-22-010,payments,payments,API-PAYMENT,payments,PaymentResolution,T-PAYMENT,AUTHZ;TENANT;PURPOSE;AUDIT;IDEMPOTENCY;CONCURRENCY;EVIDENCE,18;29;31;42,designed; implementation evidence pending
REQ-22-011,payments,payments,API-PAYMENT,payments,PaymentResolution,T-PAYMENT,AUTHZ;TENANT;PURPOSE;AUDIT;IDEMPOTENCY;CONCURRENCY;EVIDENCE,18;29;31;42,designed; implementation evidence pending
REQ-22-012,payments,payments,API-PAYMENT,payments,PaymentResolution,T-PAYMENT,AUTHZ;TENANT;PURPOSE;AUDIT;IDEMPOTENCY;CONCURRENCY;EVIDENCE,18;29;31;42,designed; implementation evidence pending
REQ-22-013,payments,payments,API-PAYMENT,payments,PaymentResolution,T-PAYMENT,AUTHZ;TENANT;PURPOSE;AUDIT;IDEMPOTENCY;CONCURRENCY;EVIDENCE,18;29;31;42,designed; implementation evidence pending
REQ-22-014,payments,payments,API-PAYMENT,payments,PaymentResolution,T-PAYMENT,AUTHZ;TENANT;PURPOSE;AUDIT;IDEMPOTENCY;CONCURRENCY;EVIDENCE,18;29;31;42,designed; implementation evidence pending
REQ-22-015,payments,payments,API-PAYMENT,payments,PaymentResolution,T-PAYMENT,AUTHZ;TENANT;PURPOSE;AUDIT;IDEMPOTENCY;CONCURRENCY;EVIDENCE,18;29;31;42,designed; implementation evidence pending
REQ-22-016,payments,payments,API-PAYMENT,payments,PaymentResolution,T-PAYMENT,AUTHZ;TENANT;PURPOSE;AUDIT;IDEMPOTENCY;CONCURRENCY;EVIDENCE,18;29;31;42,designed; implementation evidence pending
REQ-23-001,ledger,ledger,API-LEDGER,ledger,PostAndReconcile,T-LEDGER,AUTHZ;TENANT;PURPOSE;AUDIT;IDEMPOTENCY;CONCURRENCY;EVIDENCE,18;28,designed; implementation evidence pending
REQ-23-002,ledger,ledger,API-LEDGER,ledger,PostAndReconcile,T-LEDGER,AUTHZ;TENANT;PURPOSE;AUDIT;IDEMPOTENCY;CONCURRENCY;EVIDENCE,18;28,designed; implementation evidence pending
REQ-23-003,ledger,ledger,API-LEDGER,ledger,PostAndReconcile,T-LEDGER,AUTHZ;TENANT;PURPOSE;AUDIT;IDEMPOTENCY;CONCURRENCY;EVIDENCE,18;28,designed; implementation evidence pending
REQ-23-004,ledger,ledger,API-LEDGER,ledger,PostAndReconcile,T-LEDGER,AUTHZ;TENANT;PURPOSE;AUDIT;IDEMPOTENCY;CONCURRENCY;EVIDENCE,18;28,designed; implementation evidence pending
REQ-23-005,ledger,ledger,API-LEDGER,ledger,PostAndReconcile,T-LEDGER,AUTHZ;TENANT;PURPOSE;AUDIT;IDEMPOTENCY;CONCURRENCY;EVIDENCE,18;28,designed; implementation evidence pending
REQ-23-006,ledger,ledger,API-LEDGER,ledger,PostAndReconcile,T-LEDGER,AUTHZ;TENANT;PURPOSE;AUDIT;IDEMPOTENCY;CONCURRENCY;EVIDENCE,18;28,designed; implementation evidence pending
REQ-23-007,ledger,ledger,API-LEDGER,ledger,PostAndReconcile,T-LEDGER,AUTHZ;TENANT;PURPOSE;AUDIT;IDEMPOTENCY;CONCURRENCY;EVIDENCE,18;28,designed; implementation evidence pending
REQ-23-008,ledger,ledger,API-LEDGER,ledger,PostAndReconcile,T-LEDGER,AUTHZ;TENANT;PURPOSE;AUDIT;IDEMPOTENCY;CONCURRENCY;EVIDENCE,18;28,designed; implementation evidence pending
REQ-23-009,ledger,ledger,API-LEDGER,ledger,PostAndReconcile,T-LEDGER,AUTHZ;TENANT;PURPOSE;AUDIT;IDEMPOTENCY;CONCURRENCY;EVIDENCE,18;28,designed; implementation evidence pending
REQ-23-010,ledger,ledger,API-LEDGER,ledger,PostAndReconcile,T-LEDGER,AUTHZ;TENANT;PURPOSE;AUDIT;IDEMPOTENCY;CONCURRENCY;EVIDENCE,18;28,designed; implementation evidence pending
REQ-23-011,ledger,ledger,API-LEDGER,ledger,PostAndReconcile,T-LEDGER,AUTHZ;TENANT;PURPOSE;AUDIT;IDEMPOTENCY;CONCURRENCY;EVIDENCE,18;28,designed; implementation evidence pending
REQ-23-012,ledger,ledger,API-LEDGER,ledger,PostAndReconcile,T-LEDGER,AUTHZ;TENANT;PURPOSE;AUDIT;IDEMPOTENCY;CONCURRENCY;EVIDENCE,18;28,designed; implementation evidence pending
REQ-23-013,ledger,ledger,API-LEDGER,ledger,PostAndReconcile,T-LEDGER,AUTHZ;TENANT;PURPOSE;AUDIT;IDEMPOTENCY;CONCURRENCY;EVIDENCE,18;28,designed; implementation evidence pending
REQ-23-014,ledger,ledger,API-LEDGER,ledger,PostAndReconcile,T-LEDGER,AUTHZ;TENANT;PURPOSE;AUDIT;IDEMPOTENCY;CONCURRENCY;EVIDENCE,18;28,designed; implementation evidence pending
REQ-23-015,ledger,ledger,API-LEDGER,ledger,PostAndReconcile,T-LEDGER,AUTHZ;TENANT;PURPOSE;AUDIT;IDEMPOTENCY;CONCURRENCY;EVIDENCE,18;28,designed; implementation evidence pending
REQ-23-016,ledger,ledger,API-LEDGER,ledger,PostAndReconcile,T-LEDGER,AUTHZ;TENANT;PURPOSE;AUDIT;IDEMPOTENCY;CONCURRENCY;EVIDENCE,18;28,designed; implementation evidence pending
REQ-23-017,ledger,ledger,API-LEDGER,ledger,PostAndReconcile,T-LEDGER,AUTHZ;TENANT;PURPOSE;AUDIT;IDEMPOTENCY;CONCURRENCY;EVIDENCE,18;28,designed; implementation evidence pending
REQ-23-018,ledger,ledger,API-LEDGER,ledger,PostAndReconcile,T-LEDGER,AUTHZ;TENANT;PURPOSE;AUDIT;IDEMPOTENCY;CONCURRENCY;EVIDENCE,18;28,designed; implementation evidence pending
REQ-23-019,ledger,ledger,API-LEDGER,ledger,PostAndReconcile,T-LEDGER,AUTHZ;TENANT;PURPOSE;AUDIT;IDEMPOTENCY;CONCURRENCY;EVIDENCE,18;28,designed; implementation evidence pending
REQ-23-020,ledger,ledger,API-LEDGER,ledger,PostAndReconcile,T-LEDGER,AUTHZ;TENANT;PURPOSE;AUDIT;IDEMPOTENCY;CONCURRENCY;EVIDENCE,18;28,designed; implementation evidence pending
REQ-23-021,ledger,ledger,API-LEDGER,ledger,PostAndReconcile,T-LEDGER,AUTHZ;TENANT;PURPOSE;AUDIT;IDEMPOTENCY;CONCURRENCY;EVIDENCE,18;28,designed; implementation evidence pending
REQ-23-022,ledger,ledger,API-LEDGER,ledger,PostAndReconcile,T-LEDGER,AUTHZ;TENANT;PURPOSE;AUDIT;IDEMPOTENCY;CONCURRENCY;EVIDENCE,18;28,designed; implementation evidence pending
REQ-23-023,ledger,ledger,API-LEDGER,ledger,PostAndReconcile,T-LEDGER,AUTHZ;TENANT;PURPOSE;AUDIT;IDEMPOTENCY;CONCURRENCY;EVIDENCE,18;28,designed; implementation evidence pending
REQ-24-001,commission,commission,API-COMMISSION,commission,CommissionVesting,T-COMMISSION,AUTHZ;TENANT;PURPOSE;AUDIT;IDEMPOTENCY;CONCURRENCY;EVIDENCE,19;18,designed; implementation evidence pending
REQ-24-002,commission,commission,API-COMMISSION,commission,CommissionVesting,T-COMMISSION,AUTHZ;TENANT;PURPOSE;AUDIT;IDEMPOTENCY;CONCURRENCY;EVIDENCE,19;18,designed; implementation evidence pending
REQ-24-003,commission,commission,API-COMMISSION,commission,CommissionVesting,T-COMMISSION,AUTHZ;TENANT;PURPOSE;AUDIT;IDEMPOTENCY;CONCURRENCY;EVIDENCE,19;18,designed; implementation evidence pending
REQ-24-004,commission,commission,API-COMMISSION,commission,CommissionVesting,T-COMMISSION,AUTHZ;TENANT;PURPOSE;AUDIT;IDEMPOTENCY;CONCURRENCY;EVIDENCE,19;18,designed; implementation evidence pending
REQ-24-005,commission,commission,API-COMMISSION,commission,CommissionVesting,T-COMMISSION,AUTHZ;TENANT;PURPOSE;AUDIT;IDEMPOTENCY;CONCURRENCY;EVIDENCE,19;18,designed; implementation evidence pending
REQ-24-006,commission,commission,API-COMMISSION,commission,CommissionVesting,T-COMMISSION,AUTHZ;TENANT;PURPOSE;AUDIT;IDEMPOTENCY;CONCURRENCY;EVIDENCE,19;18,designed; implementation evidence pending
REQ-24-007,commission,commission,API-COMMISSION,commission,CommissionVesting,T-COMMISSION,AUTHZ;TENANT;PURPOSE;AUDIT;IDEMPOTENCY;CONCURRENCY;EVIDENCE,19;18,designed; implementation evidence pending
REQ-24-008,commission,commission,API-COMMISSION,commission,CommissionVesting,T-COMMISSION,AUTHZ;TENANT;PURPOSE;AUDIT;IDEMPOTENCY;CONCURRENCY;EVIDENCE,19;18,designed; implementation evidence pending
REQ-24-009,commission,commission,API-COMMISSION,commission,CommissionVesting,T-COMMISSION,AUTHZ;TENANT;PURPOSE;AUDIT;IDEMPOTENCY;CONCURRENCY;EVIDENCE,19;18,designed; implementation evidence pending
REQ-24-010,commission,commission,API-COMMISSION,commission,CommissionVesting,T-COMMISSION,AUTHZ;TENANT;PURPOSE;AUDIT;IDEMPOTENCY;CONCURRENCY;EVIDENCE,19;18,designed; implementation evidence pending
REQ-24-011,commission,commission,API-COMMISSION,commission,CommissionVesting,T-COMMISSION,AUTHZ;TENANT;PURPOSE;AUDIT;IDEMPOTENCY;CONCURRENCY;EVIDENCE,19;18,designed; implementation evidence pending
REQ-24-012,commission,commission,API-COMMISSION,commission,CommissionVesting,T-COMMISSION,AUTHZ;TENANT;PURPOSE;AUDIT;IDEMPOTENCY;CONCURRENCY;EVIDENCE,19;18,designed; implementation evidence pending
REQ-24-013,commission,commission,API-COMMISSION,commission,CommissionVesting,T-COMMISSION,AUTHZ;TENANT;PURPOSE;AUDIT;IDEMPOTENCY;CONCURRENCY;EVIDENCE,19;18,designed; implementation evidence pending
REQ-24-014,commission,commission,API-COMMISSION,commission,CommissionVesting,T-COMMISSION,AUTHZ;TENANT;PURPOSE;AUDIT;IDEMPOTENCY;CONCURRENCY;EVIDENCE,19;18,designed; implementation evidence pending
REQ-24-015,commission,commission,API-COMMISSION,commission,CommissionVesting,T-COMMISSION,AUTHZ;TENANT;PURPOSE;AUDIT;IDEMPOTENCY;CONCURRENCY;EVIDENCE,19;18,designed; implementation evidence pending
REQ-25-001,settlement,settlement,API-SETTLEMENT,settlement,SettlementPeriod,T-SETTLEMENT,AUTHZ;TENANT;PURPOSE;AUDIT;IDEMPOTENCY;CONCURRENCY;EVIDENCE,20;31;42,designed; implementation evidence pending
REQ-25-002,settlement,settlement,API-SETTLEMENT,settlement,SettlementPeriod,T-SETTLEMENT,AUTHZ;TENANT;PURPOSE;AUDIT;IDEMPOTENCY;CONCURRENCY;EVIDENCE,20;31;42,designed; implementation evidence pending
REQ-25-003,settlement,settlement,API-SETTLEMENT,settlement,SettlementPeriod,T-SETTLEMENT,AUTHZ;TENANT;PURPOSE;AUDIT;IDEMPOTENCY;CONCURRENCY;EVIDENCE,20;31;42,designed; implementation evidence pending
REQ-25-004,settlement,settlement,API-SETTLEMENT,settlement,SettlementPeriod,T-SETTLEMENT,AUTHZ;TENANT;PURPOSE;AUDIT;IDEMPOTENCY;CONCURRENCY;EVIDENCE,20;31;42,designed; implementation evidence pending
REQ-25-005,settlement,settlement,API-SETTLEMENT,settlement,SettlementPeriod,T-SETTLEMENT,AUTHZ;TENANT;PURPOSE;AUDIT;IDEMPOTENCY;CONCURRENCY;EVIDENCE,20;31;42,designed; implementation evidence pending
REQ-25-006,settlement,settlement,API-SETTLEMENT,settlement,SettlementPeriod,T-SETTLEMENT,AUTHZ;TENANT;PURPOSE;AUDIT;IDEMPOTENCY;CONCURRENCY;EVIDENCE,20;31;42,designed; implementation evidence pending
REQ-25-007,settlement,settlement,API-SETTLEMENT,settlement,SettlementPeriod,T-SETTLEMENT,AUTHZ;TENANT;PURPOSE;AUDIT;IDEMPOTENCY;CONCURRENCY;EVIDENCE,20;31;42,designed; implementation evidence pending
REQ-25-008,settlement,settlement,API-SETTLEMENT,settlement,SettlementPeriod,T-SETTLEMENT,AUTHZ;TENANT;PURPOSE;AUDIT;IDEMPOTENCY;CONCURRENCY;EVIDENCE,20;31;42,designed; implementation evidence pending
REQ-25-009,settlement,settlement,API-SETTLEMENT,settlement,SettlementPeriod,T-SETTLEMENT,AUTHZ;TENANT;PURPOSE;AUDIT;IDEMPOTENCY;CONCURRENCY;EVIDENCE,20;31;42,designed; implementation evidence pending
REQ-25-010,settlement,settlement,API-SETTLEMENT,settlement,SettlementPeriod,T-SETTLEMENT,AUTHZ;TENANT;PURPOSE;AUDIT;IDEMPOTENCY;CONCURRENCY;EVIDENCE,20;31;42,designed; implementation evidence pending
REQ-25-011,settlement,settlement,API-SETTLEMENT,settlement,SettlementPeriod,T-SETTLEMENT,AUTHZ;TENANT;PURPOSE;AUDIT;IDEMPOTENCY;CONCURRENCY;EVIDENCE,20;31;42,designed; implementation evidence pending
REQ-25-012,settlement,settlement,API-SETTLEMENT,settlement,SettlementPeriod,T-SETTLEMENT,AUTHZ;TENANT;PURPOSE;AUDIT;IDEMPOTENCY;CONCURRENCY;EVIDENCE,20;31;42,designed; implementation evidence pending
REQ-25-013,settlement,settlement,API-SETTLEMENT,settlement,SettlementPeriod,T-SETTLEMENT,AUTHZ;TENANT;PURPOSE;AUDIT;IDEMPOTENCY;CONCURRENCY;EVIDENCE,20;31;42,designed; implementation evidence pending
REQ-25-014,settlement,settlement,API-SETTLEMENT,settlement,SettlementPeriod,T-SETTLEMENT,AUTHZ;TENANT;PURPOSE;AUDIT;IDEMPOTENCY;CONCURRENCY;EVIDENCE,20;31;42,designed; implementation evidence pending
REQ-25-015,settlement,settlement,API-SETTLEMENT,settlement,SettlementPeriod,T-SETTLEMENT,AUTHZ;TENANT;PURPOSE;AUDIT;IDEMPOTENCY;CONCURRENCY;EVIDENCE,20;31;42,designed; implementation evidence pending
REQ-25-016,settlement,settlement,API-SETTLEMENT,settlement,SettlementPeriod,T-SETTLEMENT,AUTHZ;TENANT;PURPOSE;AUDIT;IDEMPOTENCY;CONCURRENCY;EVIDENCE,20;31;42,designed; implementation evidence pending
REQ-25-017,settlement,settlement,API-SETTLEMENT,settlement,SettlementPeriod,T-SETTLEMENT,AUTHZ;TENANT;PURPOSE;AUDIT;IDEMPOTENCY;CONCURRENCY;EVIDENCE,20;31;42,designed; implementation evidence pending
REQ-26-001,distribution,distribution,API-DISTRIBUTION,distribution,DistributionEnrollment,T-IMPORT,AUTHZ;TENANT;PURPOSE;AUDIT,22;23,designed; implementation evidence pending
REQ-26-002,distribution,distribution,API-DISTRIBUTION,distribution,DistributionEnrollment,T-IMPORT,AUTHZ;TENANT;PURPOSE;AUDIT,22;23,designed; implementation evidence pending
REQ-26-003,distribution,distribution,API-DISTRIBUTION,distribution,DistributionEnrollment,T-IMPORT,AUTHZ;TENANT;PURPOSE;AUDIT,22;23,designed; implementation evidence pending
REQ-26-004,distribution,distribution,API-DISTRIBUTION,distribution,DistributionEnrollment,T-IMPORT,AUTHZ;TENANT;PURPOSE;AUDIT,22;23,designed; implementation evidence pending
REQ-26-005,distribution,distribution,API-DISTRIBUTION,distribution,DistributionEnrollment,T-IMPORT,AUTHZ;TENANT;PURPOSE;AUDIT,22;23,designed; implementation evidence pending
REQ-26-006,distribution,distribution,API-DISTRIBUTION,distribution,DistributionEnrollment,T-IMPORT,AUTHZ;TENANT;PURPOSE;AUDIT,22;23,designed; implementation evidence pending
REQ-26-007,distribution,distribution,API-DISTRIBUTION,distribution,DistributionEnrollment,T-IMPORT,AUTHZ;TENANT;PURPOSE;AUDIT,22;23,designed; implementation evidence pending
REQ-26-008,distribution,distribution,API-DISTRIBUTION,distribution,DistributionEnrollment,T-IMPORT,AUTHZ;TENANT;PURPOSE;AUDIT,22;23,designed; implementation evidence pending
REQ-26-009,distribution,distribution,API-DISTRIBUTION,distribution,DistributionEnrollment,T-IMPORT,AUTHZ;TENANT;PURPOSE;AUDIT,22;23,designed; implementation evidence pending
REQ-26-010,distribution,distribution,API-DISTRIBUTION,distribution,DistributionEnrollment,T-IMPORT,AUTHZ;TENANT;PURPOSE;AUDIT,22;23,designed; implementation evidence pending
REQ-26-011,distribution,distribution,API-DISTRIBUTION,distribution,DistributionEnrollment,T-IMPORT,AUTHZ;TENANT;PURPOSE;AUDIT,22;23,designed; implementation evidence pending
REQ-26-012,distribution,distribution,API-DISTRIBUTION,distribution,DistributionEnrollment,T-IMPORT,AUTHZ;TENANT;PURPOSE;AUDIT,22;23,designed; implementation evidence pending
REQ-26-013,distribution,distribution,API-DISTRIBUTION,distribution,DistributionEnrollment,T-IMPORT,AUTHZ;TENANT;PURPOSE;AUDIT,22;23,designed; implementation evidence pending
REQ-26-014,distribution,distribution,API-DISTRIBUTION,distribution,DistributionEnrollment,T-IMPORT,AUTHZ;TENANT;PURPOSE;AUDIT,22;23,designed; implementation evidence pending
REQ-27-001,distribution,distribution,API-DISTRIBUTION,distribution,DistributionEnrollment,T-IMPORT,AUTHZ;TENANT;PURPOSE;AUDIT,22;23,designed; implementation evidence pending
REQ-27-002,distribution,distribution,API-DISTRIBUTION,distribution,DistributionEnrollment,T-IMPORT,AUTHZ;TENANT;PURPOSE;AUDIT,22;23,designed; implementation evidence pending
REQ-27-003,distribution,distribution,API-DISTRIBUTION,distribution,DistributionEnrollment,T-IMPORT,AUTHZ;TENANT;PURPOSE;AUDIT,22;23,designed; implementation evidence pending
REQ-27-004,distribution,distribution,API-DISTRIBUTION,distribution,DistributionEnrollment,T-IMPORT,AUTHZ;TENANT;PURPOSE;AUDIT,22;23,designed; implementation evidence pending
REQ-27-005,distribution,distribution,API-DISTRIBUTION,distribution,DistributionEnrollment,T-IMPORT,AUTHZ;TENANT;PURPOSE;AUDIT,22;23,designed; implementation evidence pending
REQ-27-006,distribution,distribution,API-DISTRIBUTION,distribution,DistributionEnrollment,T-IMPORT,AUTHZ;TENANT;PURPOSE;AUDIT,22;23,designed; implementation evidence pending
REQ-27-007,distribution,distribution,API-DISTRIBUTION,distribution,DistributionEnrollment,T-IMPORT,AUTHZ;TENANT;PURPOSE;AUDIT,22;23,designed; implementation evidence pending
REQ-27-008,distribution,distribution,API-DISTRIBUTION,distribution,DistributionEnrollment,T-IMPORT,AUTHZ;TENANT;PURPOSE;AUDIT,22;23,designed; implementation evidence pending
REQ-27-009,distribution,distribution,API-DISTRIBUTION,distribution,DistributionEnrollment,T-IMPORT,AUTHZ;TENANT;PURPOSE;AUDIT,22;23,designed; implementation evidence pending
REQ-27-010,distribution,distribution,API-DISTRIBUTION,distribution,DistributionEnrollment,T-IMPORT,AUTHZ;TENANT;PURPOSE;AUDIT,22;23,designed; implementation evidence pending
REQ-27-011,distribution,distribution,API-DISTRIBUTION,distribution,DistributionEnrollment,T-IMPORT,AUTHZ;TENANT;PURPOSE;AUDIT,22;23,designed; implementation evidence pending
REQ-27-012,distribution,distribution,API-DISTRIBUTION,distribution,DistributionEnrollment,T-IMPORT,AUTHZ;TENANT;PURPOSE;AUDIT,22;23,designed; implementation evidence pending
REQ-27-013,distribution,distribution,API-DISTRIBUTION,distribution,DistributionEnrollment,T-IMPORT,AUTHZ;TENANT;PURPOSE;AUDIT,22;23,designed; implementation evidence pending
REQ-27-014,distribution,distribution,API-DISTRIBUTION,distribution,DistributionEnrollment,T-IMPORT,AUTHZ;TENANT;PURPOSE;AUDIT,22;23,designed; implementation evidence pending
REQ-27-015,distribution,distribution,API-DISTRIBUTION,distribution,DistributionEnrollment,T-IMPORT,AUTHZ;TENANT;PURPOSE;AUDIT,22;23,designed; implementation evidence pending
REQ-27-016,distribution,distribution,API-DISTRIBUTION,distribution,DistributionEnrollment,T-IMPORT,AUTHZ;TENANT;PURPOSE;AUDIT,22;23,designed; implementation evidence pending
REQ-27-017,distribution,distribution,API-DISTRIBUTION,distribution,DistributionEnrollment,T-IMPORT,AUTHZ;TENANT;PURPOSE;AUDIT,22;23,designed; implementation evidence pending
REQ-28-001,distribution,distribution,API-DISTRIBUTION,distribution,DistributionEnrollment,T-IMPORT,AUTHZ;TENANT;PURPOSE;AUDIT,22;23,designed; implementation evidence pending
REQ-28-002,distribution,distribution,API-DISTRIBUTION,distribution,DistributionEnrollment,T-IMPORT,AUTHZ;TENANT;PURPOSE;AUDIT,22;23,designed; implementation evidence pending
REQ-28-003,distribution,distribution,API-DISTRIBUTION,distribution,DistributionEnrollment,T-IMPORT,AUTHZ;TENANT;PURPOSE;AUDIT,22;23,designed; implementation evidence pending
REQ-28-004,distribution,distribution,API-DISTRIBUTION,distribution,DistributionEnrollment,T-IMPORT,AUTHZ;TENANT;PURPOSE;AUDIT,22;23,designed; implementation evidence pending
REQ-28-005,distribution,distribution,API-DISTRIBUTION,distribution,DistributionEnrollment,T-IMPORT,AUTHZ;TENANT;PURPOSE;AUDIT,22;23,designed; implementation evidence pending
REQ-28-006,distribution,distribution,API-DISTRIBUTION,distribution,DistributionEnrollment,T-IMPORT,AUTHZ;TENANT;PURPOSE;AUDIT,22;23,designed; implementation evidence pending
REQ-28-007,distribution,distribution,API-DISTRIBUTION,distribution,DistributionEnrollment,T-IMPORT,AUTHZ;TENANT;PURPOSE;AUDIT,22;23,designed; implementation evidence pending
REQ-28-008,distribution,distribution,API-DISTRIBUTION,distribution,DistributionEnrollment,T-IMPORT,AUTHZ;TENANT;PURPOSE;AUDIT,22;23,designed; implementation evidence pending
REQ-28-009,distribution,distribution,API-DISTRIBUTION,distribution,DistributionEnrollment,T-IMPORT,AUTHZ;TENANT;PURPOSE;AUDIT,22;23,designed; implementation evidence pending
REQ-28-010,distribution,distribution,API-DISTRIBUTION,distribution,DistributionEnrollment,T-IMPORT,AUTHZ;TENANT;PURPOSE;AUDIT,22;23,designed; implementation evidence pending
REQ-29-001,distribution,distribution,API-DISTRIBUTION,distribution,DistributionEnrollment,T-IMPORT,AUTHZ;TENANT;PURPOSE;AUDIT,22;23,designed; implementation evidence pending
REQ-29-002,distribution,distribution,API-DISTRIBUTION,distribution,DistributionEnrollment,T-IMPORT,AUTHZ;TENANT;PURPOSE;AUDIT,22;23,designed; implementation evidence pending
REQ-29-003,distribution,distribution,API-DISTRIBUTION,distribution,DistributionEnrollment,T-IMPORT,AUTHZ;TENANT;PURPOSE;AUDIT,22;23,designed; implementation evidence pending
REQ-29-004,distribution,distribution,API-DISTRIBUTION,distribution,DistributionEnrollment,T-IMPORT,AUTHZ;TENANT;PURPOSE;AUDIT,22;23,designed; implementation evidence pending
REQ-29-005,distribution,distribution,API-DISTRIBUTION,distribution,DistributionEnrollment,T-IMPORT,AUTHZ;TENANT;PURPOSE;AUDIT,22;23,designed; implementation evidence pending
REQ-29-006,distribution,distribution,API-DISTRIBUTION,distribution,DistributionEnrollment,T-IMPORT,AUTHZ;TENANT;PURPOSE;AUDIT,22;23,designed; implementation evidence pending
REQ-29-007,distribution,distribution,API-DISTRIBUTION,distribution,DistributionEnrollment,T-IMPORT,AUTHZ;TENANT;PURPOSE;AUDIT,22;23,designed; implementation evidence pending
REQ-29-008,distribution,distribution,API-DISTRIBUTION,distribution,DistributionEnrollment,T-IMPORT,AUTHZ;TENANT;PURPOSE;AUDIT,22;23,designed; implementation evidence pending
REQ-29-009,distribution,distribution,API-DISTRIBUTION,distribution,DistributionEnrollment,T-IMPORT,AUTHZ;TENANT;PURPOSE;AUDIT,22;23,designed; implementation evidence pending
REQ-30-001,integrations,integrations,API-INTEGRATION,integrations,ProviderInvocation,T-CONTRACT,AUTHZ;TENANT;PURPOSE;AUDIT;IDEMPOTENCY;CONCURRENCY;EVIDENCE,23;29;52,designed; implementation evidence pending
REQ-30-002,integrations,integrations,API-INTEGRATION,integrations,ProviderInvocation,T-CONTRACT,AUTHZ;TENANT;PURPOSE;AUDIT;IDEMPOTENCY;CONCURRENCY;EVIDENCE,23;29;52,designed; implementation evidence pending
REQ-30-003,integrations,integrations,API-INTEGRATION,integrations,ProviderInvocation,T-CONTRACT,AUTHZ;TENANT;PURPOSE;AUDIT;IDEMPOTENCY;CONCURRENCY;EVIDENCE,23;29;52,designed; implementation evidence pending
REQ-30-004,integrations,integrations,API-INTEGRATION,integrations,ProviderInvocation,T-CONTRACT,AUTHZ;TENANT;PURPOSE;AUDIT;IDEMPOTENCY;CONCURRENCY;EVIDENCE,23;29;52,designed; implementation evidence pending
REQ-30-005,integrations,integrations,API-INTEGRATION,integrations,ProviderInvocation,T-CONTRACT,AUTHZ;TENANT;PURPOSE;AUDIT;IDEMPOTENCY;CONCURRENCY;EVIDENCE,23;29;52,designed; implementation evidence pending
REQ-30-006,integrations,integrations,API-INTEGRATION,integrations,ProviderInvocation,T-CONTRACT,AUTHZ;TENANT;PURPOSE;AUDIT;IDEMPOTENCY;CONCURRENCY;EVIDENCE,23;29;52,designed; implementation evidence pending
REQ-30-007,integrations,integrations,API-INTEGRATION,integrations,ProviderInvocation,T-CONTRACT,AUTHZ;TENANT;PURPOSE;AUDIT;IDEMPOTENCY;CONCURRENCY;EVIDENCE,23;29;52,designed; implementation evidence pending
REQ-30-008,integrations,integrations,API-INTEGRATION,integrations,ProviderInvocation,T-CONTRACT,AUTHZ;TENANT;PURPOSE;AUDIT;IDEMPOTENCY;CONCURRENCY;EVIDENCE,23;29;52,designed; implementation evidence pending
REQ-30-009,integrations,integrations,API-INTEGRATION,integrations,ProviderInvocation,T-CONTRACT,AUTHZ;TENANT;PURPOSE;AUDIT;IDEMPOTENCY;CONCURRENCY;EVIDENCE,23;29;52,designed; implementation evidence pending
REQ-30-010,integrations,integrations,API-INTEGRATION,integrations,ProviderInvocation,T-CONTRACT,AUTHZ;TENANT;PURPOSE;AUDIT;IDEMPOTENCY;CONCURRENCY;EVIDENCE,23;29;52,designed; implementation evidence pending
REQ-30-011,integrations,integrations,API-INTEGRATION,integrations,ProviderInvocation,T-CONTRACT,AUTHZ;TENANT;PURPOSE;AUDIT;IDEMPOTENCY;CONCURRENCY;EVIDENCE,23;29;52,designed; implementation evidence pending
REQ-30-012,integrations,integrations,API-INTEGRATION,integrations,ProviderInvocation,T-CONTRACT,AUTHZ;TENANT;PURPOSE;AUDIT;IDEMPOTENCY;CONCURRENCY;EVIDENCE,23;29;52,designed; implementation evidence pending
REQ-30-013,integrations,integrations,API-INTEGRATION,integrations,ProviderInvocation,T-CONTRACT,AUTHZ;TENANT;PURPOSE;AUDIT;IDEMPOTENCY;CONCURRENCY;EVIDENCE,23;29;52,designed; implementation evidence pending
REQ-30-014,integrations,integrations,API-INTEGRATION,integrations,ProviderInvocation,T-CONTRACT,AUTHZ;TENANT;PURPOSE;AUDIT;IDEMPOTENCY;CONCURRENCY;EVIDENCE,23;29;52,designed; implementation evidence pending
REQ-30-015,integrations,integrations,API-INTEGRATION,integrations,ProviderInvocation,T-CONTRACT,AUTHZ;TENANT;PURPOSE;AUDIT;IDEMPOTENCY;CONCURRENCY;EVIDENCE,23;29;52,designed; implementation evidence pending
REQ-30-016,integrations,integrations,API-INTEGRATION,integrations,ProviderInvocation,T-CONTRACT,AUTHZ;TENANT;PURPOSE;AUDIT;IDEMPOTENCY;CONCURRENCY;EVIDENCE,23;29;52,designed; implementation evidence pending
REQ-31-001,integrations,integrations,API-INTEGRATION,integrations,ProviderInvocation,T-CONTRACT,AUTHZ;TENANT;PURPOSE;AUDIT;IDEMPOTENCY;CONCURRENCY;EVIDENCE,23;29;52,designed; implementation evidence pending
REQ-31-002,integrations,integrations,API-INTEGRATION,integrations,ProviderInvocation,T-CONTRACT,AUTHZ;TENANT;PURPOSE;AUDIT;IDEMPOTENCY;CONCURRENCY;EVIDENCE,23;29;52,designed; implementation evidence pending
REQ-31-003,integrations,integrations,API-INTEGRATION,integrations,ProviderInvocation,T-CONTRACT,AUTHZ;TENANT;PURPOSE;AUDIT;IDEMPOTENCY;CONCURRENCY;EVIDENCE,23;29;52,designed; implementation evidence pending
REQ-31-004,integrations,integrations,API-INTEGRATION,integrations,ProviderInvocation,T-CONTRACT,AUTHZ;TENANT;PURPOSE;AUDIT;IDEMPOTENCY;CONCURRENCY;EVIDENCE,23;29;52,designed; implementation evidence pending
REQ-31-005,integrations,integrations,API-INTEGRATION,integrations,ProviderInvocation,T-CONTRACT,AUTHZ;TENANT;PURPOSE;AUDIT;IDEMPOTENCY;CONCURRENCY;EVIDENCE,23;29;52,designed; implementation evidence pending
REQ-31-006,integrations,integrations,API-INTEGRATION,integrations,ProviderInvocation,T-CONTRACT,AUTHZ;TENANT;PURPOSE;AUDIT;IDEMPOTENCY;CONCURRENCY;EVIDENCE,23;29;52,designed; implementation evidence pending
REQ-31-007,integrations,integrations,API-INTEGRATION,integrations,ProviderInvocation,T-CONTRACT,AUTHZ;TENANT;PURPOSE;AUDIT;IDEMPOTENCY;CONCURRENCY;EVIDENCE,23;29;52,designed; implementation evidence pending
REQ-31-008,integrations,integrations,API-INTEGRATION,integrations,ProviderInvocation,T-CONTRACT,AUTHZ;TENANT;PURPOSE;AUDIT;IDEMPOTENCY;CONCURRENCY;EVIDENCE,23;29;52,designed; implementation evidence pending
REQ-31-009,integrations,integrations,API-INTEGRATION,integrations,ProviderInvocation,T-CONTRACT,AUTHZ;TENANT;PURPOSE;AUDIT;IDEMPOTENCY;CONCURRENCY;EVIDENCE,23;29;52,designed; implementation evidence pending
REQ-31-010,integrations,integrations,API-INTEGRATION,integrations,ProviderInvocation,T-CONTRACT,AUTHZ;TENANT;PURPOSE;AUDIT;IDEMPOTENCY;CONCURRENCY;EVIDENCE,23;29;52,designed; implementation evidence pending
REQ-31-011,integrations,integrations,API-INTEGRATION,integrations,ProviderInvocation,T-CONTRACT,AUTHZ;TENANT;PURPOSE;AUDIT;IDEMPOTENCY;CONCURRENCY;EVIDENCE,23;29;52,designed; implementation evidence pending
REQ-31-012,integrations,integrations,API-INTEGRATION,integrations,ProviderInvocation,T-CONTRACT,AUTHZ;TENANT;PURPOSE;AUDIT;IDEMPOTENCY;CONCURRENCY;EVIDENCE,23;29;52,designed; implementation evidence pending
REQ-31-013,integrations,integrations,API-INTEGRATION,integrations,ProviderInvocation,T-CONTRACT,AUTHZ;TENANT;PURPOSE;AUDIT;IDEMPOTENCY;CONCURRENCY;EVIDENCE,23;29;52,designed; implementation evidence pending
REQ-31-014,integrations,integrations,API-INTEGRATION,integrations,ProviderInvocation,T-CONTRACT,AUTHZ;TENANT;PURPOSE;AUDIT;IDEMPOTENCY;CONCURRENCY;EVIDENCE,23;29;52,designed; implementation evidence pending
REQ-31-015,integrations,integrations,API-INTEGRATION,integrations,ProviderInvocation,T-CONTRACT,AUTHZ;TENANT;PURPOSE;AUDIT;IDEMPOTENCY;CONCURRENCY;EVIDENCE,23;29;52,designed; implementation evidence pending
REQ-31-016,integrations,integrations,API-INTEGRATION,integrations,ProviderInvocation,T-CONTRACT,AUTHZ;TENANT;PURPOSE;AUDIT;IDEMPOTENCY;CONCURRENCY;EVIDENCE,23;29;52,designed; implementation evidence pending
REQ-31-017,integrations,integrations,API-INTEGRATION,integrations,ProviderInvocation,T-CONTRACT,AUTHZ;TENANT;PURPOSE;AUDIT;IDEMPOTENCY;CONCURRENCY;EVIDENCE,23;29;52,designed; implementation evidence pending
REQ-31-018,integrations,integrations,API-INTEGRATION,integrations,ProviderInvocation,T-CONTRACT,AUTHZ;TENANT;PURPOSE;AUDIT;IDEMPOTENCY;CONCURRENCY;EVIDENCE,23;29;52,designed; implementation evidence pending
REQ-31-019,integrations,integrations,API-INTEGRATION,integrations,ProviderInvocation,T-CONTRACT,AUTHZ;TENANT;PURPOSE;AUDIT;IDEMPOTENCY;CONCURRENCY;EVIDENCE,23;29;52,designed; implementation evidence pending
REQ-31-020,integrations,integrations,API-INTEGRATION,integrations,ProviderInvocation,T-CONTRACT,AUTHZ;TENANT;PURPOSE;AUDIT;IDEMPOTENCY;CONCURRENCY;EVIDENCE,23;29;52,designed; implementation evidence pending
REQ-31-021,integrations,integrations,API-INTEGRATION,integrations,ProviderInvocation,T-CONTRACT,AUTHZ;TENANT;PURPOSE;AUDIT;IDEMPOTENCY;CONCURRENCY;EVIDENCE,23;29;52,designed; implementation evidence pending
REQ-31-022,integrations,integrations,API-INTEGRATION,integrations,ProviderInvocation,T-CONTRACT,AUTHZ;TENANT;PURPOSE;AUDIT;IDEMPOTENCY;CONCURRENCY;EVIDENCE,23;29;52,designed; implementation evidence pending
REQ-32-001,integrations,integrations,API-INTEGRATION,integrations,ProviderInvocation,T-CONTRACT,AUTHZ;TENANT;PURPOSE;AUDIT;IDEMPOTENCY;CONCURRENCY;EVIDENCE,23;29;52,designed; implementation evidence pending
REQ-32-002,integrations,integrations,API-INTEGRATION,integrations,ProviderInvocation,T-CONTRACT,AUTHZ;TENANT;PURPOSE;AUDIT;IDEMPOTENCY;CONCURRENCY;EVIDENCE,23;29;52,designed; implementation evidence pending
REQ-32-003,integrations,integrations,API-INTEGRATION,integrations,ProviderInvocation,T-CONTRACT,AUTHZ;TENANT;PURPOSE;AUDIT;IDEMPOTENCY;CONCURRENCY;EVIDENCE,23;29;52,designed; implementation evidence pending
REQ-32-004,integrations,integrations,API-INTEGRATION,integrations,ProviderInvocation,T-CONTRACT,AUTHZ;TENANT;PURPOSE;AUDIT;IDEMPOTENCY;CONCURRENCY;EVIDENCE,23;29;52,designed; implementation evidence pending
REQ-32-005,integrations,integrations,API-INTEGRATION,integrations,ProviderInvocation,T-CONTRACT,AUTHZ;TENANT;PURPOSE;AUDIT;IDEMPOTENCY;CONCURRENCY;EVIDENCE,23;29;52,designed; implementation evidence pending
REQ-32-006,integrations,integrations,API-INTEGRATION,integrations,ProviderInvocation,T-CONTRACT,AUTHZ;TENANT;PURPOSE;AUDIT;IDEMPOTENCY;CONCURRENCY;EVIDENCE,23;29;52,designed; implementation evidence pending
REQ-32-007,integrations,integrations,API-INTEGRATION,integrations,ProviderInvocation,T-CONTRACT,AUTHZ;TENANT;PURPOSE;AUDIT;IDEMPOTENCY;CONCURRENCY;EVIDENCE,23;29;52,designed; implementation evidence pending
REQ-32-008,integrations,integrations,API-INTEGRATION,integrations,ProviderInvocation,T-CONTRACT,AUTHZ;TENANT;PURPOSE;AUDIT;IDEMPOTENCY;CONCURRENCY;EVIDENCE,23;29;52,designed; implementation evidence pending
REQ-32-009,integrations,integrations,API-INTEGRATION,integrations,ProviderInvocation,T-CONTRACT,AUTHZ;TENANT;PURPOSE;AUDIT;IDEMPOTENCY;CONCURRENCY;EVIDENCE,23;29;52,designed; implementation evidence pending
REQ-32-010,integrations,integrations,API-INTEGRATION,integrations,ProviderInvocation,T-CONTRACT,AUTHZ;TENANT;PURPOSE;AUDIT;IDEMPOTENCY;CONCURRENCY;EVIDENCE,23;29;52,designed; implementation evidence pending
REQ-32-011,integrations,integrations,API-INTEGRATION,integrations,ProviderInvocation,T-CONTRACT,AUTHZ;TENANT;PURPOSE;AUDIT;IDEMPOTENCY;CONCURRENCY;EVIDENCE,23;29;52,designed; implementation evidence pending
REQ-32-012,integrations,integrations,API-INTEGRATION,integrations,ProviderInvocation,T-CONTRACT,AUTHZ;TENANT;PURPOSE;AUDIT;IDEMPOTENCY;CONCURRENCY;EVIDENCE,23;29;52,designed; implementation evidence pending
REQ-32-013,integrations,integrations,API-INTEGRATION,integrations,ProviderInvocation,T-CONTRACT,AUTHZ;TENANT;PURPOSE;AUDIT;IDEMPOTENCY;CONCURRENCY;EVIDENCE,23;29;52,designed; implementation evidence pending
REQ-32-014,integrations,integrations,API-INTEGRATION,integrations,ProviderInvocation,T-CONTRACT,AUTHZ;TENANT;PURPOSE;AUDIT;IDEMPOTENCY;CONCURRENCY;EVIDENCE,23;29;52,designed; implementation evidence pending
REQ-33-001,payments,payments,API-PAYMENT,payments,PaymentResolution,T-PAYMENT,AUTHZ;TENANT;PURPOSE;AUDIT;IDEMPOTENCY;CONCURRENCY;EVIDENCE,18;29;31;42,designed; implementation evidence pending
REQ-33-002,payments,payments,API-PAYMENT,payments,PaymentResolution,T-PAYMENT,AUTHZ;TENANT;PURPOSE;AUDIT;IDEMPOTENCY;CONCURRENCY;EVIDENCE,18;29;31;42,designed; implementation evidence pending
REQ-33-003,payments,payments,API-PAYMENT,payments,PaymentResolution,T-PAYMENT,AUTHZ;TENANT;PURPOSE;AUDIT;IDEMPOTENCY;CONCURRENCY;EVIDENCE,18;29;31;42,designed; implementation evidence pending
REQ-33-004,payments,payments,API-PAYMENT,payments,PaymentResolution,T-PAYMENT,AUTHZ;TENANT;PURPOSE;AUDIT;IDEMPOTENCY;CONCURRENCY;EVIDENCE,18;29;31;42,designed; implementation evidence pending
REQ-33-005,payments,payments,API-PAYMENT,payments,PaymentResolution,T-PAYMENT,AUTHZ;TENANT;PURPOSE;AUDIT;IDEMPOTENCY;CONCURRENCY;EVIDENCE,18;29;31;42,designed; implementation evidence pending
REQ-33-006,payments,payments,API-PAYMENT,payments,PaymentResolution,T-PAYMENT,AUTHZ;TENANT;PURPOSE;AUDIT;IDEMPOTENCY;CONCURRENCY;EVIDENCE,18;29;31;42,designed; implementation evidence pending
REQ-33-007,payments,payments,API-PAYMENT,payments,PaymentResolution,T-PAYMENT,AUTHZ;TENANT;PURPOSE;AUDIT;IDEMPOTENCY;CONCURRENCY;EVIDENCE,18;29;31;42,designed; implementation evidence pending
REQ-33-008,payments,payments,API-PAYMENT,payments,PaymentResolution,T-PAYMENT,AUTHZ;TENANT;PURPOSE;AUDIT;IDEMPOTENCY;CONCURRENCY;EVIDENCE,18;29;31;42,designed; implementation evidence pending
REQ-33-009,payments,payments,API-PAYMENT,payments,PaymentResolution,T-PAYMENT,AUTHZ;TENANT;PURPOSE;AUDIT;IDEMPOTENCY;CONCURRENCY;EVIDENCE,18;29;31;42,designed; implementation evidence pending
REQ-33-010,payments,payments,API-PAYMENT,payments,PaymentResolution,T-PAYMENT,AUTHZ;TENANT;PURPOSE;AUDIT;IDEMPOTENCY;CONCURRENCY;EVIDENCE,18;29;31;42,designed; implementation evidence pending
REQ-33-011,payments,payments,API-PAYMENT,payments,PaymentResolution,T-PAYMENT,AUTHZ;TENANT;PURPOSE;AUDIT;IDEMPOTENCY;CONCURRENCY;EVIDENCE,18;29;31;42,designed; implementation evidence pending
REQ-33-012,payments,payments,API-PAYMENT,payments,PaymentResolution,T-PAYMENT,AUTHZ;TENANT;PURPOSE;AUDIT;IDEMPOTENCY;CONCURRENCY;EVIDENCE,18;29;31;42,designed; implementation evidence pending
REQ-34-001,platform,container platform and workers,CTRL-PLATFORM,infra state; owner DBs remain authoritative,DeploymentRecovery,T-COMPOSE,AUTHZ;TENANT;PURPOSE;AUDIT;SUPPLY-CHAIN;BOUNDARY-TESTS,35;36;37;39;48,designed; implementation evidence pending
REQ-34-002,platform,container platform and workers,CTRL-PLATFORM,infra state; owner DBs remain authoritative,DeploymentRecovery,T-COMPOSE,AUTHZ;TENANT;PURPOSE;AUDIT;SUPPLY-CHAIN;BOUNDARY-TESTS,35;36;37;39;48,designed; implementation evidence pending
REQ-34-003,platform,container platform and workers,CTRL-PLATFORM,infra state; owner DBs remain authoritative,DeploymentRecovery,T-COMPOSE,AUTHZ;TENANT;PURPOSE;AUDIT;SUPPLY-CHAIN;BOUNDARY-TESTS,35;36;37;39;48,designed; implementation evidence pending
REQ-34-004,platform,container platform and workers,CTRL-PLATFORM,infra state; owner DBs remain authoritative,DeploymentRecovery,T-COMPOSE,AUTHZ;TENANT;PURPOSE;AUDIT;SUPPLY-CHAIN;BOUNDARY-TESTS,35;36;37;39;48,designed; implementation evidence pending
REQ-34-005,platform,container platform and workers,CTRL-PLATFORM,infra state; owner DBs remain authoritative,DeploymentRecovery,T-COMPOSE,AUTHZ;TENANT;PURPOSE;AUDIT;SUPPLY-CHAIN;BOUNDARY-TESTS,35;36;37;39;48,designed; implementation evidence pending
REQ-34-006,platform,container platform and workers,CTRL-PLATFORM,infra state; owner DBs remain authoritative,DeploymentRecovery,T-COMPOSE,AUTHZ;TENANT;PURPOSE;AUDIT;SUPPLY-CHAIN;BOUNDARY-TESTS,35;36;37;39;48,designed; implementation evidence pending
REQ-34-007,platform,container platform and workers,CTRL-PLATFORM,infra state; owner DBs remain authoritative,DeploymentRecovery,T-COMPOSE,AUTHZ;TENANT;PURPOSE;AUDIT;SUPPLY-CHAIN;BOUNDARY-TESTS,35;36;37;39;48,designed; implementation evidence pending
REQ-34-008,platform,container platform and workers,CTRL-PLATFORM,infra state; owner DBs remain authoritative,DeploymentRecovery,T-COMPOSE,AUTHZ;TENANT;PURPOSE;AUDIT;SUPPLY-CHAIN;BOUNDARY-TESTS,35;36;37;39;48,designed; implementation evidence pending
REQ-34-009,platform,container platform and workers,CTRL-PLATFORM,infra state; owner DBs remain authoritative,DeploymentRecovery,T-COMPOSE,AUTHZ;TENANT;PURPOSE;AUDIT;SUPPLY-CHAIN;BOUNDARY-TESTS,35;36;37;39;48,designed; implementation evidence pending
REQ-34-010,platform,container platform and workers,CTRL-PLATFORM,infra state; owner DBs remain authoritative,DeploymentRecovery,T-COMPOSE,AUTHZ;TENANT;PURPOSE;AUDIT;SUPPLY-CHAIN;BOUNDARY-TESTS,35;36;37;39;48,designed; implementation evidence pending
REQ-34-011,platform,container platform and workers,CTRL-PLATFORM,infra state; owner DBs remain authoritative,DeploymentRecovery,T-COMPOSE,AUTHZ;TENANT;PURPOSE;AUDIT;SUPPLY-CHAIN;BOUNDARY-TESTS,35;36;37;39;48,designed; implementation evidence pending
REQ-34-012,platform,container platform and workers,CTRL-PLATFORM,infra state; owner DBs remain authoritative,DeploymentRecovery,T-COMPOSE,AUTHZ;TENANT;PURPOSE;AUDIT;SUPPLY-CHAIN;BOUNDARY-TESTS,35;36;37;39;48,designed; implementation evidence pending
REQ-34-013,platform,container platform and workers,CTRL-PLATFORM,infra state; owner DBs remain authoritative,DeploymentRecovery,T-COMPOSE,AUTHZ;TENANT;PURPOSE;AUDIT;SUPPLY-CHAIN;BOUNDARY-TESTS,35;36;37;39;48,designed; implementation evidence pending
REQ-34-014,platform,container platform and workers,CTRL-PLATFORM,infra state; owner DBs remain authoritative,DeploymentRecovery,T-COMPOSE,AUTHZ;TENANT;PURPOSE;AUDIT;SUPPLY-CHAIN;BOUNDARY-TESTS,35;36;37;39;48,designed; implementation evidence pending
REQ-34-015,platform,container platform and workers,CTRL-PLATFORM,infra state; owner DBs remain authoritative,DeploymentRecovery,T-COMPOSE,AUTHZ;TENANT;PURPOSE;AUDIT;SUPPLY-CHAIN;BOUNDARY-TESTS,35;36;37;39;48,designed; implementation evidence pending
REQ-34-016,platform,container platform and workers,CTRL-PLATFORM,infra state; owner DBs remain authoritative,DeploymentRecovery,T-COMPOSE,AUTHZ;TENANT;PURPOSE;AUDIT;SUPPLY-CHAIN;BOUNDARY-TESTS,35;36;37;39;48,designed; implementation evidence pending
REQ-35-001,platform,container platform and workers,CTRL-PLATFORM,infra state; owner DBs remain authoritative,DeploymentRecovery,T-COMPOSE,AUTHZ;TENANT;PURPOSE;AUDIT;SUPPLY-CHAIN;BOUNDARY-TESTS,35;36;37;39;48,designed; implementation evidence pending
REQ-35-002,platform,container platform and workers,CTRL-PLATFORM,infra state; owner DBs remain authoritative,DeploymentRecovery,T-COMPOSE,AUTHZ;TENANT;PURPOSE;AUDIT;SUPPLY-CHAIN;BOUNDARY-TESTS,35;36;37;39;48,designed; implementation evidence pending
REQ-35-003,platform,container platform and workers,CTRL-PLATFORM,infra state; owner DBs remain authoritative,DeploymentRecovery,T-COMPOSE,AUTHZ;TENANT;PURPOSE;AUDIT;SUPPLY-CHAIN;BOUNDARY-TESTS,35;36;37;39;48,designed; implementation evidence pending
REQ-35-004,platform,container platform and workers,CTRL-PLATFORM,infra state; owner DBs remain authoritative,DeploymentRecovery,T-COMPOSE,AUTHZ;TENANT;PURPOSE;AUDIT;SUPPLY-CHAIN;BOUNDARY-TESTS,35;36;37;39;48,designed; implementation evidence pending
REQ-35-005,platform,container platform and workers,CTRL-PLATFORM,infra state; owner DBs remain authoritative,DeploymentRecovery,T-COMPOSE,AUTHZ;TENANT;PURPOSE;AUDIT;SUPPLY-CHAIN;BOUNDARY-TESTS,35;36;37;39;48,designed; implementation evidence pending
REQ-35-006,platform,container platform and workers,CTRL-PLATFORM,infra state; owner DBs remain authoritative,DeploymentRecovery,T-COMPOSE,AUTHZ;TENANT;PURPOSE;AUDIT;SUPPLY-CHAIN;BOUNDARY-TESTS,35;36;37;39;48,designed; implementation evidence pending
REQ-35-007,platform,container platform and workers,CTRL-PLATFORM,infra state; owner DBs remain authoritative,DeploymentRecovery,T-COMPOSE,AUTHZ;TENANT;PURPOSE;AUDIT;SUPPLY-CHAIN;BOUNDARY-TESTS,35;36;37;39;48,designed; implementation evidence pending
REQ-35-008,platform,container platform and workers,CTRL-PLATFORM,infra state; owner DBs remain authoritative,DeploymentRecovery,T-COMPOSE,AUTHZ;TENANT;PURPOSE;AUDIT;SUPPLY-CHAIN;BOUNDARY-TESTS,35;36;37;39;48,designed; implementation evidence pending
REQ-35-009,platform,container platform and workers,CTRL-PLATFORM,infra state; owner DBs remain authoritative,DeploymentRecovery,T-COMPOSE,AUTHZ;TENANT;PURPOSE;AUDIT;SUPPLY-CHAIN;BOUNDARY-TESTS,35;36;37;39;48,designed; implementation evidence pending
REQ-35-010,platform,container platform and workers,CTRL-PLATFORM,infra state; owner DBs remain authoritative,DeploymentRecovery,T-COMPOSE,AUTHZ;TENANT;PURPOSE;AUDIT;SUPPLY-CHAIN;BOUNDARY-TESTS,35;36;37;39;48,designed; implementation evidence pending
REQ-35-011,platform,container platform and workers,CTRL-PLATFORM,infra state; owner DBs remain authoritative,DeploymentRecovery,T-COMPOSE,AUTHZ;TENANT;PURPOSE;AUDIT;SUPPLY-CHAIN;BOUNDARY-TESTS,35;36;37;39;48,designed; implementation evidence pending
REQ-35-012,platform,container platform and workers,CTRL-PLATFORM,infra state; owner DBs remain authoritative,DeploymentRecovery,T-COMPOSE,AUTHZ;TENANT;PURPOSE;AUDIT;SUPPLY-CHAIN;BOUNDARY-TESTS,35;36;37;39;48,designed; implementation evidence pending
REQ-35-013,platform,container platform and workers,CTRL-PLATFORM,infra state; owner DBs remain authoritative,DeploymentRecovery,T-COMPOSE,AUTHZ;TENANT;PURPOSE;AUDIT;SUPPLY-CHAIN;BOUNDARY-TESTS,35;36;37;39;48,designed; implementation evidence pending
REQ-35-014,platform,container platform and workers,CTRL-PLATFORM,infra state; owner DBs remain authoritative,DeploymentRecovery,T-COMPOSE,AUTHZ;TENANT;PURPOSE;AUDIT;SUPPLY-CHAIN;BOUNDARY-TESTS,35;36;37;39;48,designed; implementation evidence pending
REQ-35-015,platform,container platform and workers,CTRL-PLATFORM,infra state; owner DBs remain authoritative,DeploymentRecovery,T-COMPOSE,AUTHZ;TENANT;PURPOSE;AUDIT;SUPPLY-CHAIN;BOUNDARY-TESTS,35;36;37;39;48,designed; implementation evidence pending
REQ-35-016,platform,container platform and workers,CTRL-PLATFORM,infra state; owner DBs remain authoritative,DeploymentRecovery,T-COMPOSE,AUTHZ;TENANT;PURPOSE;AUDIT;SUPPLY-CHAIN;BOUNDARY-TESTS,35;36;37;39;48,designed; implementation evidence pending
REQ-35-017,platform,container platform and workers,CTRL-PLATFORM,infra state; owner DBs remain authoritative,DeploymentRecovery,T-COMPOSE,AUTHZ;TENANT;PURPOSE;AUDIT;SUPPLY-CHAIN;BOUNDARY-TESTS,35;36;37;39;48,designed; implementation evidence pending
REQ-35-018,platform,container platform and workers,CTRL-PLATFORM,infra state; owner DBs remain authoritative,DeploymentRecovery,T-COMPOSE,AUTHZ;TENANT;PURPOSE;AUDIT;SUPPLY-CHAIN;BOUNDARY-TESTS,35;36;37;39;48,designed; implementation evidence pending
REQ-36-001,platform,container platform and workers,CTRL-PLATFORM,infra state; owner DBs remain authoritative,DeploymentRecovery,T-COMPOSE,AUTHZ;TENANT;PURPOSE;AUDIT;SUPPLY-CHAIN;BOUNDARY-TESTS,35;36;37;39;48,designed; implementation evidence pending
REQ-36-002,platform,container platform and workers,CTRL-PLATFORM,infra state; owner DBs remain authoritative,DeploymentRecovery,T-COMPOSE,AUTHZ;TENANT;PURPOSE;AUDIT;SUPPLY-CHAIN;BOUNDARY-TESTS,35;36;37;39;48,designed; implementation evidence pending
REQ-36-003,platform,container platform and workers,CTRL-PLATFORM,infra state; owner DBs remain authoritative,DeploymentRecovery,T-COMPOSE,AUTHZ;TENANT;PURPOSE;AUDIT;SUPPLY-CHAIN;BOUNDARY-TESTS,35;36;37;39;48,designed; implementation evidence pending
REQ-36-004,platform,container platform and workers,CTRL-PLATFORM,infra state; owner DBs remain authoritative,DeploymentRecovery,T-COMPOSE,AUTHZ;TENANT;PURPOSE;AUDIT;SUPPLY-CHAIN;BOUNDARY-TESTS,35;36;37;39;48,designed; implementation evidence pending
REQ-36-005,platform,container platform and workers,CTRL-PLATFORM,infra state; owner DBs remain authoritative,DeploymentRecovery,T-COMPOSE,AUTHZ;TENANT;PURPOSE;AUDIT;SUPPLY-CHAIN;BOUNDARY-TESTS,35;36;37;39;48,designed; implementation evidence pending
REQ-36-006,platform,container platform and workers,CTRL-PLATFORM,infra state; owner DBs remain authoritative,DeploymentRecovery,T-COMPOSE,AUTHZ;TENANT;PURPOSE;AUDIT;SUPPLY-CHAIN;BOUNDARY-TESTS,35;36;37;39;48,designed; implementation evidence pending
REQ-36-007,platform,container platform and workers,CTRL-PLATFORM,infra state; owner DBs remain authoritative,DeploymentRecovery,T-COMPOSE,AUTHZ;TENANT;PURPOSE;AUDIT;SUPPLY-CHAIN;BOUNDARY-TESTS,35;36;37;39;48,designed; implementation evidence pending
REQ-36-008,platform,container platform and workers,CTRL-PLATFORM,infra state; owner DBs remain authoritative,DeploymentRecovery,T-COMPOSE,AUTHZ;TENANT;PURPOSE;AUDIT;SUPPLY-CHAIN;BOUNDARY-TESTS,35;36;37;39;48,designed; implementation evidence pending
REQ-36-009,platform,container platform and workers,CTRL-PLATFORM,infra state; owner DBs remain authoritative,DeploymentRecovery,T-COMPOSE,AUTHZ;TENANT;PURPOSE;AUDIT;SUPPLY-CHAIN;BOUNDARY-TESTS,35;36;37;39;48,designed; implementation evidence pending
REQ-36-010,platform,container platform and workers,CTRL-PLATFORM,infra state; owner DBs remain authoritative,DeploymentRecovery,T-COMPOSE,AUTHZ;TENANT;PURPOSE;AUDIT;SUPPLY-CHAIN;BOUNDARY-TESTS,35;36;37;39;48,designed; implementation evidence pending
REQ-37-001,documents,documents,API-DOCUMENT,documents,DocumentCollection,T-DOC,AUTHZ;TENANT;PURPOSE;AUDIT,23;27;28,designed; implementation evidence pending
REQ-37-002,documents,documents,API-DOCUMENT,documents,DocumentCollection,T-DOC,AUTHZ;TENANT;PURPOSE;AUDIT,23;27;28,designed; implementation evidence pending
REQ-37-003,documents,documents,API-DOCUMENT,documents,DocumentCollection,T-DOC,AUTHZ;TENANT;PURPOSE;AUDIT,23;27;28,designed; implementation evidence pending
REQ-37-004,documents,documents,API-DOCUMENT,documents,DocumentCollection,T-DOC,AUTHZ;TENANT;PURPOSE;AUDIT,23;27;28,designed; implementation evidence pending
REQ-37-005,documents,documents,API-DOCUMENT,documents,DocumentCollection,T-DOC,AUTHZ;TENANT;PURPOSE;AUDIT,23;27;28,designed; implementation evidence pending
REQ-37-006,documents,documents,API-DOCUMENT,documents,DocumentCollection,T-DOC,AUTHZ;TENANT;PURPOSE;AUDIT,23;27;28,designed; implementation evidence pending
REQ-37-007,documents,documents,API-DOCUMENT,documents,DocumentCollection,T-DOC,AUTHZ;TENANT;PURPOSE;AUDIT,23;27;28,designed; implementation evidence pending
REQ-37-008,documents,documents,API-DOCUMENT,documents,DocumentCollection,T-DOC,AUTHZ;TENANT;PURPOSE;AUDIT,23;27;28,designed; implementation evidence pending
REQ-37-009,documents,documents,API-DOCUMENT,documents,DocumentCollection,T-DOC,AUTHZ;TENANT;PURPOSE;AUDIT,23;27;28,designed; implementation evidence pending
REQ-37-010,documents,documents,API-DOCUMENT,documents,DocumentCollection,T-DOC,AUTHZ;TENANT;PURPOSE;AUDIT,23;27;28,designed; implementation evidence pending
REQ-37-011,documents,documents,API-DOCUMENT,documents,DocumentCollection,T-DOC,AUTHZ;TENANT;PURPOSE;AUDIT,23;27;28,designed; implementation evidence pending
REQ-37-012,documents,documents,API-DOCUMENT,documents,DocumentCollection,T-DOC,AUTHZ;TENANT;PURPOSE;AUDIT,23;27;28,designed; implementation evidence pending
REQ-37-013,documents,documents,API-DOCUMENT,documents,DocumentCollection,T-DOC,AUTHZ;TENANT;PURPOSE;AUDIT,23;27;28,designed; implementation evidence pending
REQ-37-014,documents,documents,API-DOCUMENT,documents,DocumentCollection,T-DOC,AUTHZ;TENANT;PURPOSE;AUDIT,23;27;28,designed; implementation evidence pending
REQ-37-015,documents,documents,API-DOCUMENT,documents,DocumentCollection,T-DOC,AUTHZ;TENANT;PURPOSE;AUDIT,23;27;28,designed; implementation evidence pending
REQ-38-001,platform,container platform and workers,CTRL-PLATFORM,infra state; owner DBs remain authoritative,DeploymentRecovery,T-COMPOSE,AUTHZ;TENANT;PURPOSE;AUDIT;SUPPLY-CHAIN;BOUNDARY-TESTS,35;36;37;39;48,designed; implementation evidence pending
REQ-38-002,platform,container platform and workers,CTRL-PLATFORM,infra state; owner DBs remain authoritative,DeploymentRecovery,T-COMPOSE,AUTHZ;TENANT;PURPOSE;AUDIT;SUPPLY-CHAIN;BOUNDARY-TESTS,35;36;37;39;48,designed; implementation evidence pending
REQ-38-003,platform,container platform and workers,CTRL-PLATFORM,infra state; owner DBs remain authoritative,DeploymentRecovery,T-COMPOSE,AUTHZ;TENANT;PURPOSE;AUDIT;SUPPLY-CHAIN;BOUNDARY-TESTS,35;36;37;39;48,designed; implementation evidence pending
REQ-38-004,platform,container platform and workers,CTRL-PLATFORM,infra state; owner DBs remain authoritative,DeploymentRecovery,T-COMPOSE,AUTHZ;TENANT;PURPOSE;AUDIT;SUPPLY-CHAIN;BOUNDARY-TESTS,35;36;37;39;48,designed; implementation evidence pending
REQ-38-005,platform,container platform and workers,CTRL-PLATFORM,infra state; owner DBs remain authoritative,DeploymentRecovery,T-COMPOSE,AUTHZ;TENANT;PURPOSE;AUDIT;SUPPLY-CHAIN;BOUNDARY-TESTS,35;36;37;39;48,designed; implementation evidence pending
REQ-38-006,platform,container platform and workers,CTRL-PLATFORM,infra state; owner DBs remain authoritative,DeploymentRecovery,T-COMPOSE,AUTHZ;TENANT;PURPOSE;AUDIT;SUPPLY-CHAIN;BOUNDARY-TESTS,35;36;37;39;48,designed; implementation evidence pending
REQ-39-001,analytics,analytics,API-ANALYTICS,ClickHouse marts,ProjectionReconciliation,T-ANALYTICS,AUTHZ;TENANT;PURPOSE;AUDIT,38;49,designed; implementation evidence pending
REQ-39-002,analytics,analytics,API-ANALYTICS,ClickHouse marts,ProjectionReconciliation,T-ANALYTICS,AUTHZ;TENANT;PURPOSE;AUDIT,38;49,designed; implementation evidence pending
REQ-39-003,analytics,analytics,API-ANALYTICS,ClickHouse marts,ProjectionReconciliation,T-ANALYTICS,AUTHZ;TENANT;PURPOSE;AUDIT,38;49,designed; implementation evidence pending
REQ-39-004,analytics,analytics,API-ANALYTICS,ClickHouse marts,ProjectionReconciliation,T-ANALYTICS,AUTHZ;TENANT;PURPOSE;AUDIT,38;49,designed; implementation evidence pending
REQ-39-005,analytics,analytics,API-ANALYTICS,ClickHouse marts,ProjectionReconciliation,T-ANALYTICS,AUTHZ;TENANT;PURPOSE;AUDIT,38;49,designed; implementation evidence pending
REQ-39-006,analytics,analytics,API-ANALYTICS,ClickHouse marts,ProjectionReconciliation,T-ANALYTICS,AUTHZ;TENANT;PURPOSE;AUDIT,38;49,designed; implementation evidence pending
REQ-39-007,analytics,analytics,API-ANALYTICS,ClickHouse marts,ProjectionReconciliation,T-ANALYTICS,AUTHZ;TENANT;PURPOSE;AUDIT,38;49,designed; implementation evidence pending
REQ-39-008,analytics,analytics,API-ANALYTICS,ClickHouse marts,ProjectionReconciliation,T-ANALYTICS,AUTHZ;TENANT;PURPOSE;AUDIT,38;49,designed; implementation evidence pending
REQ-39-009,analytics,analytics,API-ANALYTICS,ClickHouse marts,ProjectionReconciliation,T-ANALYTICS,AUTHZ;TENANT;PURPOSE;AUDIT,38;49,designed; implementation evidence pending
REQ-39-010,analytics,analytics,API-ANALYTICS,ClickHouse marts,ProjectionReconciliation,T-ANALYTICS,AUTHZ;TENANT;PURPOSE;AUDIT,38;49,designed; implementation evidence pending
REQ-39-011,analytics,analytics,API-ANALYTICS,ClickHouse marts,ProjectionReconciliation,T-ANALYTICS,AUTHZ;TENANT;PURPOSE;AUDIT,38;49,designed; implementation evidence pending
REQ-39-012,analytics,analytics,API-ANALYTICS,ClickHouse marts,ProjectionReconciliation,T-ANALYTICS,AUTHZ;TENANT;PURPOSE;AUDIT,38;49,designed; implementation evidence pending
REQ-39-013,analytics,analytics,API-ANALYTICS,ClickHouse marts,ProjectionReconciliation,T-ANALYTICS,AUTHZ;TENANT;PURPOSE;AUDIT,38;49,designed; implementation evidence pending
REQ-39-014,analytics,analytics,API-ANALYTICS,ClickHouse marts,ProjectionReconciliation,T-ANALYTICS,AUTHZ;TENANT;PURPOSE;AUDIT,38;49,designed; implementation evidence pending
REQ-39-015,analytics,analytics,API-ANALYTICS,ClickHouse marts,ProjectionReconciliation,T-ANALYTICS,AUTHZ;TENANT;PURPOSE;AUDIT,38;49,designed; implementation evidence pending
REQ-39-016,analytics,analytics,API-ANALYTICS,ClickHouse marts,ProjectionReconciliation,T-ANALYTICS,AUTHZ;TENANT;PURPOSE;AUDIT,38;49,designed; implementation evidence pending
REQ-39-017,analytics,analytics,API-ANALYTICS,ClickHouse marts,ProjectionReconciliation,T-ANALYTICS,AUTHZ;TENANT;PURPOSE;AUDIT,38;49,designed; implementation evidence pending
REQ-39-018,analytics,analytics,API-ANALYTICS,ClickHouse marts,ProjectionReconciliation,T-ANALYTICS,AUTHZ;TENANT;PURPOSE;AUDIT,38;49,designed; implementation evidence pending
REQ-39-019,analytics,analytics,API-ANALYTICS,ClickHouse marts,ProjectionReconciliation,T-ANALYTICS,AUTHZ;TENANT;PURPOSE;AUDIT,38;49,designed; implementation evidence pending
REQ-39-020,analytics,analytics,API-ANALYTICS,ClickHouse marts,ProjectionReconciliation,T-ANALYTICS,AUTHZ;TENANT;PURPOSE;AUDIT,38;49,designed; implementation evidence pending
REQ-39-021,analytics,analytics,API-ANALYTICS,ClickHouse marts,ProjectionReconciliation,T-ANALYTICS,AUTHZ;TENANT;PURPOSE;AUDIT,38;49,designed; implementation evidence pending
REQ-39-022,analytics,analytics,API-ANALYTICS,ClickHouse marts,ProjectionReconciliation,T-ANALYTICS,AUTHZ;TENANT;PURPOSE;AUDIT,38;49,designed; implementation evidence pending
REQ-40-001,fraud,fraud,API-FRAUD,fraud,FraudInvestigation,T-FRAUD,AUTHZ;TENANT;PURPOSE;AUDIT,25;27,designed; implementation evidence pending
REQ-40-002,fraud,fraud,API-FRAUD,fraud,FraudInvestigation,T-FRAUD,AUTHZ;TENANT;PURPOSE;AUDIT,25;27,designed; implementation evidence pending
REQ-40-003,fraud,fraud,API-FRAUD,fraud,FraudInvestigation,T-FRAUD,AUTHZ;TENANT;PURPOSE;AUDIT,25;27,designed; implementation evidence pending
REQ-40-004,fraud,fraud,API-FRAUD,fraud,FraudInvestigation,T-FRAUD,AUTHZ;TENANT;PURPOSE;AUDIT,25;27,designed; implementation evidence pending
REQ-40-005,fraud,fraud,API-FRAUD,fraud,FraudInvestigation,T-FRAUD,AUTHZ;TENANT;PURPOSE;AUDIT,25;27,designed; implementation evidence pending
REQ-40-006,fraud,fraud,API-FRAUD,fraud,FraudInvestigation,T-FRAUD,AUTHZ;TENANT;PURPOSE;AUDIT,25;27,designed; implementation evidence pending
REQ-40-007,fraud,fraud,API-FRAUD,fraud,FraudInvestigation,T-FRAUD,AUTHZ;TENANT;PURPOSE;AUDIT,25;27,designed; implementation evidence pending
REQ-40-008,fraud,fraud,API-FRAUD,fraud,FraudInvestigation,T-FRAUD,AUTHZ;TENANT;PURPOSE;AUDIT,25;27,designed; implementation evidence pending
REQ-40-009,fraud,fraud,API-FRAUD,fraud,FraudInvestigation,T-FRAUD,AUTHZ;TENANT;PURPOSE;AUDIT,25;27,designed; implementation evidence pending
REQ-40-010,fraud,fraud,API-FRAUD,fraud,FraudInvestigation,T-FRAUD,AUTHZ;TENANT;PURPOSE;AUDIT,25;27,designed; implementation evidence pending
REQ-40-011,fraud,fraud,API-FRAUD,fraud,FraudInvestigation,T-FRAUD,AUTHZ;TENANT;PURPOSE;AUDIT,25;27,designed; implementation evidence pending
REQ-40-012,fraud,fraud,API-FRAUD,fraud,FraudInvestigation,T-FRAUD,AUTHZ;TENANT;PURPOSE;AUDIT,25;27,designed; implementation evidence pending
REQ-40-013,fraud,fraud,API-FRAUD,fraud,FraudInvestigation,T-FRAUD,AUTHZ;TENANT;PURPOSE;AUDIT,25;27,designed; implementation evidence pending
REQ-40-014,fraud,fraud,API-FRAUD,fraud,FraudInvestigation,T-FRAUD,AUTHZ;TENANT;PURPOSE;AUDIT,25;27,designed; implementation evidence pending
REQ-40-015,fraud,fraud,API-FRAUD,fraud,FraudInvestigation,T-FRAUD,AUTHZ;TENANT;PURPOSE;AUDIT,25;27,designed; implementation evidence pending
REQ-40-016,fraud,fraud,API-FRAUD,fraud,FraudInvestigation,T-FRAUD,AUTHZ;TENANT;PURPOSE;AUDIT,25;27,designed; implementation evidence pending
REQ-40-017,fraud,fraud,API-FRAUD,fraud,FraudInvestigation,T-FRAUD,AUTHZ;TENANT;PURPOSE;AUDIT,25;27,designed; implementation evidence pending
REQ-40-018,fraud,fraud,API-FRAUD,fraud,FraudInvestigation,T-FRAUD,AUTHZ;TENANT;PURPOSE;AUDIT,25;27,designed; implementation evidence pending
REQ-40-019,fraud,fraud,API-FRAUD,fraud,FraudInvestigation,T-FRAUD,AUTHZ;TENANT;PURPOSE;AUDIT,25;27,designed; implementation evidence pending
REQ-40-020,fraud,fraud,API-FRAUD,fraud,FraudInvestigation,T-FRAUD,AUTHZ;TENANT;PURPOSE;AUDIT,25;27,designed; implementation evidence pending
REQ-40-021,fraud,fraud,API-FRAUD,fraud,FraudInvestigation,T-FRAUD,AUTHZ;TENANT;PURPOSE;AUDIT,25;27,designed; implementation evidence pending
REQ-41-001,ai,ai,API-AI,ai,ValidatedProposal,T-AI,AUTHZ;TENANT;PURPOSE;AUDIT,24;25;27,designed; implementation evidence pending
REQ-41-002,ai,ai,API-AI,ai,ValidatedProposal,T-AI,AUTHZ;TENANT;PURPOSE;AUDIT,24;25;27,designed; implementation evidence pending
REQ-41-003,ai,ai,API-AI,ai,ValidatedProposal,T-AI,AUTHZ;TENANT;PURPOSE;AUDIT,24;25;27,designed; implementation evidence pending
REQ-41-004,ai,ai,API-AI,ai,ValidatedProposal,T-AI,AUTHZ;TENANT;PURPOSE;AUDIT,24;25;27,designed; implementation evidence pending
REQ-41-005,ai,ai,API-AI,ai,ValidatedProposal,T-AI,AUTHZ;TENANT;PURPOSE;AUDIT,24;25;27,designed; implementation evidence pending
REQ-41-006,ai,ai,API-AI,ai,ValidatedProposal,T-AI,AUTHZ;TENANT;PURPOSE;AUDIT,24;25;27,designed; implementation evidence pending
REQ-41-007,ai,ai,API-AI,ai,ValidatedProposal,T-AI,AUTHZ;TENANT;PURPOSE;AUDIT,24;25;27,designed; implementation evidence pending
REQ-41-008,ai,ai,API-AI,ai,ValidatedProposal,T-AI,AUTHZ;TENANT;PURPOSE;AUDIT,24;25;27,designed; implementation evidence pending
REQ-41-009,ai,ai,API-AI,ai,ValidatedProposal,T-AI,AUTHZ;TENANT;PURPOSE;AUDIT,24;25;27,designed; implementation evidence pending
REQ-41-010,ai,ai,API-AI,ai,ValidatedProposal,T-AI,AUTHZ;TENANT;PURPOSE;AUDIT,24;25;27,designed; implementation evidence pending
REQ-41-011,ai,ai,API-AI,ai,ValidatedProposal,T-AI,AUTHZ;TENANT;PURPOSE;AUDIT,24;25;27,designed; implementation evidence pending
REQ-41-012,ai,ai,API-AI,ai,ValidatedProposal,T-AI,AUTHZ;TENANT;PURPOSE;AUDIT,24;25;27,designed; implementation evidence pending
REQ-41-013,ai,ai,API-AI,ai,ValidatedProposal,T-AI,AUTHZ;TENANT;PURPOSE;AUDIT,24;25;27,designed; implementation evidence pending
REQ-41-014,ai,ai,API-AI,ai,ValidatedProposal,T-AI,AUTHZ;TENANT;PURPOSE;AUDIT,24;25;27,designed; implementation evidence pending
REQ-41-015,ai,ai,API-AI,ai,ValidatedProposal,T-AI,AUTHZ;TENANT;PURPOSE;AUDIT,24;25;27,designed; implementation evidence pending
REQ-41-016,ai,ai,API-AI,ai,ValidatedProposal,T-AI,AUTHZ;TENANT;PURPOSE;AUDIT,24;25;27,designed; implementation evidence pending
REQ-41-017,ai,ai,API-AI,ai,ValidatedProposal,T-AI,AUTHZ;TENANT;PURPOSE;AUDIT,24;25;27,designed; implementation evidence pending
REQ-41-018,ai,ai,API-AI,ai,ValidatedProposal,T-AI,AUTHZ;TENANT;PURPOSE;AUDIT,24;25;27,designed; implementation evidence pending
REQ-41-019,ai,ai,API-AI,ai,ValidatedProposal,T-AI,AUTHZ;TENANT;PURPOSE;AUDIT,24;25;27,designed; implementation evidence pending
REQ-41-020,ai,ai,API-AI,ai,ValidatedProposal,T-AI,AUTHZ;TENANT;PURPOSE;AUDIT,24;25;27,designed; implementation evidence pending
REQ-41-021,ai,ai,API-AI,ai,ValidatedProposal,T-AI,AUTHZ;TENANT;PURPOSE;AUDIT,24;25;27,designed; implementation evidence pending
REQ-41-022,ai,ai,API-AI,ai,ValidatedProposal,T-AI,AUTHZ;TENANT;PURPOSE;AUDIT,24;25;27,designed; implementation evidence pending
REQ-41-023,ai,ai,API-AI,ai,ValidatedProposal,T-AI,AUTHZ;TENANT;PURPOSE;AUDIT,24;25;27,designed; implementation evidence pending
REQ-41-024,ai,ai,API-AI,ai,ValidatedProposal,T-AI,AUTHZ;TENANT;PURPOSE;AUDIT,24;25;27,designed; implementation evidence pending
REQ-41-025,ai,ai,API-AI,ai,ValidatedProposal,T-AI,AUTHZ;TENANT;PURPOSE;AUDIT,24;25;27,designed; implementation evidence pending
REQ-41-026,ai,ai,API-AI,ai,ValidatedProposal,T-AI,AUTHZ;TENANT;PURPOSE;AUDIT,24;25;27,designed; implementation evidence pending
REQ-41-027,ai,ai,API-AI,ai,ValidatedProposal,T-AI,AUTHZ;TENANT;PURPOSE;AUDIT,24;25;27,designed; implementation evidence pending
REQ-41-028,ai,ai,API-AI,ai,ValidatedProposal,T-AI,AUTHZ;TENANT;PURPOSE;AUDIT,24;25;27,designed; implementation evidence pending
REQ-42-001,ai,ai,API-AI,ai,ValidatedProposal,T-AI,AUTHZ;TENANT;PURPOSE;AUDIT,24;25;27,designed; implementation evidence pending
REQ-42-002,ai,ai,API-AI,ai,ValidatedProposal,T-AI,AUTHZ;TENANT;PURPOSE;AUDIT,24;25;27,designed; implementation evidence pending
REQ-42-003,ai,ai,API-AI,ai,ValidatedProposal,T-AI,AUTHZ;TENANT;PURPOSE;AUDIT,24;25;27,designed; implementation evidence pending
REQ-42-004,ai,ai,API-AI,ai,ValidatedProposal,T-AI,AUTHZ;TENANT;PURPOSE;AUDIT,24;25;27,designed; implementation evidence pending
REQ-42-005,ai,ai,API-AI,ai,ValidatedProposal,T-AI,AUTHZ;TENANT;PURPOSE;AUDIT,24;25;27,designed; implementation evidence pending
REQ-42-006,ai,ai,API-AI,ai,ValidatedProposal,T-AI,AUTHZ;TENANT;PURPOSE;AUDIT,24;25;27,designed; implementation evidence pending
REQ-42-007,ai,ai,API-AI,ai,ValidatedProposal,T-AI,AUTHZ;TENANT;PURPOSE;AUDIT,24;25;27,designed; implementation evidence pending
REQ-42-008,ai,ai,API-AI,ai,ValidatedProposal,T-AI,AUTHZ;TENANT;PURPOSE;AUDIT,24;25;27,designed; implementation evidence pending
REQ-42-009,ai,ai,API-AI,ai,ValidatedProposal,T-AI,AUTHZ;TENANT;PURPOSE;AUDIT,24;25;27,designed; implementation evidence pending
REQ-42-010,ai,ai,API-AI,ai,ValidatedProposal,T-AI,AUTHZ;TENANT;PURPOSE;AUDIT,24;25;27,designed; implementation evidence pending
REQ-42-011,ai,ai,API-AI,ai,ValidatedProposal,T-AI,AUTHZ;TENANT;PURPOSE;AUDIT,24;25;27,designed; implementation evidence pending
REQ-43-001,documents,documents,API-DOCUMENT,documents,DocumentCollection,T-DOC,AUTHZ;TENANT;PURPOSE;AUDIT,23;27;28,designed; implementation evidence pending
REQ-43-002,documents,documents,API-DOCUMENT,documents,DocumentCollection,T-DOC,AUTHZ;TENANT;PURPOSE;AUDIT,23;27;28,designed; implementation evidence pending
REQ-43-003,documents,documents,API-DOCUMENT,documents,DocumentCollection,T-DOC,AUTHZ;TENANT;PURPOSE;AUDIT,23;27;28,designed; implementation evidence pending
REQ-43-004,documents,documents,API-DOCUMENT,documents,DocumentCollection,T-DOC,AUTHZ;TENANT;PURPOSE;AUDIT,23;27;28,designed; implementation evidence pending
REQ-43-005,documents,documents,API-DOCUMENT,documents,DocumentCollection,T-DOC,AUTHZ;TENANT;PURPOSE;AUDIT,23;27;28,designed; implementation evidence pending
REQ-43-006,documents,documents,API-DOCUMENT,documents,DocumentCollection,T-DOC,AUTHZ;TENANT;PURPOSE;AUDIT,23;27;28,designed; implementation evidence pending
REQ-43-007,documents,documents,API-DOCUMENT,documents,DocumentCollection,T-DOC,AUTHZ;TENANT;PURPOSE;AUDIT,23;27;28,designed; implementation evidence pending
REQ-43-008,documents,documents,API-DOCUMENT,documents,DocumentCollection,T-DOC,AUTHZ;TENANT;PURPOSE;AUDIT,23;27;28,designed; implementation evidence pending
REQ-43-009,documents,documents,API-DOCUMENT,documents,DocumentCollection,T-DOC,AUTHZ;TENANT;PURPOSE;AUDIT,23;27;28,designed; implementation evidence pending
REQ-43-010,documents,documents,API-DOCUMENT,documents,DocumentCollection,T-DOC,AUTHZ;TENANT;PURPOSE;AUDIT,23;27;28,designed; implementation evidence pending
REQ-43-011,documents,documents,API-DOCUMENT,documents,DocumentCollection,T-DOC,AUTHZ;TENANT;PURPOSE;AUDIT,23;27;28,designed; implementation evidence pending
REQ-43-012,documents,documents,API-DOCUMENT,documents,DocumentCollection,T-DOC,AUTHZ;TENANT;PURPOSE;AUDIT,23;27;28,designed; implementation evidence pending
REQ-43-013,documents,documents,API-DOCUMENT,documents,DocumentCollection,T-DOC,AUTHZ;TENANT;PURPOSE;AUDIT,23;27;28,designed; implementation evidence pending
REQ-43-014,documents,documents,API-DOCUMENT,documents,DocumentCollection,T-DOC,AUTHZ;TENANT;PURPOSE;AUDIT,23;27;28,designed; implementation evidence pending
REQ-43-015,documents,documents,API-DOCUMENT,documents,DocumentCollection,T-DOC,AUTHZ;TENANT;PURPOSE;AUDIT,23;27;28,designed; implementation evidence pending
REQ-43-016,documents,documents,API-DOCUMENT,documents,DocumentCollection,T-DOC,AUTHZ;TENANT;PURPOSE;AUDIT,23;27;28,designed; implementation evidence pending
REQ-43-017,documents,documents,API-DOCUMENT,documents,DocumentCollection,T-DOC,AUTHZ;TENANT;PURPOSE;AUDIT,23;27;28,designed; implementation evidence pending
REQ-43-018,documents,documents,API-DOCUMENT,documents,DocumentCollection,T-DOC,AUTHZ;TENANT;PURPOSE;AUDIT,23;27;28,designed; implementation evidence pending
REQ-44-001,privacy,compliance purpose and vault controls,CTRL-PRIVACY,compliance/party/documents,PurposeRetention,T-PRIVACY,AUTHZ;TENANT;PURPOSE;AUDIT;SUPPLY-CHAIN;BOUNDARY-TESTS,27;53,designed; implementation evidence pending
REQ-44-002,privacy,compliance purpose and vault controls,CTRL-PRIVACY,compliance/party/documents,PurposeRetention,T-PRIVACY,AUTHZ;TENANT;PURPOSE;AUDIT;SUPPLY-CHAIN;BOUNDARY-TESTS,27;53,designed; implementation evidence pending
REQ-44-003,privacy,compliance purpose and vault controls,CTRL-PRIVACY,compliance/party/documents,PurposeRetention,T-PRIVACY,AUTHZ;TENANT;PURPOSE;AUDIT;SUPPLY-CHAIN;BOUNDARY-TESTS,27;53,designed; implementation evidence pending
REQ-44-004,privacy,compliance purpose and vault controls,CTRL-PRIVACY,compliance/party/documents,PurposeRetention,T-PRIVACY,AUTHZ;TENANT;PURPOSE;AUDIT;SUPPLY-CHAIN;BOUNDARY-TESTS,27;53,designed; implementation evidence pending
REQ-44-005,privacy,compliance purpose and vault controls,CTRL-PRIVACY,compliance/party/documents,PurposeRetention,T-PRIVACY,AUTHZ;TENANT;PURPOSE;AUDIT;SUPPLY-CHAIN;BOUNDARY-TESTS,27;53,designed; implementation evidence pending
REQ-44-006,privacy,compliance purpose and vault controls,CTRL-PRIVACY,compliance/party/documents,PurposeRetention,T-PRIVACY,AUTHZ;TENANT;PURPOSE;AUDIT;SUPPLY-CHAIN;BOUNDARY-TESTS,27;53,designed; implementation evidence pending
REQ-44-007,privacy,compliance purpose and vault controls,CTRL-PRIVACY,compliance/party/documents,PurposeRetention,T-PRIVACY,AUTHZ;TENANT;PURPOSE;AUDIT;SUPPLY-CHAIN;BOUNDARY-TESTS,27;53,designed; implementation evidence pending
REQ-44-008,privacy,compliance purpose and vault controls,CTRL-PRIVACY,compliance/party/documents,PurposeRetention,T-PRIVACY,AUTHZ;TENANT;PURPOSE;AUDIT;SUPPLY-CHAIN;BOUNDARY-TESTS,27;53,designed; implementation evidence pending
REQ-44-009,privacy,compliance purpose and vault controls,CTRL-PRIVACY,compliance/party/documents,PurposeRetention,T-PRIVACY,AUTHZ;TENANT;PURPOSE;AUDIT;SUPPLY-CHAIN;BOUNDARY-TESTS,27;53,designed; implementation evidence pending
REQ-44-010,privacy,compliance purpose and vault controls,CTRL-PRIVACY,compliance/party/documents,PurposeRetention,T-PRIVACY,AUTHZ;TENANT;PURPOSE;AUDIT;SUPPLY-CHAIN;BOUNDARY-TESTS,27;53,designed; implementation evidence pending
REQ-44-011,privacy,compliance purpose and vault controls,CTRL-PRIVACY,compliance/party/documents,PurposeRetention,T-PRIVACY,AUTHZ;TENANT;PURPOSE;AUDIT;SUPPLY-CHAIN;BOUNDARY-TESTS,27;53,designed; implementation evidence pending
REQ-44-012,privacy,compliance purpose and vault controls,CTRL-PRIVACY,compliance/party/documents,PurposeRetention,T-PRIVACY,AUTHZ;TENANT;PURPOSE;AUDIT;SUPPLY-CHAIN;BOUNDARY-TESTS,27;53,designed; implementation evidence pending
REQ-44-013,privacy,compliance purpose and vault controls,CTRL-PRIVACY,compliance/party/documents,PurposeRetention,T-PRIVACY,AUTHZ;TENANT;PURPOSE;AUDIT;SUPPLY-CHAIN;BOUNDARY-TESTS,27;53,designed; implementation evidence pending
REQ-44-014,privacy,compliance purpose and vault controls,CTRL-PRIVACY,compliance/party/documents,PurposeRetention,T-PRIVACY,AUTHZ;TENANT;PURPOSE;AUDIT;SUPPLY-CHAIN;BOUNDARY-TESTS,27;53,designed; implementation evidence pending
REQ-45-001,security,authorization and security controls,CTRL-SECURITY,owned data policies; no generic security DB,ThreatReview,T-SECURITY,AUTHZ;TENANT;PURPOSE;AUDIT;SUPPLY-CHAIN;BOUNDARY-TESTS,6;26;51,designed; implementation evidence pending
REQ-45-002,security,authorization and security controls,CTRL-SECURITY,owned data policies; no generic security DB,ThreatReview,T-SECURITY,AUTHZ;TENANT;PURPOSE;AUDIT;SUPPLY-CHAIN;BOUNDARY-TESTS,6;26;51,designed; implementation evidence pending
REQ-45-003,security,authorization and security controls,CTRL-SECURITY,owned data policies; no generic security DB,ThreatReview,T-SECURITY,AUTHZ;TENANT;PURPOSE;AUDIT;SUPPLY-CHAIN;BOUNDARY-TESTS,6;26;51,designed; implementation evidence pending
REQ-45-004,security,authorization and security controls,CTRL-SECURITY,owned data policies; no generic security DB,ThreatReview,T-SECURITY,AUTHZ;TENANT;PURPOSE;AUDIT;SUPPLY-CHAIN;BOUNDARY-TESTS,6;26;51,designed; implementation evidence pending
REQ-45-005,security,authorization and security controls,CTRL-SECURITY,owned data policies; no generic security DB,ThreatReview,T-SECURITY,AUTHZ;TENANT;PURPOSE;AUDIT;SUPPLY-CHAIN;BOUNDARY-TESTS,6;26;51,designed; implementation evidence pending
REQ-45-006,security,authorization and security controls,CTRL-SECURITY,owned data policies; no generic security DB,ThreatReview,T-SECURITY,AUTHZ;TENANT;PURPOSE;AUDIT;SUPPLY-CHAIN;BOUNDARY-TESTS,6;26;51,designed; implementation evidence pending
REQ-45-007,security,authorization and security controls,CTRL-SECURITY,owned data policies; no generic security DB,ThreatReview,T-SECURITY,AUTHZ;TENANT;PURPOSE;AUDIT;SUPPLY-CHAIN;BOUNDARY-TESTS,6;26;51,designed; implementation evidence pending
REQ-45-008,security,authorization and security controls,CTRL-SECURITY,owned data policies; no generic security DB,ThreatReview,T-SECURITY,AUTHZ;TENANT;PURPOSE;AUDIT;SUPPLY-CHAIN;BOUNDARY-TESTS,6;26;51,designed; implementation evidence pending
REQ-45-009,security,authorization and security controls,CTRL-SECURITY,owned data policies; no generic security DB,ThreatReview,T-SECURITY,AUTHZ;TENANT;PURPOSE;AUDIT;SUPPLY-CHAIN;BOUNDARY-TESTS,6;26;51,designed; implementation evidence pending
REQ-45-010,security,authorization and security controls,CTRL-SECURITY,owned data policies; no generic security DB,ThreatReview,T-SECURITY,AUTHZ;TENANT;PURPOSE;AUDIT;SUPPLY-CHAIN;BOUNDARY-TESTS,6;26;51,designed; implementation evidence pending
REQ-45-011,security,authorization and security controls,CTRL-SECURITY,owned data policies; no generic security DB,ThreatReview,T-SECURITY,AUTHZ;TENANT;PURPOSE;AUDIT;SUPPLY-CHAIN;BOUNDARY-TESTS,6;26;51,designed; implementation evidence pending
REQ-45-012,security,authorization and security controls,CTRL-SECURITY,owned data policies; no generic security DB,ThreatReview,T-SECURITY,AUTHZ;TENANT;PURPOSE;AUDIT;SUPPLY-CHAIN;BOUNDARY-TESTS,6;26;51,designed; implementation evidence pending
REQ-45-013,security,authorization and security controls,CTRL-SECURITY,owned data policies; no generic security DB,ThreatReview,T-SECURITY,AUTHZ;TENANT;PURPOSE;AUDIT;SUPPLY-CHAIN;BOUNDARY-TESTS,6;26;51,designed; implementation evidence pending
REQ-45-014,security,authorization and security controls,CTRL-SECURITY,owned data policies; no generic security DB,ThreatReview,T-SECURITY,AUTHZ;TENANT;PURPOSE;AUDIT;SUPPLY-CHAIN;BOUNDARY-TESTS,6;26;51,designed; implementation evidence pending
REQ-45-015,security,authorization and security controls,CTRL-SECURITY,owned data policies; no generic security DB,ThreatReview,T-SECURITY,AUTHZ;TENANT;PURPOSE;AUDIT;SUPPLY-CHAIN;BOUNDARY-TESTS,6;26;51,designed; implementation evidence pending
REQ-45-016,security,authorization and security controls,CTRL-SECURITY,owned data policies; no generic security DB,ThreatReview,T-SECURITY,AUTHZ;TENANT;PURPOSE;AUDIT;SUPPLY-CHAIN;BOUNDARY-TESTS,6;26;51,designed; implementation evidence pending
REQ-45-017,security,authorization and security controls,CTRL-SECURITY,owned data policies; no generic security DB,ThreatReview,T-SECURITY,AUTHZ;TENANT;PURPOSE;AUDIT;SUPPLY-CHAIN;BOUNDARY-TESTS,6;26;51,designed; implementation evidence pending
REQ-45-018,security,authorization and security controls,CTRL-SECURITY,owned data policies; no generic security DB,ThreatReview,T-SECURITY,AUTHZ;TENANT;PURPOSE;AUDIT;SUPPLY-CHAIN;BOUNDARY-TESTS,6;26;51,designed; implementation evidence pending
REQ-45-019,security,authorization and security controls,CTRL-SECURITY,owned data policies; no generic security DB,ThreatReview,T-SECURITY,AUTHZ;TENANT;PURPOSE;AUDIT;SUPPLY-CHAIN;BOUNDARY-TESTS,6;26;51,designed; implementation evidence pending
REQ-45-020,security,authorization and security controls,CTRL-SECURITY,owned data policies; no generic security DB,ThreatReview,T-SECURITY,AUTHZ;TENANT;PURPOSE;AUDIT;SUPPLY-CHAIN;BOUNDARY-TESTS,6;26;51,designed; implementation evidence pending
REQ-45-021,security,authorization and security controls,CTRL-SECURITY,owned data policies; no generic security DB,ThreatReview,T-SECURITY,AUTHZ;TENANT;PURPOSE;AUDIT;SUPPLY-CHAIN;BOUNDARY-TESTS,6;26;51,designed; implementation evidence pending
REQ-45-022,security,authorization and security controls,CTRL-SECURITY,owned data policies; no generic security DB,ThreatReview,T-SECURITY,AUTHZ;TENANT;PURPOSE;AUDIT;SUPPLY-CHAIN;BOUNDARY-TESTS,6;26;51,designed; implementation evidence pending
REQ-45-023,security,authorization and security controls,CTRL-SECURITY,owned data policies; no generic security DB,ThreatReview,T-SECURITY,AUTHZ;TENANT;PURPOSE;AUDIT;SUPPLY-CHAIN;BOUNDARY-TESTS,6;26;51,designed; implementation evidence pending
REQ-45-024,security,authorization and security controls,CTRL-SECURITY,owned data policies; no generic security DB,ThreatReview,T-SECURITY,AUTHZ;TENANT;PURPOSE;AUDIT;SUPPLY-CHAIN;BOUNDARY-TESTS,6;26;51,designed; implementation evidence pending
REQ-45-025,security,authorization and security controls,CTRL-SECURITY,owned data policies; no generic security DB,ThreatReview,T-SECURITY,AUTHZ;TENANT;PURPOSE;AUDIT;SUPPLY-CHAIN;BOUNDARY-TESTS,6;26;51,designed; implementation evidence pending
REQ-45-026,security,authorization and security controls,CTRL-SECURITY,owned data policies; no generic security DB,ThreatReview,T-SECURITY,AUTHZ;TENANT;PURPOSE;AUDIT;SUPPLY-CHAIN;BOUNDARY-TESTS,6;26;51,designed; implementation evidence pending
REQ-45-027,security,authorization and security controls,CTRL-SECURITY,owned data policies; no generic security DB,ThreatReview,T-SECURITY,AUTHZ;TENANT;PURPOSE;AUDIT;SUPPLY-CHAIN;BOUNDARY-TESTS,6;26;51,designed; implementation evidence pending
REQ-45-028,security,authorization and security controls,CTRL-SECURITY,owned data policies; no generic security DB,ThreatReview,T-SECURITY,AUTHZ;TENANT;PURPOSE;AUDIT;SUPPLY-CHAIN;BOUNDARY-TESTS,6;26;51,designed; implementation evidence pending
REQ-45-029,security,authorization and security controls,CTRL-SECURITY,owned data policies; no generic security DB,ThreatReview,T-SECURITY,AUTHZ;TENANT;PURPOSE;AUDIT;SUPPLY-CHAIN;BOUNDARY-TESTS,6;26;51,designed; implementation evidence pending
REQ-45-030,security,authorization and security controls,CTRL-SECURITY,owned data policies; no generic security DB,ThreatReview,T-SECURITY,AUTHZ;TENANT;PURPOSE;AUDIT;SUPPLY-CHAIN;BOUNDARY-TESTS,6;26;51,designed; implementation evidence pending
REQ-45-031,security,authorization and security controls,CTRL-SECURITY,owned data policies; no generic security DB,ThreatReview,T-SECURITY,AUTHZ;TENANT;PURPOSE;AUDIT;SUPPLY-CHAIN;BOUNDARY-TESTS,6;26;51,designed; implementation evidence pending
REQ-45-032,security,authorization and security controls,CTRL-SECURITY,owned data policies; no generic security DB,ThreatReview,T-SECURITY,AUTHZ;TENANT;PURPOSE;AUDIT;SUPPLY-CHAIN;BOUNDARY-TESTS,6;26;51,designed; implementation evidence pending
REQ-45-033,security,authorization and security controls,CTRL-SECURITY,owned data policies; no generic security DB,ThreatReview,T-SECURITY,AUTHZ;TENANT;PURPOSE;AUDIT;SUPPLY-CHAIN;BOUNDARY-TESTS,6;26;51,designed; implementation evidence pending
REQ-45-034,security,authorization and security controls,CTRL-SECURITY,owned data policies; no generic security DB,ThreatReview,T-SECURITY,AUTHZ;TENANT;PURPOSE;AUDIT;SUPPLY-CHAIN;BOUNDARY-TESTS,6;26;51,designed; implementation evidence pending
REQ-45-035,security,authorization and security controls,CTRL-SECURITY,owned data policies; no generic security DB,ThreatReview,T-SECURITY,AUTHZ;TENANT;PURPOSE;AUDIT;SUPPLY-CHAIN;BOUNDARY-TESTS,6;26;51,designed; implementation evidence pending
REQ-45-036,security,authorization and security controls,CTRL-SECURITY,owned data policies; no generic security DB,ThreatReview,T-SECURITY,AUTHZ;TENANT;PURPOSE;AUDIT;SUPPLY-CHAIN;BOUNDARY-TESTS,6;26;51,designed; implementation evidence pending
REQ-45-037,security,authorization and security controls,CTRL-SECURITY,owned data policies; no generic security DB,ThreatReview,T-SECURITY,AUTHZ;TENANT;PURPOSE;AUDIT;SUPPLY-CHAIN;BOUNDARY-TESTS,6;26;51,designed; implementation evidence pending
REQ-46-001,compliance,compliance,API-COMPLIANCE,compliance,ComplianceReview,T-COMPLIANCE,AUTHZ;TENANT;PURPOSE;AUDIT,27;53;57,designed; implementation evidence pending
REQ-46-002,compliance,compliance,API-COMPLIANCE,compliance,ComplianceReview,T-COMPLIANCE,AUTHZ;TENANT;PURPOSE;AUDIT,27;53;57,designed; implementation evidence pending
REQ-46-003,compliance,compliance,API-COMPLIANCE,compliance,ComplianceReview,T-COMPLIANCE,AUTHZ;TENANT;PURPOSE;AUDIT,27;53;57,designed; implementation evidence pending
REQ-46-004,compliance,compliance,API-COMPLIANCE,compliance,ComplianceReview,T-COMPLIANCE,AUTHZ;TENANT;PURPOSE;AUDIT,27;53;57,designed; implementation evidence pending
REQ-46-005,compliance,compliance,API-COMPLIANCE,compliance,ComplianceReview,T-COMPLIANCE,AUTHZ;TENANT;PURPOSE;AUDIT,27;53;57,designed; implementation evidence pending
REQ-46-006,compliance,compliance,API-COMPLIANCE,compliance,ComplianceReview,T-COMPLIANCE,AUTHZ;TENANT;PURPOSE;AUDIT,27;53;57,designed; implementation evidence pending
REQ-46-007,compliance,compliance,API-COMPLIANCE,compliance,ComplianceReview,T-COMPLIANCE,AUTHZ;TENANT;PURPOSE;AUDIT,27;53;57,designed; implementation evidence pending
REQ-46-008,compliance,compliance,API-COMPLIANCE,compliance,ComplianceReview,T-COMPLIANCE,AUTHZ;TENANT;PURPOSE;AUDIT,27;53;57,designed; implementation evidence pending
REQ-46-009,compliance,compliance,API-COMPLIANCE,compliance,ComplianceReview,T-COMPLIANCE,AUTHZ;TENANT;PURPOSE;AUDIT,27;53;57,designed; implementation evidence pending
REQ-46-010,compliance,compliance,API-COMPLIANCE,compliance,ComplianceReview,T-COMPLIANCE,AUTHZ;TENANT;PURPOSE;AUDIT,27;53;57,designed; implementation evidence pending
REQ-46-011,compliance,compliance,API-COMPLIANCE,compliance,ComplianceReview,T-COMPLIANCE,AUTHZ;TENANT;PURPOSE;AUDIT,27;53;57,designed; implementation evidence pending
REQ-46-012,compliance,compliance,API-COMPLIANCE,compliance,ComplianceReview,T-COMPLIANCE,AUTHZ;TENANT;PURPOSE;AUDIT,27;53;57,designed; implementation evidence pending
REQ-46-013,compliance,compliance,API-COMPLIANCE,compliance,ComplianceReview,T-COMPLIANCE,AUTHZ;TENANT;PURPOSE;AUDIT,27;53;57,designed; implementation evidence pending
REQ-46-014,compliance,compliance,API-COMPLIANCE,compliance,ComplianceReview,T-COMPLIANCE,AUTHZ;TENANT;PURPOSE;AUDIT,27;53;57,designed; implementation evidence pending
REQ-46-015,compliance,compliance,API-COMPLIANCE,compliance,ComplianceReview,T-COMPLIANCE,AUTHZ;TENANT;PURPOSE;AUDIT,27;53;57,designed; implementation evidence pending
REQ-46-016,compliance,compliance,API-COMPLIANCE,compliance,ComplianceReview,T-COMPLIANCE,AUTHZ;TENANT;PURPOSE;AUDIT,27;53;57,designed; implementation evidence pending
REQ-46-017,compliance,compliance,API-COMPLIANCE,compliance,ComplianceReview,T-COMPLIANCE,AUTHZ;TENANT;PURPOSE;AUDIT,27;53;57,designed; implementation evidence pending
REQ-46-018,compliance,compliance,API-COMPLIANCE,compliance,ComplianceReview,T-COMPLIANCE,AUTHZ;TENANT;PURPOSE;AUDIT,27;53;57,designed; implementation evidence pending
REQ-46-019,compliance,compliance,API-COMPLIANCE,compliance,ComplianceReview,T-COMPLIANCE,AUTHZ;TENANT;PURPOSE;AUDIT,27;53;57,designed; implementation evidence pending
REQ-47-001,platform,container platform and workers,CTRL-PLATFORM,infra state; owner DBs remain authoritative,DeploymentRecovery,T-COMPOSE,AUTHZ;TENANT;PURPOSE;AUDIT;SUPPLY-CHAIN;BOUNDARY-TESTS,35;36;37;39;48,designed; implementation evidence pending
REQ-47-002,platform,container platform and workers,CTRL-PLATFORM,infra state; owner DBs remain authoritative,DeploymentRecovery,T-COMPOSE,AUTHZ;TENANT;PURPOSE;AUDIT;SUPPLY-CHAIN;BOUNDARY-TESTS,35;36;37;39;48,designed; implementation evidence pending
REQ-47-003,platform,container platform and workers,CTRL-PLATFORM,infra state; owner DBs remain authoritative,DeploymentRecovery,T-COMPOSE,AUTHZ;TENANT;PURPOSE;AUDIT;SUPPLY-CHAIN;BOUNDARY-TESTS,35;36;37;39;48,designed; implementation evidence pending
REQ-47-004,platform,container platform and workers,CTRL-PLATFORM,infra state; owner DBs remain authoritative,DeploymentRecovery,T-COMPOSE,AUTHZ;TENANT;PURPOSE;AUDIT;SUPPLY-CHAIN;BOUNDARY-TESTS,35;36;37;39;48,designed; implementation evidence pending
REQ-47-005,platform,container platform and workers,CTRL-PLATFORM,infra state; owner DBs remain authoritative,DeploymentRecovery,T-COMPOSE,AUTHZ;TENANT;PURPOSE;AUDIT;SUPPLY-CHAIN;BOUNDARY-TESTS,35;36;37;39;48,designed; implementation evidence pending
REQ-47-006,platform,container platform and workers,CTRL-PLATFORM,infra state; owner DBs remain authoritative,DeploymentRecovery,T-COMPOSE,AUTHZ;TENANT;PURPOSE;AUDIT;SUPPLY-CHAIN;BOUNDARY-TESTS,35;36;37;39;48,designed; implementation evidence pending
REQ-47-007,platform,container platform and workers,CTRL-PLATFORM,infra state; owner DBs remain authoritative,DeploymentRecovery,T-COMPOSE,AUTHZ;TENANT;PURPOSE;AUDIT;SUPPLY-CHAIN;BOUNDARY-TESTS,35;36;37;39;48,designed; implementation evidence pending
REQ-47-008,platform,container platform and workers,CTRL-PLATFORM,infra state; owner DBs remain authoritative,DeploymentRecovery,T-COMPOSE,AUTHZ;TENANT;PURPOSE;AUDIT;SUPPLY-CHAIN;BOUNDARY-TESTS,35;36;37;39;48,designed; implementation evidence pending
REQ-47-009,platform,container platform and workers,CTRL-PLATFORM,infra state; owner DBs remain authoritative,DeploymentRecovery,T-COMPOSE,AUTHZ;TENANT;PURPOSE;AUDIT;SUPPLY-CHAIN;BOUNDARY-TESTS,35;36;37;39;48,designed; implementation evidence pending
REQ-47-010,platform,container platform and workers,CTRL-PLATFORM,infra state; owner DBs remain authoritative,DeploymentRecovery,T-COMPOSE,AUTHZ;TENANT;PURPOSE;AUDIT;SUPPLY-CHAIN;BOUNDARY-TESTS,35;36;37;39;48,designed; implementation evidence pending
REQ-47-011,platform,container platform and workers,CTRL-PLATFORM,infra state; owner DBs remain authoritative,DeploymentRecovery,T-COMPOSE,AUTHZ;TENANT;PURPOSE;AUDIT;SUPPLY-CHAIN;BOUNDARY-TESTS,35;36;37;39;48,designed; implementation evidence pending
REQ-47-012,platform,container platform and workers,CTRL-PLATFORM,infra state; owner DBs remain authoritative,DeploymentRecovery,T-COMPOSE,AUTHZ;TENANT;PURPOSE;AUDIT;SUPPLY-CHAIN;BOUNDARY-TESTS,35;36;37;39;48,designed; implementation evidence pending
REQ-47-013,platform,container platform and workers,CTRL-PLATFORM,infra state; owner DBs remain authoritative,DeploymentRecovery,T-COMPOSE,AUTHZ;TENANT;PURPOSE;AUDIT;SUPPLY-CHAIN;BOUNDARY-TESTS,35;36;37;39;48,designed; implementation evidence pending
REQ-47-014,platform,container platform and workers,CTRL-PLATFORM,infra state; owner DBs remain authoritative,DeploymentRecovery,T-COMPOSE,AUTHZ;TENANT;PURPOSE;AUDIT;SUPPLY-CHAIN;BOUNDARY-TESTS,35;36;37;39;48,designed; implementation evidence pending
REQ-47-015,platform,container platform and workers,CTRL-PLATFORM,infra state; owner DBs remain authoritative,DeploymentRecovery,T-COMPOSE,AUTHZ;TENANT;PURPOSE;AUDIT;SUPPLY-CHAIN;BOUNDARY-TESTS,35;36;37;39;48,designed; implementation evidence pending
REQ-47-016,platform,container platform and workers,CTRL-PLATFORM,infra state; owner DBs remain authoritative,DeploymentRecovery,T-COMPOSE,AUTHZ;TENANT;PURPOSE;AUDIT;SUPPLY-CHAIN;BOUNDARY-TESTS,35;36;37;39;48,designed; implementation evidence pending
REQ-47-017,platform,container platform and workers,CTRL-PLATFORM,infra state; owner DBs remain authoritative,DeploymentRecovery,T-COMPOSE,AUTHZ;TENANT;PURPOSE;AUDIT;SUPPLY-CHAIN;BOUNDARY-TESTS,35;36;37;39;48,designed; implementation evidence pending
REQ-47-018,platform,container platform and workers,CTRL-PLATFORM,infra state; owner DBs remain authoritative,DeploymentRecovery,T-COMPOSE,AUTHZ;TENANT;PURPOSE;AUDIT;SUPPLY-CHAIN;BOUNDARY-TESTS,35;36;37;39;48,designed; implementation evidence pending
REQ-47-019,platform,container platform and workers,CTRL-PLATFORM,infra state; owner DBs remain authoritative,DeploymentRecovery,T-COMPOSE,AUTHZ;TENANT;PURPOSE;AUDIT;SUPPLY-CHAIN;BOUNDARY-TESTS,35;36;37;39;48,designed; implementation evidence pending
REQ-47-020,platform,container platform and workers,CTRL-PLATFORM,infra state; owner DBs remain authoritative,DeploymentRecovery,T-COMPOSE,AUTHZ;TENANT;PURPOSE;AUDIT;SUPPLY-CHAIN;BOUNDARY-TESTS,35;36;37;39;48,designed; implementation evidence pending
REQ-47-021,platform,container platform and workers,CTRL-PLATFORM,infra state; owner DBs remain authoritative,DeploymentRecovery,T-COMPOSE,AUTHZ;TENANT;PURPOSE;AUDIT;SUPPLY-CHAIN;BOUNDARY-TESTS,35;36;37;39;48,designed; implementation evidence pending
REQ-47-022,platform,container platform and workers,CTRL-PLATFORM,infra state; owner DBs remain authoritative,DeploymentRecovery,T-COMPOSE,AUTHZ;TENANT;PURPOSE;AUDIT;SUPPLY-CHAIN;BOUNDARY-TESTS,35;36;37;39;48,designed; implementation evidence pending
REQ-47-023,platform,container platform and workers,CTRL-PLATFORM,infra state; owner DBs remain authoritative,DeploymentRecovery,T-COMPOSE,AUTHZ;TENANT;PURPOSE;AUDIT;SUPPLY-CHAIN;BOUNDARY-TESTS,35;36;37;39;48,designed; implementation evidence pending
REQ-47-024,platform,container platform and workers,CTRL-PLATFORM,infra state; owner DBs remain authoritative,DeploymentRecovery,T-COMPOSE,AUTHZ;TENANT;PURPOSE;AUDIT;SUPPLY-CHAIN;BOUNDARY-TESTS,35;36;37;39;48,designed; implementation evidence pending
REQ-47-025,platform,container platform and workers,CTRL-PLATFORM,infra state; owner DBs remain authoritative,DeploymentRecovery,T-COMPOSE,AUTHZ;TENANT;PURPOSE;AUDIT;SUPPLY-CHAIN;BOUNDARY-TESTS,35;36;37;39;48,designed; implementation evidence pending
REQ-47-026,platform,container platform and workers,CTRL-PLATFORM,infra state; owner DBs remain authoritative,DeploymentRecovery,T-COMPOSE,AUTHZ;TENANT;PURPOSE;AUDIT;SUPPLY-CHAIN;BOUNDARY-TESTS,35;36;37;39;48,designed; implementation evidence pending
REQ-48-001,platform,container platform and workers,CTRL-PLATFORM,infra state; owner DBs remain authoritative,DeploymentRecovery,T-COMPOSE,AUTHZ;TENANT;PURPOSE;AUDIT;SUPPLY-CHAIN;BOUNDARY-TESTS,35;36;37;39;48,designed; implementation evidence pending
REQ-48-002,platform,container platform and workers,CTRL-PLATFORM,infra state; owner DBs remain authoritative,DeploymentRecovery,T-COMPOSE,AUTHZ;TENANT;PURPOSE;AUDIT;SUPPLY-CHAIN;BOUNDARY-TESTS,35;36;37;39;48,designed; implementation evidence pending
REQ-48-003,platform,container platform and workers,CTRL-PLATFORM,infra state; owner DBs remain authoritative,DeploymentRecovery,T-COMPOSE,AUTHZ;TENANT;PURPOSE;AUDIT;SUPPLY-CHAIN;BOUNDARY-TESTS,35;36;37;39;48,designed; implementation evidence pending
REQ-48-004,platform,container platform and workers,CTRL-PLATFORM,infra state; owner DBs remain authoritative,DeploymentRecovery,T-COMPOSE,AUTHZ;TENANT;PURPOSE;AUDIT;SUPPLY-CHAIN;BOUNDARY-TESTS,35;36;37;39;48,designed; implementation evidence pending
REQ-48-005,platform,container platform and workers,CTRL-PLATFORM,infra state; owner DBs remain authoritative,DeploymentRecovery,T-COMPOSE,AUTHZ;TENANT;PURPOSE;AUDIT;SUPPLY-CHAIN;BOUNDARY-TESTS,35;36;37;39;48,designed; implementation evidence pending
REQ-48-006,platform,container platform and workers,CTRL-PLATFORM,infra state; owner DBs remain authoritative,DeploymentRecovery,T-COMPOSE,AUTHZ;TENANT;PURPOSE;AUDIT;SUPPLY-CHAIN;BOUNDARY-TESTS,35;36;37;39;48,designed; implementation evidence pending
REQ-48-007,platform,container platform and workers,CTRL-PLATFORM,infra state; owner DBs remain authoritative,DeploymentRecovery,T-COMPOSE,AUTHZ;TENANT;PURPOSE;AUDIT;SUPPLY-CHAIN;BOUNDARY-TESTS,35;36;37;39;48,designed; implementation evidence pending
REQ-48-008,platform,container platform and workers,CTRL-PLATFORM,infra state; owner DBs remain authoritative,DeploymentRecovery,T-COMPOSE,AUTHZ;TENANT;PURPOSE;AUDIT;SUPPLY-CHAIN;BOUNDARY-TESTS,35;36;37;39;48,designed; implementation evidence pending
REQ-48-009,platform,container platform and workers,CTRL-PLATFORM,infra state; owner DBs remain authoritative,DeploymentRecovery,T-COMPOSE,AUTHZ;TENANT;PURPOSE;AUDIT;SUPPLY-CHAIN;BOUNDARY-TESTS,35;36;37;39;48,designed; implementation evidence pending
REQ-48-010,platform,container platform and workers,CTRL-PLATFORM,infra state; owner DBs remain authoritative,DeploymentRecovery,T-COMPOSE,AUTHZ;TENANT;PURPOSE;AUDIT;SUPPLY-CHAIN;BOUNDARY-TESTS,35;36;37;39;48,designed; implementation evidence pending
REQ-48-011,platform,container platform and workers,CTRL-PLATFORM,infra state; owner DBs remain authoritative,DeploymentRecovery,T-COMPOSE,AUTHZ;TENANT;PURPOSE;AUDIT;SUPPLY-CHAIN;BOUNDARY-TESTS,35;36;37;39;48,designed; implementation evidence pending
REQ-48-012,platform,container platform and workers,CTRL-PLATFORM,infra state; owner DBs remain authoritative,DeploymentRecovery,T-COMPOSE,AUTHZ;TENANT;PURPOSE;AUDIT;SUPPLY-CHAIN;BOUNDARY-TESTS,35;36;37;39;48,designed; implementation evidence pending
REQ-48-013,platform,container platform and workers,CTRL-PLATFORM,infra state; owner DBs remain authoritative,DeploymentRecovery,T-COMPOSE,AUTHZ;TENANT;PURPOSE;AUDIT;SUPPLY-CHAIN;BOUNDARY-TESTS,35;36;37;39;48,designed; implementation evidence pending
REQ-48-014,platform,container platform and workers,CTRL-PLATFORM,infra state; owner DBs remain authoritative,DeploymentRecovery,T-COMPOSE,AUTHZ;TENANT;PURPOSE;AUDIT;SUPPLY-CHAIN;BOUNDARY-TESTS,35;36;37;39;48,designed; implementation evidence pending
REQ-48-015,platform,container platform and workers,CTRL-PLATFORM,infra state; owner DBs remain authoritative,DeploymentRecovery,T-COMPOSE,AUTHZ;TENANT;PURPOSE;AUDIT;SUPPLY-CHAIN;BOUNDARY-TESTS,35;36;37;39;48,designed; implementation evidence pending
REQ-48-016,platform,container platform and workers,CTRL-PLATFORM,infra state; owner DBs remain authoritative,DeploymentRecovery,T-COMPOSE,AUTHZ;TENANT;PURPOSE;AUDIT;SUPPLY-CHAIN;BOUNDARY-TESTS,35;36;37;39;48,designed; implementation evidence pending
REQ-48-017,platform,container platform and workers,CTRL-PLATFORM,infra state; owner DBs remain authoritative,DeploymentRecovery,T-COMPOSE,AUTHZ;TENANT;PURPOSE;AUDIT;SUPPLY-CHAIN;BOUNDARY-TESTS,35;36;37;39;48,designed; implementation evidence pending
REQ-48-018,platform,container platform and workers,CTRL-PLATFORM,infra state; owner DBs remain authoritative,DeploymentRecovery,T-COMPOSE,AUTHZ;TENANT;PURPOSE;AUDIT;SUPPLY-CHAIN;BOUNDARY-TESTS,35;36;37;39;48,designed; implementation evidence pending
REQ-48-019,platform,container platform and workers,CTRL-PLATFORM,infra state; owner DBs remain authoritative,DeploymentRecovery,T-COMPOSE,AUTHZ;TENANT;PURPOSE;AUDIT;SUPPLY-CHAIN;BOUNDARY-TESTS,35;36;37;39;48,designed; implementation evidence pending
REQ-48-020,platform,container platform and workers,CTRL-PLATFORM,infra state; owner DBs remain authoritative,DeploymentRecovery,T-COMPOSE,AUTHZ;TENANT;PURPOSE;AUDIT;SUPPLY-CHAIN;BOUNDARY-TESTS,35;36;37;39;48,designed; implementation evidence pending
REQ-48-021,platform,container platform and workers,CTRL-PLATFORM,infra state; owner DBs remain authoritative,DeploymentRecovery,T-COMPOSE,AUTHZ;TENANT;PURPOSE;AUDIT;SUPPLY-CHAIN;BOUNDARY-TESTS,35;36;37;39;48,designed; implementation evidence pending
REQ-49-001,platform,container platform and workers,CTRL-PLATFORM,infra state; owner DBs remain authoritative,DeploymentRecovery,T-COMPOSE,AUTHZ;TENANT;PURPOSE;AUDIT;SUPPLY-CHAIN;BOUNDARY-TESTS,35;36;37;39;48,designed; implementation evidence pending
REQ-49-002,platform,container platform and workers,CTRL-PLATFORM,infra state; owner DBs remain authoritative,DeploymentRecovery,T-COMPOSE,AUTHZ;TENANT;PURPOSE;AUDIT;SUPPLY-CHAIN;BOUNDARY-TESTS,35;36;37;39;48,designed; implementation evidence pending
REQ-49-003,platform,container platform and workers,CTRL-PLATFORM,infra state; owner DBs remain authoritative,DeploymentRecovery,T-COMPOSE,AUTHZ;TENANT;PURPOSE;AUDIT;SUPPLY-CHAIN;BOUNDARY-TESTS,35;36;37;39;48,designed; implementation evidence pending
REQ-49-004,platform,container platform and workers,CTRL-PLATFORM,infra state; owner DBs remain authoritative,DeploymentRecovery,T-COMPOSE,AUTHZ;TENANT;PURPOSE;AUDIT;SUPPLY-CHAIN;BOUNDARY-TESTS,35;36;37;39;48,designed; implementation evidence pending
REQ-49-005,platform,container platform and workers,CTRL-PLATFORM,infra state; owner DBs remain authoritative,DeploymentRecovery,T-COMPOSE,AUTHZ;TENANT;PURPOSE;AUDIT;SUPPLY-CHAIN;BOUNDARY-TESTS,35;36;37;39;48,designed; implementation evidence pending
REQ-49-006,platform,container platform and workers,CTRL-PLATFORM,infra state; owner DBs remain authoritative,DeploymentRecovery,T-COMPOSE,AUTHZ;TENANT;PURPOSE;AUDIT;SUPPLY-CHAIN;BOUNDARY-TESTS,35;36;37;39;48,designed; implementation evidence pending
REQ-49-007,platform,container platform and workers,CTRL-PLATFORM,infra state; owner DBs remain authoritative,DeploymentRecovery,T-COMPOSE,AUTHZ;TENANT;PURPOSE;AUDIT;SUPPLY-CHAIN;BOUNDARY-TESTS,35;36;37;39;48,designed; implementation evidence pending
REQ-49-008,platform,container platform and workers,CTRL-PLATFORM,infra state; owner DBs remain authoritative,DeploymentRecovery,T-COMPOSE,AUTHZ;TENANT;PURPOSE;AUDIT;SUPPLY-CHAIN;BOUNDARY-TESTS,35;36;37;39;48,designed; implementation evidence pending
REQ-49-009,platform,container platform and workers,CTRL-PLATFORM,infra state; owner DBs remain authoritative,DeploymentRecovery,T-COMPOSE,AUTHZ;TENANT;PURPOSE;AUDIT;SUPPLY-CHAIN;BOUNDARY-TESTS,35;36;37;39;48,designed; implementation evidence pending
REQ-49-010,platform,container platform and workers,CTRL-PLATFORM,infra state; owner DBs remain authoritative,DeploymentRecovery,T-COMPOSE,AUTHZ;TENANT;PURPOSE;AUDIT;SUPPLY-CHAIN;BOUNDARY-TESTS,35;36;37;39;48,designed; implementation evidence pending
REQ-49-011,platform,container platform and workers,CTRL-PLATFORM,infra state; owner DBs remain authoritative,DeploymentRecovery,T-COMPOSE,AUTHZ;TENANT;PURPOSE;AUDIT;SUPPLY-CHAIN;BOUNDARY-TESTS,35;36;37;39;48,designed; implementation evidence pending
REQ-49-012,platform,container platform and workers,CTRL-PLATFORM,infra state; owner DBs remain authoritative,DeploymentRecovery,T-COMPOSE,AUTHZ;TENANT;PURPOSE;AUDIT;SUPPLY-CHAIN;BOUNDARY-TESTS,35;36;37;39;48,designed; implementation evidence pending
REQ-49-013,platform,container platform and workers,CTRL-PLATFORM,infra state; owner DBs remain authoritative,DeploymentRecovery,T-COMPOSE,AUTHZ;TENANT;PURPOSE;AUDIT;SUPPLY-CHAIN;BOUNDARY-TESTS,35;36;37;39;48,designed; implementation evidence pending
REQ-49-014,platform,container platform and workers,CTRL-PLATFORM,infra state; owner DBs remain authoritative,DeploymentRecovery,T-COMPOSE,AUTHZ;TENANT;PURPOSE;AUDIT;SUPPLY-CHAIN;BOUNDARY-TESTS,35;36;37;39;48,designed; implementation evidence pending
REQ-50-001,platform,container platform and workers,CTRL-PLATFORM,infra state; owner DBs remain authoritative,DeploymentRecovery,T-COMPOSE,AUTHZ;TENANT;PURPOSE;AUDIT;SUPPLY-CHAIN;BOUNDARY-TESTS,35;36;37;39;48,designed; implementation evidence pending
REQ-50-002,platform,container platform and workers,CTRL-PLATFORM,infra state; owner DBs remain authoritative,DeploymentRecovery,T-COMPOSE,AUTHZ;TENANT;PURPOSE;AUDIT;SUPPLY-CHAIN;BOUNDARY-TESTS,35;36;37;39;48,designed; implementation evidence pending
REQ-50-003,platform,container platform and workers,CTRL-PLATFORM,infra state; owner DBs remain authoritative,DeploymentRecovery,T-COMPOSE,AUTHZ;TENANT;PURPOSE;AUDIT;SUPPLY-CHAIN;BOUNDARY-TESTS,35;36;37;39;48,designed; implementation evidence pending
REQ-50-004,platform,container platform and workers,CTRL-PLATFORM,infra state; owner DBs remain authoritative,DeploymentRecovery,T-COMPOSE,AUTHZ;TENANT;PURPOSE;AUDIT;SUPPLY-CHAIN;BOUNDARY-TESTS,35;36;37;39;48,designed; implementation evidence pending
REQ-50-005,platform,container platform and workers,CTRL-PLATFORM,infra state; owner DBs remain authoritative,DeploymentRecovery,T-COMPOSE,AUTHZ;TENANT;PURPOSE;AUDIT;SUPPLY-CHAIN;BOUNDARY-TESTS,35;36;37;39;48,designed; implementation evidence pending
REQ-50-006,platform,container platform and workers,CTRL-PLATFORM,infra state; owner DBs remain authoritative,DeploymentRecovery,T-COMPOSE,AUTHZ;TENANT;PURPOSE;AUDIT;SUPPLY-CHAIN;BOUNDARY-TESTS,35;36;37;39;48,designed; implementation evidence pending
REQ-50-007,platform,container platform and workers,CTRL-PLATFORM,infra state; owner DBs remain authoritative,DeploymentRecovery,T-COMPOSE,AUTHZ;TENANT;PURPOSE;AUDIT;SUPPLY-CHAIN;BOUNDARY-TESTS,35;36;37;39;48,designed; implementation evidence pending
REQ-50-008,platform,container platform and workers,CTRL-PLATFORM,infra state; owner DBs remain authoritative,DeploymentRecovery,T-COMPOSE,AUTHZ;TENANT;PURPOSE;AUDIT;SUPPLY-CHAIN;BOUNDARY-TESTS,35;36;37;39;48,designed; implementation evidence pending
REQ-50-009,platform,container platform and workers,CTRL-PLATFORM,infra state; owner DBs remain authoritative,DeploymentRecovery,T-COMPOSE,AUTHZ;TENANT;PURPOSE;AUDIT;SUPPLY-CHAIN;BOUNDARY-TESTS,35;36;37;39;48,designed; implementation evidence pending
REQ-50-010,platform,container platform and workers,CTRL-PLATFORM,infra state; owner DBs remain authoritative,DeploymentRecovery,T-COMPOSE,AUTHZ;TENANT;PURPOSE;AUDIT;SUPPLY-CHAIN;BOUNDARY-TESTS,35;36;37;39;48,designed; implementation evidence pending
REQ-50-011,platform,container platform and workers,CTRL-PLATFORM,infra state; owner DBs remain authoritative,DeploymentRecovery,T-COMPOSE,AUTHZ;TENANT;PURPOSE;AUDIT;SUPPLY-CHAIN;BOUNDARY-TESTS,35;36;37;39;48,designed; implementation evidence pending
REQ-50-012,platform,container platform and workers,CTRL-PLATFORM,infra state; owner DBs remain authoritative,DeploymentRecovery,T-COMPOSE,AUTHZ;TENANT;PURPOSE;AUDIT;SUPPLY-CHAIN;BOUNDARY-TESTS,35;36;37;39;48,designed; implementation evidence pending
REQ-50-013,platform,container platform and workers,CTRL-PLATFORM,infra state; owner DBs remain authoritative,DeploymentRecovery,T-COMPOSE,AUTHZ;TENANT;PURPOSE;AUDIT;SUPPLY-CHAIN;BOUNDARY-TESTS,35;36;37;39;48,designed; implementation evidence pending
REQ-50-014,platform,container platform and workers,CTRL-PLATFORM,infra state; owner DBs remain authoritative,DeploymentRecovery,T-COMPOSE,AUTHZ;TENANT;PURPOSE;AUDIT;SUPPLY-CHAIN;BOUNDARY-TESTS,35;36;37;39;48,designed; implementation evidence pending
REQ-50-015,platform,container platform and workers,CTRL-PLATFORM,infra state; owner DBs remain authoritative,DeploymentRecovery,T-COMPOSE,AUTHZ;TENANT;PURPOSE;AUDIT;SUPPLY-CHAIN;BOUNDARY-TESTS,35;36;37;39;48,designed; implementation evidence pending
REQ-50-016,platform,container platform and workers,CTRL-PLATFORM,infra state; owner DBs remain authoritative,DeploymentRecovery,T-COMPOSE,AUTHZ;TENANT;PURPOSE;AUDIT;SUPPLY-CHAIN;BOUNDARY-TESTS,35;36;37;39;48,designed; implementation evidence pending
REQ-50-017,platform,container platform and workers,CTRL-PLATFORM,infra state; owner DBs remain authoritative,DeploymentRecovery,T-COMPOSE,AUTHZ;TENANT;PURPOSE;AUDIT;SUPPLY-CHAIN;BOUNDARY-TESTS,35;36;37;39;48,designed; implementation evidence pending
REQ-50-018,platform,container platform and workers,CTRL-PLATFORM,infra state; owner DBs remain authoritative,DeploymentRecovery,T-COMPOSE,AUTHZ;TENANT;PURPOSE;AUDIT;SUPPLY-CHAIN;BOUNDARY-TESTS,35;36;37;39;48,designed; implementation evidence pending
REQ-50-019,platform,container platform and workers,CTRL-PLATFORM,infra state; owner DBs remain authoritative,DeploymentRecovery,T-COMPOSE,AUTHZ;TENANT;PURPOSE;AUDIT;SUPPLY-CHAIN;BOUNDARY-TESTS,35;36;37;39;48,designed; implementation evidence pending
REQ-50-020,platform,container platform and workers,CTRL-PLATFORM,infra state; owner DBs remain authoritative,DeploymentRecovery,T-COMPOSE,AUTHZ;TENANT;PURPOSE;AUDIT;SUPPLY-CHAIN;BOUNDARY-TESTS,35;36;37;39;48,designed; implementation evidence pending
REQ-50-021,platform,container platform and workers,CTRL-PLATFORM,infra state; owner DBs remain authoritative,DeploymentRecovery,T-COMPOSE,AUTHZ;TENANT;PURPOSE;AUDIT;SUPPLY-CHAIN;BOUNDARY-TESTS,35;36;37;39;48,designed; implementation evidence pending
REQ-50-022,platform,container platform and workers,CTRL-PLATFORM,infra state; owner DBs remain authoritative,DeploymentRecovery,T-COMPOSE,AUTHZ;TENANT;PURPOSE;AUDIT;SUPPLY-CHAIN;BOUNDARY-TESTS,35;36;37;39;48,designed; implementation evidence pending
REQ-50-023,platform,container platform and workers,CTRL-PLATFORM,infra state; owner DBs remain authoritative,DeploymentRecovery,T-COMPOSE,AUTHZ;TENANT;PURPOSE;AUDIT;SUPPLY-CHAIN;BOUNDARY-TESTS,35;36;37;39;48,designed; implementation evidence pending
REQ-50-024,platform,container platform and workers,CTRL-PLATFORM,infra state; owner DBs remain authoritative,DeploymentRecovery,T-COMPOSE,AUTHZ;TENANT;PURPOSE;AUDIT;SUPPLY-CHAIN;BOUNDARY-TESTS,35;36;37;39;48,designed; implementation evidence pending
REQ-50-025,platform,container platform and workers,CTRL-PLATFORM,infra state; owner DBs remain authoritative,DeploymentRecovery,T-COMPOSE,AUTHZ;TENANT;PURPOSE;AUDIT;SUPPLY-CHAIN;BOUNDARY-TESTS,35;36;37;39;48,designed; implementation evidence pending
REQ-50-026,platform,container platform and workers,CTRL-PLATFORM,infra state; owner DBs remain authoritative,DeploymentRecovery,T-COMPOSE,AUTHZ;TENANT;PURPOSE;AUDIT;SUPPLY-CHAIN;BOUNDARY-TESTS,35;36;37;39;48,designed; implementation evidence pending
REQ-50-027,platform,container platform and workers,CTRL-PLATFORM,infra state; owner DBs remain authoritative,DeploymentRecovery,T-COMPOSE,AUTHZ;TENANT;PURPOSE;AUDIT;SUPPLY-CHAIN;BOUNDARY-TESTS,35;36;37;39;48,designed; implementation evidence pending
REQ-50-028,platform,container platform and workers,CTRL-PLATFORM,infra state; owner DBs remain authoritative,DeploymentRecovery,T-COMPOSE,AUTHZ;TENANT;PURPOSE;AUDIT;SUPPLY-CHAIN;BOUNDARY-TESTS,35;36;37;39;48,designed; implementation evidence pending
REQ-50-029,platform,container platform and workers,CTRL-PLATFORM,infra state; owner DBs remain authoritative,DeploymentRecovery,T-COMPOSE,AUTHZ;TENANT;PURPOSE;AUDIT;SUPPLY-CHAIN;BOUNDARY-TESTS,35;36;37;39;48,designed; implementation evidence pending
REQ-50-030,platform,container platform and workers,CTRL-PLATFORM,infra state; owner DBs remain authoritative,DeploymentRecovery,T-COMPOSE,AUTHZ;TENANT;PURPOSE;AUDIT;SUPPLY-CHAIN;BOUNDARY-TESTS,35;36;37;39;48,designed; implementation evidence pending
REQ-50-031,platform,container platform and workers,CTRL-PLATFORM,infra state; owner DBs remain authoritative,DeploymentRecovery,T-COMPOSE,AUTHZ;TENANT;PURPOSE;AUDIT;SUPPLY-CHAIN;BOUNDARY-TESTS,35;36;37;39;48,designed; implementation evidence pending
REQ-50-032,platform,container platform and workers,CTRL-PLATFORM,infra state; owner DBs remain authoritative,DeploymentRecovery,T-COMPOSE,AUTHZ;TENANT;PURPOSE;AUDIT;SUPPLY-CHAIN;BOUNDARY-TESTS,35;36;37;39;48,designed; implementation evidence pending
REQ-50-033,platform,container platform and workers,CTRL-PLATFORM,infra state; owner DBs remain authoritative,DeploymentRecovery,T-COMPOSE,AUTHZ;TENANT;PURPOSE;AUDIT;SUPPLY-CHAIN;BOUNDARY-TESTS,35;36;37;39;48,designed; implementation evidence pending
REQ-50-034,platform,container platform and workers,CTRL-PLATFORM,infra state; owner DBs remain authoritative,DeploymentRecovery,T-COMPOSE,AUTHZ;TENANT;PURPOSE;AUDIT;SUPPLY-CHAIN;BOUNDARY-TESTS,35;36;37;39;48,designed; implementation evidence pending
REQ-50-035,platform,container platform and workers,CTRL-PLATFORM,infra state; owner DBs remain authoritative,DeploymentRecovery,T-COMPOSE,AUTHZ;TENANT;PURPOSE;AUDIT;SUPPLY-CHAIN;BOUNDARY-TESTS,35;36;37;39;48,designed; implementation evidence pending
REQ-50-036,platform,container platform and workers,CTRL-PLATFORM,infra state; owner DBs remain authoritative,DeploymentRecovery,T-COMPOSE,AUTHZ;TENANT;PURPOSE;AUDIT;SUPPLY-CHAIN;BOUNDARY-TESTS,35;36;37;39;48,designed; implementation evidence pending
REQ-50-037,platform,container platform and workers,CTRL-PLATFORM,infra state; owner DBs remain authoritative,DeploymentRecovery,T-COMPOSE,AUTHZ;TENANT;PURPOSE;AUDIT;SUPPLY-CHAIN;BOUNDARY-TESTS,35;36;37;39;48,designed; implementation evidence pending
REQ-50-038,platform,container platform and workers,CTRL-PLATFORM,infra state; owner DBs remain authoritative,DeploymentRecovery,T-COMPOSE,AUTHZ;TENANT;PURPOSE;AUDIT;SUPPLY-CHAIN;BOUNDARY-TESTS,35;36;37;39;48,designed; implementation evidence pending
REQ-50-039,platform,container platform and workers,CTRL-PLATFORM,infra state; owner DBs remain authoritative,DeploymentRecovery,T-COMPOSE,AUTHZ;TENANT;PURPOSE;AUDIT;SUPPLY-CHAIN;BOUNDARY-TESTS,35;36;37;39;48,designed; implementation evidence pending
REQ-50-040,platform,container platform and workers,CTRL-PLATFORM,infra state; owner DBs remain authoritative,DeploymentRecovery,T-COMPOSE,AUTHZ;TENANT;PURPOSE;AUDIT;SUPPLY-CHAIN;BOUNDARY-TESTS,35;36;37;39;48,designed; implementation evidence pending
REQ-50-041,platform,container platform and workers,CTRL-PLATFORM,infra state; owner DBs remain authoritative,DeploymentRecovery,T-COMPOSE,AUTHZ;TENANT;PURPOSE;AUDIT;SUPPLY-CHAIN;BOUNDARY-TESTS,35;36;37;39;48,designed; implementation evidence pending
REQ-50-042,platform,container platform and workers,CTRL-PLATFORM,infra state; owner DBs remain authoritative,DeploymentRecovery,T-COMPOSE,AUTHZ;TENANT;PURPOSE;AUDIT;SUPPLY-CHAIN;BOUNDARY-TESTS,35;36;37;39;48,designed; implementation evidence pending
REQ-50-043,platform,container platform and workers,CTRL-PLATFORM,infra state; owner DBs remain authoritative,DeploymentRecovery,T-COMPOSE,AUTHZ;TENANT;PURPOSE;AUDIT;SUPPLY-CHAIN;BOUNDARY-TESTS,35;36;37;39;48,designed; implementation evidence pending
REQ-50-044,platform,container platform and workers,CTRL-PLATFORM,infra state; owner DBs remain authoritative,DeploymentRecovery,T-COMPOSE,AUTHZ;TENANT;PURPOSE;AUDIT;SUPPLY-CHAIN;BOUNDARY-TESTS,35;36;37;39;48,designed; implementation evidence pending
REQ-50-045,platform,container platform and workers,CTRL-PLATFORM,infra state; owner DBs remain authoritative,DeploymentRecovery,T-COMPOSE,AUTHZ;TENANT;PURPOSE;AUDIT;SUPPLY-CHAIN;BOUNDARY-TESTS,35;36;37;39;48,designed; implementation evidence pending
REQ-50-046,platform,container platform and workers,CTRL-PLATFORM,infra state; owner DBs remain authoritative,DeploymentRecovery,T-COMPOSE,AUTHZ;TENANT;PURPOSE;AUDIT;SUPPLY-CHAIN;BOUNDARY-TESTS,35;36;37;39;48,designed; implementation evidence pending
REQ-50-047,platform,container platform and workers,CTRL-PLATFORM,infra state; owner DBs remain authoritative,DeploymentRecovery,T-COMPOSE,AUTHZ;TENANT;PURPOSE;AUDIT;SUPPLY-CHAIN;BOUNDARY-TESTS,35;36;37;39;48,designed; implementation evidence pending
REQ-50-048,platform,container platform and workers,CTRL-PLATFORM,infra state; owner DBs remain authoritative,DeploymentRecovery,T-COMPOSE,AUTHZ;TENANT;PURPOSE;AUDIT;SUPPLY-CHAIN;BOUNDARY-TESTS,35;36;37;39;48,designed; implementation evidence pending
REQ-51-001,platform,container platform and workers,CTRL-PLATFORM,infra state; owner DBs remain authoritative,DeploymentRecovery,T-COMPOSE,AUTHZ;TENANT;PURPOSE;AUDIT;SUPPLY-CHAIN;BOUNDARY-TESTS,35;36;37;39;48,designed; implementation evidence pending
REQ-51-002,platform,container platform and workers,CTRL-PLATFORM,infra state; owner DBs remain authoritative,DeploymentRecovery,T-COMPOSE,AUTHZ;TENANT;PURPOSE;AUDIT;SUPPLY-CHAIN;BOUNDARY-TESTS,35;36;37;39;48,designed; implementation evidence pending
REQ-51-003,platform,container platform and workers,CTRL-PLATFORM,infra state; owner DBs remain authoritative,DeploymentRecovery,T-COMPOSE,AUTHZ;TENANT;PURPOSE;AUDIT;SUPPLY-CHAIN;BOUNDARY-TESTS,35;36;37;39;48,designed; implementation evidence pending
REQ-51-004,platform,container platform and workers,CTRL-PLATFORM,infra state; owner DBs remain authoritative,DeploymentRecovery,T-COMPOSE,AUTHZ;TENANT;PURPOSE;AUDIT;SUPPLY-CHAIN;BOUNDARY-TESTS,35;36;37;39;48,designed; implementation evidence pending
REQ-51-005,platform,container platform and workers,CTRL-PLATFORM,infra state; owner DBs remain authoritative,DeploymentRecovery,T-COMPOSE,AUTHZ;TENANT;PURPOSE;AUDIT;SUPPLY-CHAIN;BOUNDARY-TESTS,35;36;37;39;48,designed; implementation evidence pending
REQ-51-006,platform,container platform and workers,CTRL-PLATFORM,infra state; owner DBs remain authoritative,DeploymentRecovery,T-COMPOSE,AUTHZ;TENANT;PURPOSE;AUDIT;SUPPLY-CHAIN;BOUNDARY-TESTS,35;36;37;39;48,designed; implementation evidence pending
REQ-51-007,platform,container platform and workers,CTRL-PLATFORM,infra state; owner DBs remain authoritative,DeploymentRecovery,T-COMPOSE,AUTHZ;TENANT;PURPOSE;AUDIT;SUPPLY-CHAIN;BOUNDARY-TESTS,35;36;37;39;48,designed; implementation evidence pending
REQ-51-008,platform,container platform and workers,CTRL-PLATFORM,infra state; owner DBs remain authoritative,DeploymentRecovery,T-COMPOSE,AUTHZ;TENANT;PURPOSE;AUDIT;SUPPLY-CHAIN;BOUNDARY-TESTS,35;36;37;39;48,designed; implementation evidence pending
REQ-51-009,platform,container platform and workers,CTRL-PLATFORM,infra state; owner DBs remain authoritative,DeploymentRecovery,T-COMPOSE,AUTHZ;TENANT;PURPOSE;AUDIT;SUPPLY-CHAIN;BOUNDARY-TESTS,35;36;37;39;48,designed; implementation evidence pending
REQ-51-010,platform,container platform and workers,CTRL-PLATFORM,infra state; owner DBs remain authoritative,DeploymentRecovery,T-COMPOSE,AUTHZ;TENANT;PURPOSE;AUDIT;SUPPLY-CHAIN;BOUNDARY-TESTS,35;36;37;39;48,designed; implementation evidence pending
REQ-51-011,platform,container platform and workers,CTRL-PLATFORM,infra state; owner DBs remain authoritative,DeploymentRecovery,T-COMPOSE,AUTHZ;TENANT;PURPOSE;AUDIT;SUPPLY-CHAIN;BOUNDARY-TESTS,35;36;37;39;48,designed; implementation evidence pending
REQ-51-012,platform,container platform and workers,CTRL-PLATFORM,infra state; owner DBs remain authoritative,DeploymentRecovery,T-COMPOSE,AUTHZ;TENANT;PURPOSE;AUDIT;SUPPLY-CHAIN;BOUNDARY-TESTS,35;36;37;39;48,designed; implementation evidence pending
REQ-51-013,platform,container platform and workers,CTRL-PLATFORM,infra state; owner DBs remain authoritative,DeploymentRecovery,T-COMPOSE,AUTHZ;TENANT;PURPOSE;AUDIT;SUPPLY-CHAIN;BOUNDARY-TESTS,35;36;37;39;48,designed; implementation evidence pending
REQ-51-014,platform,container platform and workers,CTRL-PLATFORM,infra state; owner DBs remain authoritative,DeploymentRecovery,T-COMPOSE,AUTHZ;TENANT;PURPOSE;AUDIT;SUPPLY-CHAIN;BOUNDARY-TESTS,35;36;37;39;48,designed; implementation evidence pending
REQ-52-001,architecture,architecture governance,CTRL-ARCH,design contracts; no runtime table,DesignReview,T-DESIGN,AUTHZ;TENANT;PURPOSE;AUDIT;SUPPLY-CHAIN;BOUNDARY-TESTS,1;8;40;41;46;54;55;58,designed; implementation evidence pending
REQ-52-002,architecture,architecture governance,CTRL-ARCH,design contracts; no runtime table,DesignReview,T-DESIGN,AUTHZ;TENANT;PURPOSE;AUDIT;SUPPLY-CHAIN;BOUNDARY-TESTS,1;8;40;41;46;54;55;58,designed; implementation evidence pending
REQ-52-003,architecture,architecture governance,CTRL-ARCH,design contracts; no runtime table,DesignReview,T-DESIGN,AUTHZ;TENANT;PURPOSE;AUDIT;SUPPLY-CHAIN;BOUNDARY-TESTS,1;8;40;41;46;54;55;58,designed; implementation evidence pending
REQ-52-004,architecture,architecture governance,CTRL-ARCH,design contracts; no runtime table,DesignReview,T-DESIGN,AUTHZ;TENANT;PURPOSE;AUDIT;SUPPLY-CHAIN;BOUNDARY-TESTS,1;8;40;41;46;54;55;58,designed; implementation evidence pending
REQ-52-005,architecture,architecture governance,CTRL-ARCH,design contracts; no runtime table,DesignReview,T-DESIGN,AUTHZ;TENANT;PURPOSE;AUDIT;SUPPLY-CHAIN;BOUNDARY-TESTS,1;8;40;41;46;54;55;58,designed; implementation evidence pending
REQ-52-006,architecture,architecture governance,CTRL-ARCH,design contracts; no runtime table,DesignReview,T-DESIGN,AUTHZ;TENANT;PURPOSE;AUDIT;SUPPLY-CHAIN;BOUNDARY-TESTS,1;8;40;41;46;54;55;58,designed; implementation evidence pending
REQ-52-007,architecture,architecture governance,CTRL-ARCH,design contracts; no runtime table,DesignReview,T-DESIGN,AUTHZ;TENANT;PURPOSE;AUDIT;SUPPLY-CHAIN;BOUNDARY-TESTS,1;8;40;41;46;54;55;58,designed; implementation evidence pending
REQ-52-008,architecture,architecture governance,CTRL-ARCH,design contracts; no runtime table,DesignReview,T-DESIGN,AUTHZ;TENANT;PURPOSE;AUDIT;SUPPLY-CHAIN;BOUNDARY-TESTS,1;8;40;41;46;54;55;58,designed; implementation evidence pending
REQ-52-009,architecture,architecture governance,CTRL-ARCH,design contracts; no runtime table,DesignReview,T-DESIGN,AUTHZ;TENANT;PURPOSE;AUDIT;SUPPLY-CHAIN;BOUNDARY-TESTS,1;8;40;41;46;54;55;58,designed; implementation evidence pending
REQ-52-010,architecture,architecture governance,CTRL-ARCH,design contracts; no runtime table,DesignReview,T-DESIGN,AUTHZ;TENANT;PURPOSE;AUDIT;SUPPLY-CHAIN;BOUNDARY-TESTS,1;8;40;41;46;54;55;58,designed; implementation evidence pending
REQ-52-011,architecture,architecture governance,CTRL-ARCH,design contracts; no runtime table,DesignReview,T-DESIGN,AUTHZ;TENANT;PURPOSE;AUDIT;SUPPLY-CHAIN;BOUNDARY-TESTS,1;8;40;41;46;54;55;58,designed; implementation evidence pending
REQ-52-012,architecture,architecture governance,CTRL-ARCH,design contracts; no runtime table,DesignReview,T-DESIGN,AUTHZ;TENANT;PURPOSE;AUDIT;SUPPLY-CHAIN;BOUNDARY-TESTS,1;8;40;41;46;54;55;58,designed; implementation evidence pending
REQ-52-013,architecture,architecture governance,CTRL-ARCH,design contracts; no runtime table,DesignReview,T-DESIGN,AUTHZ;TENANT;PURPOSE;AUDIT;SUPPLY-CHAIN;BOUNDARY-TESTS,1;8;40;41;46;54;55;58,designed; implementation evidence pending
REQ-52-014,architecture,architecture governance,CTRL-ARCH,design contracts; no runtime table,DesignReview,T-DESIGN,AUTHZ;TENANT;PURPOSE;AUDIT;SUPPLY-CHAIN;BOUNDARY-TESTS,1;8;40;41;46;54;55;58,designed; implementation evidence pending
REQ-52-015,architecture,architecture governance,CTRL-ARCH,design contracts; no runtime table,DesignReview,T-DESIGN,AUTHZ;TENANT;PURPOSE;AUDIT;SUPPLY-CHAIN;BOUNDARY-TESTS,1;8;40;41;46;54;55;58,designed; implementation evidence pending
REQ-53-001,policy,policy,API-POLICY,policy,PolicyLifecycle,T-HISTORY,AUTHZ;TENANT;PURPOSE;AUDIT;IDEMPOTENCY;CONCURRENCY;EVIDENCE,16;31;42,designed; implementation evidence pending
REQ-53-002,policy,policy,API-POLICY,policy,PolicyLifecycle,T-HISTORY,AUTHZ;TENANT;PURPOSE;AUDIT;IDEMPOTENCY;CONCURRENCY;EVIDENCE,16;31;42,designed; implementation evidence pending
REQ-53-003,policy,policy,API-POLICY,policy,PolicyLifecycle,T-HISTORY,AUTHZ;TENANT;PURPOSE;AUDIT;IDEMPOTENCY;CONCURRENCY;EVIDENCE,16;31;42,designed; implementation evidence pending
REQ-53-004,policy,policy,API-POLICY,policy,PolicyLifecycle,T-HISTORY,AUTHZ;TENANT;PURPOSE;AUDIT;IDEMPOTENCY;CONCURRENCY;EVIDENCE,16;31;42,designed; implementation evidence pending
REQ-53-005,policy,policy,API-POLICY,policy,PolicyLifecycle,T-HISTORY,AUTHZ;TENANT;PURPOSE;AUDIT;IDEMPOTENCY;CONCURRENCY;EVIDENCE,16;31;42,designed; implementation evidence pending
REQ-53-006,policy,policy,API-POLICY,policy,PolicyLifecycle,T-HISTORY,AUTHZ;TENANT;PURPOSE;AUDIT;IDEMPOTENCY;CONCURRENCY;EVIDENCE,16;31;42,designed; implementation evidence pending
REQ-53-007,policy,policy,API-POLICY,policy,PolicyLifecycle,T-HISTORY,AUTHZ;TENANT;PURPOSE;AUDIT;IDEMPOTENCY;CONCURRENCY;EVIDENCE,16;31;42,designed; implementation evidence pending
REQ-53-008,policy,policy,API-POLICY,policy,PolicyLifecycle,T-HISTORY,AUTHZ;TENANT;PURPOSE;AUDIT;IDEMPOTENCY;CONCURRENCY;EVIDENCE,16;31;42,designed; implementation evidence pending
REQ-53-009,policy,policy,API-POLICY,policy,PolicyLifecycle,T-HISTORY,AUTHZ;TENANT;PURPOSE;AUDIT;IDEMPOTENCY;CONCURRENCY;EVIDENCE,16;31;42,designed; implementation evidence pending
REQ-53-010,policy,policy,API-POLICY,policy,PolicyLifecycle,T-HISTORY,AUTHZ;TENANT;PURPOSE;AUDIT;IDEMPOTENCY;CONCURRENCY;EVIDENCE,16;31;42,designed; implementation evidence pending
REQ-53-011,policy,policy,API-POLICY,policy,PolicyLifecycle,T-HISTORY,AUTHZ;TENANT;PURPOSE;AUDIT;IDEMPOTENCY;CONCURRENCY;EVIDENCE,16;31;42,designed; implementation evidence pending
REQ-53-012,policy,policy,API-POLICY,policy,PolicyLifecycle,T-HISTORY,AUTHZ;TENANT;PURPOSE;AUDIT;IDEMPOTENCY;CONCURRENCY;EVIDENCE,16;31;42,designed; implementation evidence pending
REQ-54-001,ledger,ledger,API-LEDGER,ledger,PostAndReconcile,T-LEDGER,AUTHZ;TENANT;PURPOSE;AUDIT;IDEMPOTENCY;CONCURRENCY;EVIDENCE,18;28,designed; implementation evidence pending
REQ-54-002,ledger,ledger,API-LEDGER,ledger,PostAndReconcile,T-LEDGER,AUTHZ;TENANT;PURPOSE;AUDIT;IDEMPOTENCY;CONCURRENCY;EVIDENCE,18;28,designed; implementation evidence pending
REQ-54-003,ledger,ledger,API-LEDGER,ledger,PostAndReconcile,T-LEDGER,AUTHZ;TENANT;PURPOSE;AUDIT;IDEMPOTENCY;CONCURRENCY;EVIDENCE,18;28,designed; implementation evidence pending
REQ-54-004,ledger,ledger,API-LEDGER,ledger,PostAndReconcile,T-LEDGER,AUTHZ;TENANT;PURPOSE;AUDIT;IDEMPOTENCY;CONCURRENCY;EVIDENCE,18;28,designed; implementation evidence pending
REQ-54-005,ledger,ledger,API-LEDGER,ledger,PostAndReconcile,T-LEDGER,AUTHZ;TENANT;PURPOSE;AUDIT;IDEMPOTENCY;CONCURRENCY;EVIDENCE,18;28,designed; implementation evidence pending
REQ-54-006,ledger,ledger,API-LEDGER,ledger,PostAndReconcile,T-LEDGER,AUTHZ;TENANT;PURPOSE;AUDIT;IDEMPOTENCY;CONCURRENCY;EVIDENCE,18;28,designed; implementation evidence pending
REQ-54-007,ledger,ledger,API-LEDGER,ledger,PostAndReconcile,T-LEDGER,AUTHZ;TENANT;PURPOSE;AUDIT;IDEMPOTENCY;CONCURRENCY;EVIDENCE,18;28,designed; implementation evidence pending
REQ-54-008,ledger,ledger,API-LEDGER,ledger,PostAndReconcile,T-LEDGER,AUTHZ;TENANT;PURPOSE;AUDIT;IDEMPOTENCY;CONCURRENCY;EVIDENCE,18;28,designed; implementation evidence pending
REQ-54-009,ledger,ledger,API-LEDGER,ledger,PostAndReconcile,T-LEDGER,AUTHZ;TENANT;PURPOSE;AUDIT;IDEMPOTENCY;CONCURRENCY;EVIDENCE,18;28,designed; implementation evidence pending
REQ-55-001,frontend,four Next applications,CTRL-FRONTEND,no authoritative domain tables,RoleJourney,T-A11Y,AUTHZ;TENANT;PURPOSE;AUDIT;SUPPLY-CHAIN;BOUNDARY-TESTS,32;33;34,designed; implementation evidence pending
REQ-55-002,frontend,four Next applications,CTRL-FRONTEND,no authoritative domain tables,RoleJourney,T-A11Y,AUTHZ;TENANT;PURPOSE;AUDIT;SUPPLY-CHAIN;BOUNDARY-TESTS,32;33;34,designed; implementation evidence pending
REQ-55-003,frontend,four Next applications,CTRL-FRONTEND,no authoritative domain tables,RoleJourney,T-A11Y,AUTHZ;TENANT;PURPOSE;AUDIT;SUPPLY-CHAIN;BOUNDARY-TESTS,32;33;34,designed; implementation evidence pending
REQ-55-004,frontend,four Next applications,CTRL-FRONTEND,no authoritative domain tables,RoleJourney,T-A11Y,AUTHZ;TENANT;PURPOSE;AUDIT;SUPPLY-CHAIN;BOUNDARY-TESTS,32;33;34,designed; implementation evidence pending
REQ-55-005,frontend,four Next applications,CTRL-FRONTEND,no authoritative domain tables,RoleJourney,T-A11Y,AUTHZ;TENANT;PURPOSE;AUDIT;SUPPLY-CHAIN;BOUNDARY-TESTS,32;33;34,designed; implementation evidence pending
REQ-55-006,frontend,four Next applications,CTRL-FRONTEND,no authoritative domain tables,RoleJourney,T-A11Y,AUTHZ;TENANT;PURPOSE;AUDIT;SUPPLY-CHAIN;BOUNDARY-TESTS,32;33;34,designed; implementation evidence pending
REQ-55-007,frontend,four Next applications,CTRL-FRONTEND,no authoritative domain tables,RoleJourney,T-A11Y,AUTHZ;TENANT;PURPOSE;AUDIT;SUPPLY-CHAIN;BOUNDARY-TESTS,32;33;34,designed; implementation evidence pending
REQ-55-008,frontend,four Next applications,CTRL-FRONTEND,no authoritative domain tables,RoleJourney,T-A11Y,AUTHZ;TENANT;PURPOSE;AUDIT;SUPPLY-CHAIN;BOUNDARY-TESTS,32;33;34,designed; implementation evidence pending
REQ-55-009,frontend,four Next applications,CTRL-FRONTEND,no authoritative domain tables,RoleJourney,T-A11Y,AUTHZ;TENANT;PURPOSE;AUDIT;SUPPLY-CHAIN;BOUNDARY-TESTS,32;33;34,designed; implementation evidence pending
REQ-55-010,frontend,four Next applications,CTRL-FRONTEND,no authoritative domain tables,RoleJourney,T-A11Y,AUTHZ;TENANT;PURPOSE;AUDIT;SUPPLY-CHAIN;BOUNDARY-TESTS,32;33;34,designed; implementation evidence pending
REQ-55-011,frontend,four Next applications,CTRL-FRONTEND,no authoritative domain tables,RoleJourney,T-A11Y,AUTHZ;TENANT;PURPOSE;AUDIT;SUPPLY-CHAIN;BOUNDARY-TESTS,32;33;34,designed; implementation evidence pending
REQ-55-012,frontend,four Next applications,CTRL-FRONTEND,no authoritative domain tables,RoleJourney,T-A11Y,AUTHZ;TENANT;PURPOSE;AUDIT;SUPPLY-CHAIN;BOUNDARY-TESTS,32;33;34,designed; implementation evidence pending
REQ-55-013,frontend,four Next applications,CTRL-FRONTEND,no authoritative domain tables,RoleJourney,T-A11Y,AUTHZ;TENANT;PURPOSE;AUDIT;SUPPLY-CHAIN;BOUNDARY-TESTS,32;33;34,designed; implementation evidence pending
REQ-55-014,frontend,four Next applications,CTRL-FRONTEND,no authoritative domain tables,RoleJourney,T-A11Y,AUTHZ;TENANT;PURPOSE;AUDIT;SUPPLY-CHAIN;BOUNDARY-TESTS,32;33;34,designed; implementation evidence pending
REQ-55-015,frontend,four Next applications,CTRL-FRONTEND,no authoritative domain tables,RoleJourney,T-A11Y,AUTHZ;TENANT;PURPOSE;AUDIT;SUPPLY-CHAIN;BOUNDARY-TESTS,32;33;34,designed; implementation evidence pending
REQ-55-016,frontend,four Next applications,CTRL-FRONTEND,no authoritative domain tables,RoleJourney,T-A11Y,AUTHZ;TENANT;PURPOSE;AUDIT;SUPPLY-CHAIN;BOUNDARY-TESTS,32;33;34,designed; implementation evidence pending
REQ-55-017,frontend,four Next applications,CTRL-FRONTEND,no authoritative domain tables,RoleJourney,T-A11Y,AUTHZ;TENANT;PURPOSE;AUDIT;SUPPLY-CHAIN;BOUNDARY-TESTS,32;33;34,designed; implementation evidence pending
REQ-56-001,frontend,four Next applications,CTRL-FRONTEND,no authoritative domain tables,RoleJourney,T-A11Y,AUTHZ;TENANT;PURPOSE;AUDIT;SUPPLY-CHAIN;BOUNDARY-TESTS,32;33;34,designed; implementation evidence pending
REQ-56-002,frontend,four Next applications,CTRL-FRONTEND,no authoritative domain tables,RoleJourney,T-A11Y,AUTHZ;TENANT;PURPOSE;AUDIT;SUPPLY-CHAIN;BOUNDARY-TESTS,32;33;34,designed; implementation evidence pending
REQ-56-003,frontend,four Next applications,CTRL-FRONTEND,no authoritative domain tables,RoleJourney,T-A11Y,AUTHZ;TENANT;PURPOSE;AUDIT;SUPPLY-CHAIN;BOUNDARY-TESTS,32;33;34,designed; implementation evidence pending
REQ-56-004,frontend,four Next applications,CTRL-FRONTEND,no authoritative domain tables,RoleJourney,T-A11Y,AUTHZ;TENANT;PURPOSE;AUDIT;SUPPLY-CHAIN;BOUNDARY-TESTS,32;33;34,designed; implementation evidence pending
REQ-56-005,frontend,four Next applications,CTRL-FRONTEND,no authoritative domain tables,RoleJourney,T-A11Y,AUTHZ;TENANT;PURPOSE;AUDIT;SUPPLY-CHAIN;BOUNDARY-TESTS,32;33;34,designed; implementation evidence pending
REQ-56-006,frontend,four Next applications,CTRL-FRONTEND,no authoritative domain tables,RoleJourney,T-A11Y,AUTHZ;TENANT;PURPOSE;AUDIT;SUPPLY-CHAIN;BOUNDARY-TESTS,32;33;34,designed; implementation evidence pending
REQ-56-007,frontend,four Next applications,CTRL-FRONTEND,no authoritative domain tables,RoleJourney,T-A11Y,AUTHZ;TENANT;PURPOSE;AUDIT;SUPPLY-CHAIN;BOUNDARY-TESTS,32;33;34,designed; implementation evidence pending
REQ-56-008,frontend,four Next applications,CTRL-FRONTEND,no authoritative domain tables,RoleJourney,T-A11Y,AUTHZ;TENANT;PURPOSE;AUDIT;SUPPLY-CHAIN;BOUNDARY-TESTS,32;33;34,designed; implementation evidence pending
REQ-56-009,frontend,four Next applications,CTRL-FRONTEND,no authoritative domain tables,RoleJourney,T-A11Y,AUTHZ;TENANT;PURPOSE;AUDIT;SUPPLY-CHAIN;BOUNDARY-TESTS,32;33;34,designed; implementation evidence pending
REQ-56-010,frontend,four Next applications,CTRL-FRONTEND,no authoritative domain tables,RoleJourney,T-A11Y,AUTHZ;TENANT;PURPOSE;AUDIT;SUPPLY-CHAIN;BOUNDARY-TESTS,32;33;34,designed; implementation evidence pending
REQ-56-011,frontend,four Next applications,CTRL-FRONTEND,no authoritative domain tables,RoleJourney,T-A11Y,AUTHZ;TENANT;PURPOSE;AUDIT;SUPPLY-CHAIN;BOUNDARY-TESTS,32;33;34,designed; implementation evidence pending
REQ-56-012,frontend,four Next applications,CTRL-FRONTEND,no authoritative domain tables,RoleJourney,T-A11Y,AUTHZ;TENANT;PURPOSE;AUDIT;SUPPLY-CHAIN;BOUNDARY-TESTS,32;33;34,designed; implementation evidence pending
REQ-56-013,frontend,four Next applications,CTRL-FRONTEND,no authoritative domain tables,RoleJourney,T-A11Y,AUTHZ;TENANT;PURPOSE;AUDIT;SUPPLY-CHAIN;BOUNDARY-TESTS,32;33;34,designed; implementation evidence pending
REQ-57-001,frontend,four Next applications,CTRL-FRONTEND,no authoritative domain tables,RoleJourney,T-A11Y,AUTHZ;TENANT;PURPOSE;AUDIT;SUPPLY-CHAIN;BOUNDARY-TESTS,32;33;34,designed; implementation evidence pending
REQ-57-002,frontend,four Next applications,CTRL-FRONTEND,no authoritative domain tables,RoleJourney,T-A11Y,AUTHZ;TENANT;PURPOSE;AUDIT;SUPPLY-CHAIN;BOUNDARY-TESTS,32;33;34,designed; implementation evidence pending
REQ-57-003,frontend,four Next applications,CTRL-FRONTEND,no authoritative domain tables,RoleJourney,T-A11Y,AUTHZ;TENANT;PURPOSE;AUDIT;SUPPLY-CHAIN;BOUNDARY-TESTS,32;33;34,designed; implementation evidence pending
REQ-57-004,frontend,four Next applications,CTRL-FRONTEND,no authoritative domain tables,RoleJourney,T-A11Y,AUTHZ;TENANT;PURPOSE;AUDIT;SUPPLY-CHAIN;BOUNDARY-TESTS,32;33;34,designed; implementation evidence pending
REQ-57-005,frontend,four Next applications,CTRL-FRONTEND,no authoritative domain tables,RoleJourney,T-A11Y,AUTHZ;TENANT;PURPOSE;AUDIT;SUPPLY-CHAIN;BOUNDARY-TESTS,32;33;34,designed; implementation evidence pending
REQ-57-006,frontend,four Next applications,CTRL-FRONTEND,no authoritative domain tables,RoleJourney,T-A11Y,AUTHZ;TENANT;PURPOSE;AUDIT;SUPPLY-CHAIN;BOUNDARY-TESTS,32;33;34,designed; implementation evidence pending
REQ-57-007,frontend,four Next applications,CTRL-FRONTEND,no authoritative domain tables,RoleJourney,T-A11Y,AUTHZ;TENANT;PURPOSE;AUDIT;SUPPLY-CHAIN;BOUNDARY-TESTS,32;33;34,designed; implementation evidence pending
REQ-57-008,frontend,four Next applications,CTRL-FRONTEND,no authoritative domain tables,RoleJourney,T-A11Y,AUTHZ;TENANT;PURPOSE;AUDIT;SUPPLY-CHAIN;BOUNDARY-TESTS,32;33;34,designed; implementation evidence pending
REQ-57-009,frontend,four Next applications,CTRL-FRONTEND,no authoritative domain tables,RoleJourney,T-A11Y,AUTHZ;TENANT;PURPOSE;AUDIT;SUPPLY-CHAIN;BOUNDARY-TESTS,32;33;34,designed; implementation evidence pending
REQ-57-010,frontend,four Next applications,CTRL-FRONTEND,no authoritative domain tables,RoleJourney,T-A11Y,AUTHZ;TENANT;PURPOSE;AUDIT;SUPPLY-CHAIN;BOUNDARY-TESTS,32;33;34,designed; implementation evidence pending
REQ-57-011,frontend,four Next applications,CTRL-FRONTEND,no authoritative domain tables,RoleJourney,T-A11Y,AUTHZ;TENANT;PURPOSE;AUDIT;SUPPLY-CHAIN;BOUNDARY-TESTS,32;33;34,designed; implementation evidence pending
REQ-57-012,frontend,four Next applications,CTRL-FRONTEND,no authoritative domain tables,RoleJourney,T-A11Y,AUTHZ;TENANT;PURPOSE;AUDIT;SUPPLY-CHAIN;BOUNDARY-TESTS,32;33;34,designed; implementation evidence pending
REQ-57-013,frontend,four Next applications,CTRL-FRONTEND,no authoritative domain tables,RoleJourney,T-A11Y,AUTHZ;TENANT;PURPOSE;AUDIT;SUPPLY-CHAIN;BOUNDARY-TESTS,32;33;34,designed; implementation evidence pending
REQ-57-014,frontend,four Next applications,CTRL-FRONTEND,no authoritative domain tables,RoleJourney,T-A11Y,AUTHZ;TENANT;PURPOSE;AUDIT;SUPPLY-CHAIN;BOUNDARY-TESTS,32;33;34,designed; implementation evidence pending
REQ-58-001,frontend,four Next applications,CTRL-FRONTEND,no authoritative domain tables,RoleJourney,T-A11Y,AUTHZ;TENANT;PURPOSE;AUDIT;SUPPLY-CHAIN;BOUNDARY-TESTS,32;33;34,designed; implementation evidence pending
REQ-58-002,frontend,four Next applications,CTRL-FRONTEND,no authoritative domain tables,RoleJourney,T-A11Y,AUTHZ;TENANT;PURPOSE;AUDIT;SUPPLY-CHAIN;BOUNDARY-TESTS,32;33;34,designed; implementation evidence pending
REQ-58-003,frontend,four Next applications,CTRL-FRONTEND,no authoritative domain tables,RoleJourney,T-A11Y,AUTHZ;TENANT;PURPOSE;AUDIT;SUPPLY-CHAIN;BOUNDARY-TESTS,32;33;34,designed; implementation evidence pending
REQ-58-004,frontend,four Next applications,CTRL-FRONTEND,no authoritative domain tables,RoleJourney,T-A11Y,AUTHZ;TENANT;PURPOSE;AUDIT;SUPPLY-CHAIN;BOUNDARY-TESTS,32;33;34,designed; implementation evidence pending
REQ-58-005,frontend,four Next applications,CTRL-FRONTEND,no authoritative domain tables,RoleJourney,T-A11Y,AUTHZ;TENANT;PURPOSE;AUDIT;SUPPLY-CHAIN;BOUNDARY-TESTS,32;33;34,designed; implementation evidence pending
REQ-58-006,frontend,four Next applications,CTRL-FRONTEND,no authoritative domain tables,RoleJourney,T-A11Y,AUTHZ;TENANT;PURPOSE;AUDIT;SUPPLY-CHAIN;BOUNDARY-TESTS,32;33;34,designed; implementation evidence pending
REQ-58-007,frontend,four Next applications,CTRL-FRONTEND,no authoritative domain tables,RoleJourney,T-A11Y,AUTHZ;TENANT;PURPOSE;AUDIT;SUPPLY-CHAIN;BOUNDARY-TESTS,32;33;34,designed; implementation evidence pending
REQ-58-008,frontend,four Next applications,CTRL-FRONTEND,no authoritative domain tables,RoleJourney,T-A11Y,AUTHZ;TENANT;PURPOSE;AUDIT;SUPPLY-CHAIN;BOUNDARY-TESTS,32;33;34,designed; implementation evidence pending
REQ-58-009,frontend,four Next applications,CTRL-FRONTEND,no authoritative domain tables,RoleJourney,T-A11Y,AUTHZ;TENANT;PURPOSE;AUDIT;SUPPLY-CHAIN;BOUNDARY-TESTS,32;33;34,designed; implementation evidence pending
REQ-58-010,frontend,four Next applications,CTRL-FRONTEND,no authoritative domain tables,RoleJourney,T-A11Y,AUTHZ;TENANT;PURPOSE;AUDIT;SUPPLY-CHAIN;BOUNDARY-TESTS,32;33;34,designed; implementation evidence pending
REQ-58-011,frontend,four Next applications,CTRL-FRONTEND,no authoritative domain tables,RoleJourney,T-A11Y,AUTHZ;TENANT;PURPOSE;AUDIT;SUPPLY-CHAIN;BOUNDARY-TESTS,32;33;34,designed; implementation evidence pending
REQ-58-012,frontend,four Next applications,CTRL-FRONTEND,no authoritative domain tables,RoleJourney,T-A11Y,AUTHZ;TENANT;PURPOSE;AUDIT;SUPPLY-CHAIN;BOUNDARY-TESTS,32;33;34,designed; implementation evidence pending
REQ-58-013,frontend,four Next applications,CTRL-FRONTEND,no authoritative domain tables,RoleJourney,T-A11Y,AUTHZ;TENANT;PURPOSE;AUDIT;SUPPLY-CHAIN;BOUNDARY-TESTS,32;33;34,designed; implementation evidence pending
REQ-58-014,frontend,four Next applications,CTRL-FRONTEND,no authoritative domain tables,RoleJourney,T-A11Y,AUTHZ;TENANT;PURPOSE;AUDIT;SUPPLY-CHAIN;BOUNDARY-TESTS,32;33;34,designed; implementation evidence pending
REQ-58-015,frontend,four Next applications,CTRL-FRONTEND,no authoritative domain tables,RoleJourney,T-A11Y,AUTHZ;TENANT;PURPOSE;AUDIT;SUPPLY-CHAIN;BOUNDARY-TESTS,32;33;34,designed; implementation evidence pending
REQ-58-016,frontend,four Next applications,CTRL-FRONTEND,no authoritative domain tables,RoleJourney,T-A11Y,AUTHZ;TENANT;PURPOSE;AUDIT;SUPPLY-CHAIN;BOUNDARY-TESTS,32;33;34,designed; implementation evidence pending
REQ-59-001,frontend,four Next applications,CTRL-FRONTEND,no authoritative domain tables,RoleJourney,T-A11Y,AUTHZ;TENANT;PURPOSE;AUDIT;SUPPLY-CHAIN;BOUNDARY-TESTS,32;33;34,designed; implementation evidence pending
REQ-59-002,frontend,four Next applications,CTRL-FRONTEND,no authoritative domain tables,RoleJourney,T-A11Y,AUTHZ;TENANT;PURPOSE;AUDIT;SUPPLY-CHAIN;BOUNDARY-TESTS,32;33;34,designed; implementation evidence pending
REQ-59-003,frontend,four Next applications,CTRL-FRONTEND,no authoritative domain tables,RoleJourney,T-A11Y,AUTHZ;TENANT;PURPOSE;AUDIT;SUPPLY-CHAIN;BOUNDARY-TESTS,32;33;34,designed; implementation evidence pending
REQ-59-004,frontend,four Next applications,CTRL-FRONTEND,no authoritative domain tables,RoleJourney,T-A11Y,AUTHZ;TENANT;PURPOSE;AUDIT;SUPPLY-CHAIN;BOUNDARY-TESTS,32;33;34,designed; implementation evidence pending
REQ-59-005,frontend,four Next applications,CTRL-FRONTEND,no authoritative domain tables,RoleJourney,T-A11Y,AUTHZ;TENANT;PURPOSE;AUDIT;SUPPLY-CHAIN;BOUNDARY-TESTS,32;33;34,designed; implementation evidence pending
REQ-59-006,frontend,four Next applications,CTRL-FRONTEND,no authoritative domain tables,RoleJourney,T-A11Y,AUTHZ;TENANT;PURPOSE;AUDIT;SUPPLY-CHAIN;BOUNDARY-TESTS,32;33;34,designed; implementation evidence pending
REQ-59-007,frontend,four Next applications,CTRL-FRONTEND,no authoritative domain tables,RoleJourney,T-A11Y,AUTHZ;TENANT;PURPOSE;AUDIT;SUPPLY-CHAIN;BOUNDARY-TESTS,32;33;34,designed; implementation evidence pending
REQ-60-001,notifications,notifications,API-NOTIFICATION,notifications,NotificationDelivery,T-NOTIFY,AUTHZ;TENANT;PURPOSE;AUDIT,33;37,designed; implementation evidence pending
REQ-60-002,notifications,notifications,API-NOTIFICATION,notifications,NotificationDelivery,T-NOTIFY,AUTHZ;TENANT;PURPOSE;AUDIT,33;37,designed; implementation evidence pending
REQ-60-003,notifications,notifications,API-NOTIFICATION,notifications,NotificationDelivery,T-NOTIFY,AUTHZ;TENANT;PURPOSE;AUDIT,33;37,designed; implementation evidence pending
REQ-60-004,notifications,notifications,API-NOTIFICATION,notifications,NotificationDelivery,T-NOTIFY,AUTHZ;TENANT;PURPOSE;AUDIT,33;37,designed; implementation evidence pending
REQ-60-005,notifications,notifications,API-NOTIFICATION,notifications,NotificationDelivery,T-NOTIFY,AUTHZ;TENANT;PURPOSE;AUDIT,33;37,designed; implementation evidence pending
REQ-60-006,notifications,notifications,API-NOTIFICATION,notifications,NotificationDelivery,T-NOTIFY,AUTHZ;TENANT;PURPOSE;AUDIT,33;37,designed; implementation evidence pending
REQ-60-007,notifications,notifications,API-NOTIFICATION,notifications,NotificationDelivery,T-NOTIFY,AUTHZ;TENANT;PURPOSE;AUDIT,33;37,designed; implementation evidence pending
REQ-60-008,notifications,notifications,API-NOTIFICATION,notifications,NotificationDelivery,T-NOTIFY,AUTHZ;TENANT;PURPOSE;AUDIT,33;37,designed; implementation evidence pending
REQ-60-009,notifications,notifications,API-NOTIFICATION,notifications,NotificationDelivery,T-NOTIFY,AUTHZ;TENANT;PURPOSE;AUDIT,33;37,designed; implementation evidence pending
REQ-60-010,notifications,notifications,API-NOTIFICATION,notifications,NotificationDelivery,T-NOTIFY,AUTHZ;TENANT;PURPOSE;AUDIT,33;37,designed; implementation evidence pending
REQ-60-011,notifications,notifications,API-NOTIFICATION,notifications,NotificationDelivery,T-NOTIFY,AUTHZ;TENANT;PURPOSE;AUDIT,33;37,designed; implementation evidence pending
REQ-60-012,notifications,notifications,API-NOTIFICATION,notifications,NotificationDelivery,T-NOTIFY,AUTHZ;TENANT;PURPOSE;AUDIT,33;37,designed; implementation evidence pending
REQ-60-013,notifications,notifications,API-NOTIFICATION,notifications,NotificationDelivery,T-NOTIFY,AUTHZ;TENANT;PURPOSE;AUDIT,33;37,designed; implementation evidence pending
REQ-60-014,notifications,notifications,API-NOTIFICATION,notifications,NotificationDelivery,T-NOTIFY,AUTHZ;TENANT;PURPOSE;AUDIT,33;37,designed; implementation evidence pending
REQ-60-015,notifications,notifications,API-NOTIFICATION,notifications,NotificationDelivery,T-NOTIFY,AUTHZ;TENANT;PURPOSE;AUDIT,33;37,designed; implementation evidence pending
REQ-60-016,notifications,notifications,API-NOTIFICATION,notifications,NotificationDelivery,T-NOTIFY,AUTHZ;TENANT;PURPOSE;AUDIT,33;37,designed; implementation evidence pending
REQ-60-017,notifications,notifications,API-NOTIFICATION,notifications,NotificationDelivery,T-NOTIFY,AUTHZ;TENANT;PURPOSE;AUDIT,33;37,designed; implementation evidence pending
REQ-60-018,notifications,notifications,API-NOTIFICATION,notifications,NotificationDelivery,T-NOTIFY,AUTHZ;TENANT;PURPOSE;AUDIT,33;37,designed; implementation evidence pending
REQ-60-019,notifications,notifications,API-NOTIFICATION,notifications,NotificationDelivery,T-NOTIFY,AUTHZ;TENANT;PURPOSE;AUDIT,33;37,designed; implementation evidence pending
REQ-60-020,notifications,notifications,API-NOTIFICATION,notifications,NotificationDelivery,T-NOTIFY,AUTHZ;TENANT;PURPOSE;AUDIT,33;37,designed; implementation evidence pending
REQ-60-021,notifications,notifications,API-NOTIFICATION,notifications,NotificationDelivery,T-NOTIFY,AUTHZ;TENANT;PURPOSE;AUDIT,33;37,designed; implementation evidence pending
REQ-61-001,customer,customer,API-CUSTOMER,customer,CustomerService,T-CRM,AUTHZ;TENANT;PURPOSE;AUDIT,8;22;33,designed; implementation evidence pending
REQ-61-002,customer,customer,API-CUSTOMER,customer,CustomerService,T-CRM,AUTHZ;TENANT;PURPOSE;AUDIT,8;22;33,designed; implementation evidence pending
REQ-61-003,customer,customer,API-CUSTOMER,customer,CustomerService,T-CRM,AUTHZ;TENANT;PURPOSE;AUDIT,8;22;33,designed; implementation evidence pending
REQ-61-004,customer,customer,API-CUSTOMER,customer,CustomerService,T-CRM,AUTHZ;TENANT;PURPOSE;AUDIT,8;22;33,designed; implementation evidence pending
REQ-61-005,customer,customer,API-CUSTOMER,customer,CustomerService,T-CRM,AUTHZ;TENANT;PURPOSE;AUDIT,8;22;33,designed; implementation evidence pending
REQ-61-006,customer,customer,API-CUSTOMER,customer,CustomerService,T-CRM,AUTHZ;TENANT;PURPOSE;AUDIT,8;22;33,designed; implementation evidence pending
REQ-61-007,customer,customer,API-CUSTOMER,customer,CustomerService,T-CRM,AUTHZ;TENANT;PURPOSE;AUDIT,8;22;33,designed; implementation evidence pending
REQ-61-008,customer,customer,API-CUSTOMER,customer,CustomerService,T-CRM,AUTHZ;TENANT;PURPOSE;AUDIT,8;22;33,designed; implementation evidence pending
REQ-61-009,customer,customer,API-CUSTOMER,customer,CustomerService,T-CRM,AUTHZ;TENANT;PURPOSE;AUDIT,8;22;33,designed; implementation evidence pending
REQ-61-010,customer,customer,API-CUSTOMER,customer,CustomerService,T-CRM,AUTHZ;TENANT;PURPOSE;AUDIT,8;22;33,designed; implementation evidence pending
REQ-61-011,customer,customer,API-CUSTOMER,customer,CustomerService,T-CRM,AUTHZ;TENANT;PURPOSE;AUDIT,8;22;33,designed; implementation evidence pending
REQ-61-012,customer,customer,API-CUSTOMER,customer,CustomerService,T-CRM,AUTHZ;TENANT;PURPOSE;AUDIT,8;22;33,designed; implementation evidence pending
REQ-61-013,customer,customer,API-CUSTOMER,customer,CustomerService,T-CRM,AUTHZ;TENANT;PURPOSE;AUDIT,8;22;33,designed; implementation evidence pending
REQ-61-014,customer,customer,API-CUSTOMER,customer,CustomerService,T-CRM,AUTHZ;TENANT;PURPOSE;AUDIT,8;22;33,designed; implementation evidence pending
REQ-61-015,customer,customer,API-CUSTOMER,customer,CustomerService,T-CRM,AUTHZ;TENANT;PURPOSE;AUDIT,8;22;33,designed; implementation evidence pending
REQ-62-001,compliance,compliance,API-COMPLIANCE,compliance,ComplianceReview,T-COMPLIANCE,AUTHZ;TENANT;PURPOSE;AUDIT,27;53;57,designed; implementation evidence pending
REQ-62-002,compliance,compliance,API-COMPLIANCE,compliance,ComplianceReview,T-COMPLIANCE,AUTHZ;TENANT;PURPOSE;AUDIT,27;53;57,designed; implementation evidence pending
REQ-62-003,compliance,compliance,API-COMPLIANCE,compliance,ComplianceReview,T-COMPLIANCE,AUTHZ;TENANT;PURPOSE;AUDIT,27;53;57,designed; implementation evidence pending
REQ-62-004,compliance,compliance,API-COMPLIANCE,compliance,ComplianceReview,T-COMPLIANCE,AUTHZ;TENANT;PURPOSE;AUDIT,27;53;57,designed; implementation evidence pending
REQ-62-005,compliance,compliance,API-COMPLIANCE,compliance,ComplianceReview,T-COMPLIANCE,AUTHZ;TENANT;PURPOSE;AUDIT,27;53;57,designed; implementation evidence pending
REQ-62-006,compliance,compliance,API-COMPLIANCE,compliance,ComplianceReview,T-COMPLIANCE,AUTHZ;TENANT;PURPOSE;AUDIT,27;53;57,designed; implementation evidence pending
REQ-62-007,compliance,compliance,API-COMPLIANCE,compliance,ComplianceReview,T-COMPLIANCE,AUTHZ;TENANT;PURPOSE;AUDIT,27;53;57,designed; implementation evidence pending
REQ-62-008,compliance,compliance,API-COMPLIANCE,compliance,ComplianceReview,T-COMPLIANCE,AUTHZ;TENANT;PURPOSE;AUDIT,27;53;57,designed; implementation evidence pending
REQ-62-009,compliance,compliance,API-COMPLIANCE,compliance,ComplianceReview,T-COMPLIANCE,AUTHZ;TENANT;PURPOSE;AUDIT,27;53;57,designed; implementation evidence pending
REQ-63-001,customer,customer,API-CUSTOMER,customer,CustomerService,T-CRM,AUTHZ;TENANT;PURPOSE;AUDIT,8;22;33,designed; implementation evidence pending
REQ-63-002,customer,customer,API-CUSTOMER,customer,CustomerService,T-CRM,AUTHZ;TENANT;PURPOSE;AUDIT,8;22;33,designed; implementation evidence pending
REQ-63-003,customer,customer,API-CUSTOMER,customer,CustomerService,T-CRM,AUTHZ;TENANT;PURPOSE;AUDIT,8;22;33,designed; implementation evidence pending
REQ-63-004,customer,customer,API-CUSTOMER,customer,CustomerService,T-CRM,AUTHZ;TENANT;PURPOSE;AUDIT,8;22;33,designed; implementation evidence pending
REQ-63-005,customer,customer,API-CUSTOMER,customer,CustomerService,T-CRM,AUTHZ;TENANT;PURPOSE;AUDIT,8;22;33,designed; implementation evidence pending
REQ-63-006,customer,customer,API-CUSTOMER,customer,CustomerService,T-CRM,AUTHZ;TENANT;PURPOSE;AUDIT,8;22;33,designed; implementation evidence pending
REQ-63-007,customer,customer,API-CUSTOMER,customer,CustomerService,T-CRM,AUTHZ;TENANT;PURPOSE;AUDIT,8;22;33,designed; implementation evidence pending
REQ-63-008,customer,customer,API-CUSTOMER,customer,CustomerService,T-CRM,AUTHZ;TENANT;PURPOSE;AUDIT,8;22;33,designed; implementation evidence pending
REQ-63-009,customer,customer,API-CUSTOMER,customer,CustomerService,T-CRM,AUTHZ;TENANT;PURPOSE;AUDIT,8;22;33,designed; implementation evidence pending
REQ-64-001,distribution,distribution,API-DISTRIBUTION,distribution,DistributionEnrollment,T-IMPORT,AUTHZ;TENANT;PURPOSE;AUDIT,22;23,designed; implementation evidence pending
REQ-64-002,distribution,distribution,API-DISTRIBUTION,distribution,DistributionEnrollment,T-IMPORT,AUTHZ;TENANT;PURPOSE;AUDIT,22;23,designed; implementation evidence pending
REQ-64-003,distribution,distribution,API-DISTRIBUTION,distribution,DistributionEnrollment,T-IMPORT,AUTHZ;TENANT;PURPOSE;AUDIT,22;23,designed; implementation evidence pending
REQ-64-004,distribution,distribution,API-DISTRIBUTION,distribution,DistributionEnrollment,T-IMPORT,AUTHZ;TENANT;PURPOSE;AUDIT,22;23,designed; implementation evidence pending
REQ-64-005,distribution,distribution,API-DISTRIBUTION,distribution,DistributionEnrollment,T-IMPORT,AUTHZ;TENANT;PURPOSE;AUDIT,22;23,designed; implementation evidence pending
REQ-64-006,distribution,distribution,API-DISTRIBUTION,distribution,DistributionEnrollment,T-IMPORT,AUTHZ;TENANT;PURPOSE;AUDIT,22;23,designed; implementation evidence pending
REQ-64-007,distribution,distribution,API-DISTRIBUTION,distribution,DistributionEnrollment,T-IMPORT,AUTHZ;TENANT;PURPOSE;AUDIT,22;23,designed; implementation evidence pending
REQ-64-008,distribution,distribution,API-DISTRIBUTION,distribution,DistributionEnrollment,T-IMPORT,AUTHZ;TENANT;PURPOSE;AUDIT,22;23,designed; implementation evidence pending
REQ-64-009,distribution,distribution,API-DISTRIBUTION,distribution,DistributionEnrollment,T-IMPORT,AUTHZ;TENANT;PURPOSE;AUDIT,22;23,designed; implementation evidence pending
REQ-64-010,distribution,distribution,API-DISTRIBUTION,distribution,DistributionEnrollment,T-IMPORT,AUTHZ;TENANT;PURPOSE;AUDIT,22;23,designed; implementation evidence pending
REQ-64-011,distribution,distribution,API-DISTRIBUTION,distribution,DistributionEnrollment,T-IMPORT,AUTHZ;TENANT;PURPOSE;AUDIT,22;23,designed; implementation evidence pending
REQ-64-012,distribution,distribution,API-DISTRIBUTION,distribution,DistributionEnrollment,T-IMPORT,AUTHZ;TENANT;PURPOSE;AUDIT,22;23,designed; implementation evidence pending
REQ-65-001,claims,claims,API-CLAIM,claims,ClaimLifecycle,T-CLAIM,AUTHZ;TENANT;PURPOSE;AUDIT;IDEMPOTENCY;CONCURRENCY;EVIDENCE,17;31;42,designed; implementation evidence pending
REQ-65-002,claims,claims,API-CLAIM,claims,ClaimLifecycle,T-CLAIM,AUTHZ;TENANT;PURPOSE;AUDIT;IDEMPOTENCY;CONCURRENCY;EVIDENCE,17;31;42,designed; implementation evidence pending
REQ-65-003,claims,claims,API-CLAIM,claims,ClaimLifecycle,T-CLAIM,AUTHZ;TENANT;PURPOSE;AUDIT;IDEMPOTENCY;CONCURRENCY;EVIDENCE,17;31;42,designed; implementation evidence pending
REQ-65-004,claims,claims,API-CLAIM,claims,ClaimLifecycle,T-CLAIM,AUTHZ;TENANT;PURPOSE;AUDIT;IDEMPOTENCY;CONCURRENCY;EVIDENCE,17;31;42,designed; implementation evidence pending
REQ-65-005,claims,claims,API-CLAIM,claims,ClaimLifecycle,T-CLAIM,AUTHZ;TENANT;PURPOSE;AUDIT;IDEMPOTENCY;CONCURRENCY;EVIDENCE,17;31;42,designed; implementation evidence pending
REQ-65-006,claims,claims,API-CLAIM,claims,ClaimLifecycle,T-CLAIM,AUTHZ;TENANT;PURPOSE;AUDIT;IDEMPOTENCY;CONCURRENCY;EVIDENCE,17;31;42,designed; implementation evidence pending
REQ-65-007,claims,claims,API-CLAIM,claims,ClaimLifecycle,T-CLAIM,AUTHZ;TENANT;PURPOSE;AUDIT;IDEMPOTENCY;CONCURRENCY;EVIDENCE,17;31;42,designed; implementation evidence pending
REQ-65-008,claims,claims,API-CLAIM,claims,ClaimLifecycle,T-CLAIM,AUTHZ;TENANT;PURPOSE;AUDIT;IDEMPOTENCY;CONCURRENCY;EVIDENCE,17;31;42,designed; implementation evidence pending
REQ-65-009,claims,claims,API-CLAIM,claims,ClaimLifecycle,T-CLAIM,AUTHZ;TENANT;PURPOSE;AUDIT;IDEMPOTENCY;CONCURRENCY;EVIDENCE,17;31;42,designed; implementation evidence pending
REQ-66-001,risk,risk,API-RISK,risk,RiskVerification,T-RATING,AUTHZ;TENANT;PURPOSE;AUDIT,13;14;25,designed; implementation evidence pending
REQ-66-002,risk,risk,API-RISK,risk,RiskVerification,T-RATING,AUTHZ;TENANT;PURPOSE;AUDIT,13;14;25,designed; implementation evidence pending
REQ-66-003,risk,risk,API-RISK,risk,RiskVerification,T-RATING,AUTHZ;TENANT;PURPOSE;AUDIT,13;14;25,designed; implementation evidence pending
REQ-66-004,risk,risk,API-RISK,risk,RiskVerification,T-RATING,AUTHZ;TENANT;PURPOSE;AUDIT,13;14;25,designed; implementation evidence pending
REQ-66-005,risk,risk,API-RISK,risk,RiskVerification,T-RATING,AUTHZ;TENANT;PURPOSE;AUDIT,13;14;25,designed; implementation evidence pending
REQ-66-006,risk,risk,API-RISK,risk,RiskVerification,T-RATING,AUTHZ;TENANT;PURPOSE;AUDIT,13;14;25,designed; implementation evidence pending
REQ-66-007,risk,risk,API-RISK,risk,RiskVerification,T-RATING,AUTHZ;TENANT;PURPOSE;AUDIT,13;14;25,designed; implementation evidence pending
REQ-66-008,risk,risk,API-RISK,risk,RiskVerification,T-RATING,AUTHZ;TENANT;PURPOSE;AUDIT,13;14;25,designed; implementation evidence pending
REQ-66-009,risk,risk,API-RISK,risk,RiskVerification,T-RATING,AUTHZ;TENANT;PURPOSE;AUDIT,13;14;25,designed; implementation evidence pending
REQ-66-010,risk,risk,API-RISK,risk,RiskVerification,T-RATING,AUTHZ;TENANT;PURPOSE;AUDIT,13;14;25,designed; implementation evidence pending
REQ-67-001,policy,policy,API-POLICY,policy,PolicyLifecycle,T-HISTORY,AUTHZ;TENANT;PURPOSE;AUDIT;IDEMPOTENCY;CONCURRENCY;EVIDENCE,16;31;42,designed; implementation evidence pending
REQ-67-002,policy,policy,API-POLICY,policy,PolicyLifecycle,T-HISTORY,AUTHZ;TENANT;PURPOSE;AUDIT;IDEMPOTENCY;CONCURRENCY;EVIDENCE,16;31;42,designed; implementation evidence pending
REQ-67-003,policy,policy,API-POLICY,policy,PolicyLifecycle,T-HISTORY,AUTHZ;TENANT;PURPOSE;AUDIT;IDEMPOTENCY;CONCURRENCY;EVIDENCE,16;31;42,designed; implementation evidence pending
REQ-67-004,policy,policy,API-POLICY,policy,PolicyLifecycle,T-HISTORY,AUTHZ;TENANT;PURPOSE;AUDIT;IDEMPOTENCY;CONCURRENCY;EVIDENCE,16;31;42,designed; implementation evidence pending
REQ-67-005,policy,policy,API-POLICY,policy,PolicyLifecycle,T-HISTORY,AUTHZ;TENANT;PURPOSE;AUDIT;IDEMPOTENCY;CONCURRENCY;EVIDENCE,16;31;42,designed; implementation evidence pending
REQ-67-006,policy,policy,API-POLICY,policy,PolicyLifecycle,T-HISTORY,AUTHZ;TENANT;PURPOSE;AUDIT;IDEMPOTENCY;CONCURRENCY;EVIDENCE,16;31;42,designed; implementation evidence pending
REQ-67-007,policy,policy,API-POLICY,policy,PolicyLifecycle,T-HISTORY,AUTHZ;TENANT;PURPOSE;AUDIT;IDEMPOTENCY;CONCURRENCY;EVIDENCE,16;31;42,designed; implementation evidence pending
REQ-67-008,policy,policy,API-POLICY,policy,PolicyLifecycle,T-HISTORY,AUTHZ;TENANT;PURPOSE;AUDIT;IDEMPOTENCY;CONCURRENCY;EVIDENCE,16;31;42,designed; implementation evidence pending
REQ-67-009,policy,policy,API-POLICY,policy,PolicyLifecycle,T-HISTORY,AUTHZ;TENANT;PURPOSE;AUDIT;IDEMPOTENCY;CONCURRENCY;EVIDENCE,16;31;42,designed; implementation evidence pending
REQ-68-001,architecture,architecture governance,CTRL-ARCH,design contracts; no runtime table,DesignReview,T-DESIGN,AUTHZ;TENANT;PURPOSE;AUDIT;SUPPLY-CHAIN;BOUNDARY-TESTS,1;8;40;41;46;54;55;58,designed; implementation evidence pending
REQ-68-002,architecture,architecture governance,CTRL-ARCH,design contracts; no runtime table,DesignReview,T-DESIGN,AUTHZ;TENANT;PURPOSE;AUDIT;SUPPLY-CHAIN;BOUNDARY-TESTS,1;8;40;41;46;54;55;58,designed; implementation evidence pending
REQ-68-003,architecture,architecture governance,CTRL-ARCH,design contracts; no runtime table,DesignReview,T-DESIGN,AUTHZ;TENANT;PURPOSE;AUDIT;SUPPLY-CHAIN;BOUNDARY-TESTS,1;8;40;41;46;54;55;58,designed; implementation evidence pending
REQ-68-004,architecture,architecture governance,CTRL-ARCH,design contracts; no runtime table,DesignReview,T-DESIGN,AUTHZ;TENANT;PURPOSE;AUDIT;SUPPLY-CHAIN;BOUNDARY-TESTS,1;8;40;41;46;54;55;58,designed; implementation evidence pending
REQ-68-005,architecture,architecture governance,CTRL-ARCH,design contracts; no runtime table,DesignReview,T-DESIGN,AUTHZ;TENANT;PURPOSE;AUDIT;SUPPLY-CHAIN;BOUNDARY-TESTS,1;8;40;41;46;54;55;58,designed; implementation evidence pending
REQ-68-006,architecture,architecture governance,CTRL-ARCH,design contracts; no runtime table,DesignReview,T-DESIGN,AUTHZ;TENANT;PURPOSE;AUDIT;SUPPLY-CHAIN;BOUNDARY-TESTS,1;8;40;41;46;54;55;58,designed; implementation evidence pending
REQ-68-007,architecture,architecture governance,CTRL-ARCH,design contracts; no runtime table,DesignReview,T-DESIGN,AUTHZ;TENANT;PURPOSE;AUDIT;SUPPLY-CHAIN;BOUNDARY-TESTS,1;8;40;41;46;54;55;58,designed; implementation evidence pending
REQ-68-008,architecture,architecture governance,CTRL-ARCH,design contracts; no runtime table,DesignReview,T-DESIGN,AUTHZ;TENANT;PURPOSE;AUDIT;SUPPLY-CHAIN;BOUNDARY-TESTS,1;8;40;41;46;54;55;58,designed; implementation evidence pending
REQ-68-009,architecture,architecture governance,CTRL-ARCH,design contracts; no runtime table,DesignReview,T-DESIGN,AUTHZ;TENANT;PURPOSE;AUDIT;SUPPLY-CHAIN;BOUNDARY-TESTS,1;8;40;41;46;54;55;58,designed; implementation evidence pending
REQ-69-001,architecture,architecture governance,CTRL-ARCH,design contracts; no runtime table,DesignReview,T-DESIGN,AUTHZ;TENANT;PURPOSE;AUDIT;SUPPLY-CHAIN;BOUNDARY-TESTS,1;8;40;41;46;54;55;58,designed; implementation evidence pending
REQ-69-002,architecture,architecture governance,CTRL-ARCH,design contracts; no runtime table,DesignReview,T-DESIGN,AUTHZ;TENANT;PURPOSE;AUDIT;SUPPLY-CHAIN;BOUNDARY-TESTS,1;8;40;41;46;54;55;58,designed; implementation evidence pending
REQ-69-003,architecture,architecture governance,CTRL-ARCH,design contracts; no runtime table,DesignReview,T-DESIGN,AUTHZ;TENANT;PURPOSE;AUDIT;SUPPLY-CHAIN;BOUNDARY-TESTS,1;8;40;41;46;54;55;58,designed; implementation evidence pending
REQ-69-004,architecture,architecture governance,CTRL-ARCH,design contracts; no runtime table,DesignReview,T-DESIGN,AUTHZ;TENANT;PURPOSE;AUDIT;SUPPLY-CHAIN;BOUNDARY-TESTS,1;8;40;41;46;54;55;58,designed; implementation evidence pending
REQ-69-005,architecture,architecture governance,CTRL-ARCH,design contracts; no runtime table,DesignReview,T-DESIGN,AUTHZ;TENANT;PURPOSE;AUDIT;SUPPLY-CHAIN;BOUNDARY-TESTS,1;8;40;41;46;54;55;58,designed; implementation evidence pending
REQ-69-006,architecture,architecture governance,CTRL-ARCH,design contracts; no runtime table,DesignReview,T-DESIGN,AUTHZ;TENANT;PURPOSE;AUDIT;SUPPLY-CHAIN;BOUNDARY-TESTS,1;8;40;41;46;54;55;58,designed; implementation evidence pending
REQ-69-007,architecture,architecture governance,CTRL-ARCH,design contracts; no runtime table,DesignReview,T-DESIGN,AUTHZ;TENANT;PURPOSE;AUDIT;SUPPLY-CHAIN;BOUNDARY-TESTS,1;8;40;41;46;54;55;58,designed; implementation evidence pending
REQ-69-008,architecture,architecture governance,CTRL-ARCH,design contracts; no runtime table,DesignReview,T-DESIGN,AUTHZ;TENANT;PURPOSE;AUDIT;SUPPLY-CHAIN;BOUNDARY-TESTS,1;8;40;41;46;54;55;58,designed; implementation evidence pending
REQ-70-001,architecture,architecture governance,CTRL-ARCH,design contracts; no runtime table,DesignReview,T-DESIGN,AUTHZ;TENANT;PURPOSE;AUDIT;SUPPLY-CHAIN;BOUNDARY-TESTS,1;8;40;41;46;54;55;58,designed; implementation evidence pending
REQ-70-002,architecture,architecture governance,CTRL-ARCH,design contracts; no runtime table,DesignReview,T-DESIGN,AUTHZ;TENANT;PURPOSE;AUDIT;SUPPLY-CHAIN;BOUNDARY-TESTS,1;8;40;41;46;54;55;58,designed; implementation evidence pending
REQ-70-003,architecture,architecture governance,CTRL-ARCH,design contracts; no runtime table,DesignReview,T-DESIGN,AUTHZ;TENANT;PURPOSE;AUDIT;SUPPLY-CHAIN;BOUNDARY-TESTS,1;8;40;41;46;54;55;58,designed; implementation evidence pending
REQ-70-004,architecture,architecture governance,CTRL-ARCH,design contracts; no runtime table,DesignReview,T-DESIGN,AUTHZ;TENANT;PURPOSE;AUDIT;SUPPLY-CHAIN;BOUNDARY-TESTS,1;8;40;41;46;54;55;58,designed; implementation evidence pending
REQ-70-005,architecture,architecture governance,CTRL-ARCH,design contracts; no runtime table,DesignReview,T-DESIGN,AUTHZ;TENANT;PURPOSE;AUDIT;SUPPLY-CHAIN;BOUNDARY-TESTS,1;8;40;41;46;54;55;58,designed; implementation evidence pending
REQ-70-006,architecture,architecture governance,CTRL-ARCH,design contracts; no runtime table,DesignReview,T-DESIGN,AUTHZ;TENANT;PURPOSE;AUDIT;SUPPLY-CHAIN;BOUNDARY-TESTS,1;8;40;41;46;54;55;58,designed; implementation evidence pending
REQ-70-007,architecture,architecture governance,CTRL-ARCH,design contracts; no runtime table,DesignReview,T-DESIGN,AUTHZ;TENANT;PURPOSE;AUDIT;SUPPLY-CHAIN;BOUNDARY-TESTS,1;8;40;41;46;54;55;58,designed; implementation evidence pending
REQ-70-008,architecture,architecture governance,CTRL-ARCH,design contracts; no runtime table,DesignReview,T-DESIGN,AUTHZ;TENANT;PURPOSE;AUDIT;SUPPLY-CHAIN;BOUNDARY-TESTS,1;8;40;41;46;54;55;58,designed; implementation evidence pending
REQ-70-009,architecture,architecture governance,CTRL-ARCH,design contracts; no runtime table,DesignReview,T-DESIGN,AUTHZ;TENANT;PURPOSE;AUDIT;SUPPLY-CHAIN;BOUNDARY-TESTS,1;8;40;41;46;54;55;58,designed; implementation evidence pending
REQ-70-010,architecture,architecture governance,CTRL-ARCH,design contracts; no runtime table,DesignReview,T-DESIGN,AUTHZ;TENANT;PURPOSE;AUDIT;SUPPLY-CHAIN;BOUNDARY-TESTS,1;8;40;41;46;54;55;58,designed; implementation evidence pending
REQ-70-011,architecture,architecture governance,CTRL-ARCH,design contracts; no runtime table,DesignReview,T-DESIGN,AUTHZ;TENANT;PURPOSE;AUDIT;SUPPLY-CHAIN;BOUNDARY-TESTS,1;8;40;41;46;54;55;58,designed; implementation evidence pending
REQ-70-012,architecture,architecture governance,CTRL-ARCH,design contracts; no runtime table,DesignReview,T-DESIGN,AUTHZ;TENANT;PURPOSE;AUDIT;SUPPLY-CHAIN;BOUNDARY-TESTS,1;8;40;41;46;54;55;58,designed; implementation evidence pending
REQ-70-013,architecture,architecture governance,CTRL-ARCH,design contracts; no runtime table,DesignReview,T-DESIGN,AUTHZ;TENANT;PURPOSE;AUDIT;SUPPLY-CHAIN;BOUNDARY-TESTS,1;8;40;41;46;54;55;58,designed; implementation evidence pending
REQ-70-014,architecture,architecture governance,CTRL-ARCH,design contracts; no runtime table,DesignReview,T-DESIGN,AUTHZ;TENANT;PURPOSE;AUDIT;SUPPLY-CHAIN;BOUNDARY-TESTS,1;8;40;41;46;54;55;58,designed; implementation evidence pending
REQ-70-015,architecture,architecture governance,CTRL-ARCH,design contracts; no runtime table,DesignReview,T-DESIGN,AUTHZ;TENANT;PURPOSE;AUDIT;SUPPLY-CHAIN;BOUNDARY-TESTS,1;8;40;41;46;54;55;58,designed; implementation evidence pending
REQ-70-016,architecture,architecture governance,CTRL-ARCH,design contracts; no runtime table,DesignReview,T-DESIGN,AUTHZ;TENANT;PURPOSE;AUDIT;SUPPLY-CHAIN;BOUNDARY-TESTS,1;8;40;41;46;54;55;58,designed; implementation evidence pending
REQ-70-017,architecture,architecture governance,CTRL-ARCH,design contracts; no runtime table,DesignReview,T-DESIGN,AUTHZ;TENANT;PURPOSE;AUDIT;SUPPLY-CHAIN;BOUNDARY-TESTS,1;8;40;41;46;54;55;58,designed; implementation evidence pending
REQ-70-018,architecture,architecture governance,CTRL-ARCH,design contracts; no runtime table,DesignReview,T-DESIGN,AUTHZ;TENANT;PURPOSE;AUDIT;SUPPLY-CHAIN;BOUNDARY-TESTS,1;8;40;41;46;54;55;58,designed; implementation evidence pending
REQ-70-019,architecture,architecture governance,CTRL-ARCH,design contracts; no runtime table,DesignReview,T-DESIGN,AUTHZ;TENANT;PURPOSE;AUDIT;SUPPLY-CHAIN;BOUNDARY-TESTS,1;8;40;41;46;54;55;58,designed; implementation evidence pending
REQ-70-020,architecture,architecture governance,CTRL-ARCH,design contracts; no runtime table,DesignReview,T-DESIGN,AUTHZ;TENANT;PURPOSE;AUDIT;SUPPLY-CHAIN;BOUNDARY-TESTS,1;8;40;41;46;54;55;58,designed; implementation evidence pending
REQ-70-021,architecture,architecture governance,CTRL-ARCH,design contracts; no runtime table,DesignReview,T-DESIGN,AUTHZ;TENANT;PURPOSE;AUDIT;SUPPLY-CHAIN;BOUNDARY-TESTS,1;8;40;41;46;54;55;58,designed; implementation evidence pending
REQ-70-022,architecture,architecture governance,CTRL-ARCH,design contracts; no runtime table,DesignReview,T-DESIGN,AUTHZ;TENANT;PURPOSE;AUDIT;SUPPLY-CHAIN;BOUNDARY-TESTS,1;8;40;41;46;54;55;58,designed; implementation evidence pending
REQ-70-023,architecture,architecture governance,CTRL-ARCH,design contracts; no runtime table,DesignReview,T-DESIGN,AUTHZ;TENANT;PURPOSE;AUDIT;SUPPLY-CHAIN;BOUNDARY-TESTS,1;8;40;41;46;54;55;58,designed; implementation evidence pending
REQ-70-024,architecture,architecture governance,CTRL-ARCH,design contracts; no runtime table,DesignReview,T-DESIGN,AUTHZ;TENANT;PURPOSE;AUDIT;SUPPLY-CHAIN;BOUNDARY-TESTS,1;8;40;41;46;54;55;58,designed; implementation evidence pending
REQ-70-025,architecture,architecture governance,CTRL-ARCH,design contracts; no runtime table,DesignReview,T-DESIGN,AUTHZ;TENANT;PURPOSE;AUDIT;SUPPLY-CHAIN;BOUNDARY-TESTS,1;8;40;41;46;54;55;58,designed; implementation evidence pending
REQ-70-026,architecture,architecture governance,CTRL-ARCH,design contracts; no runtime table,DesignReview,T-DESIGN,AUTHZ;TENANT;PURPOSE;AUDIT;SUPPLY-CHAIN;BOUNDARY-TESTS,1;8;40;41;46;54;55;58,designed; implementation evidence pending
REQ-71-001,integrations,integrations,API-INTEGRATION,integrations,ProviderInvocation,T-CONTRACT,AUTHZ;TENANT;PURPOSE;AUDIT;IDEMPOTENCY;CONCURRENCY;EVIDENCE,23;29;52,designed; implementation evidence pending
REQ-71-002,integrations,integrations,API-INTEGRATION,integrations,ProviderInvocation,T-CONTRACT,AUTHZ;TENANT;PURPOSE;AUDIT;IDEMPOTENCY;CONCURRENCY;EVIDENCE,23;29;52,designed; implementation evidence pending
REQ-71-003,integrations,integrations,API-INTEGRATION,integrations,ProviderInvocation,T-CONTRACT,AUTHZ;TENANT;PURPOSE;AUDIT;IDEMPOTENCY;CONCURRENCY;EVIDENCE,23;29;52,designed; implementation evidence pending
REQ-71-004,integrations,integrations,API-INTEGRATION,integrations,ProviderInvocation,T-CONTRACT,AUTHZ;TENANT;PURPOSE;AUDIT;IDEMPOTENCY;CONCURRENCY;EVIDENCE,23;29;52,designed; implementation evidence pending
REQ-72-001,platform,container platform and workers,CTRL-PLATFORM,infra state; owner DBs remain authoritative,DeploymentRecovery,T-COMPOSE,AUTHZ;TENANT;PURPOSE;AUDIT;SUPPLY-CHAIN;BOUNDARY-TESTS,35;36;37;39;48,designed; implementation evidence pending
REQ-72-002,platform,container platform and workers,CTRL-PLATFORM,infra state; owner DBs remain authoritative,DeploymentRecovery,T-COMPOSE,AUTHZ;TENANT;PURPOSE;AUDIT;SUPPLY-CHAIN;BOUNDARY-TESTS,35;36;37;39;48,designed; implementation evidence pending
REQ-72-003,platform,container platform and workers,CTRL-PLATFORM,infra state; owner DBs remain authoritative,DeploymentRecovery,T-COMPOSE,AUTHZ;TENANT;PURPOSE;AUDIT;SUPPLY-CHAIN;BOUNDARY-TESTS,35;36;37;39;48,designed; implementation evidence pending
REQ-72-004,platform,container platform and workers,CTRL-PLATFORM,infra state; owner DBs remain authoritative,DeploymentRecovery,T-COMPOSE,AUTHZ;TENANT;PURPOSE;AUDIT;SUPPLY-CHAIN;BOUNDARY-TESTS,35;36;37;39;48,designed; implementation evidence pending
REQ-72-005,platform,container platform and workers,CTRL-PLATFORM,infra state; owner DBs remain authoritative,DeploymentRecovery,T-COMPOSE,AUTHZ;TENANT;PURPOSE;AUDIT;SUPPLY-CHAIN;BOUNDARY-TESTS,35;36;37;39;48,designed; implementation evidence pending
REQ-72-006,platform,container platform and workers,CTRL-PLATFORM,infra state; owner DBs remain authoritative,DeploymentRecovery,T-COMPOSE,AUTHZ;TENANT;PURPOSE;AUDIT;SUPPLY-CHAIN;BOUNDARY-TESTS,35;36;37;39;48,designed; implementation evidence pending
REQ-72-007,platform,container platform and workers,CTRL-PLATFORM,infra state; owner DBs remain authoritative,DeploymentRecovery,T-COMPOSE,AUTHZ;TENANT;PURPOSE;AUDIT;SUPPLY-CHAIN;BOUNDARY-TESTS,35;36;37;39;48,designed; implementation evidence pending
REQ-72-008,platform,container platform and workers,CTRL-PLATFORM,infra state; owner DBs remain authoritative,DeploymentRecovery,T-COMPOSE,AUTHZ;TENANT;PURPOSE;AUDIT;SUPPLY-CHAIN;BOUNDARY-TESTS,35;36;37;39;48,designed; implementation evidence pending
REQ-72-009,platform,container platform and workers,CTRL-PLATFORM,infra state; owner DBs remain authoritative,DeploymentRecovery,T-COMPOSE,AUTHZ;TENANT;PURPOSE;AUDIT;SUPPLY-CHAIN;BOUNDARY-TESTS,35;36;37;39;48,designed; implementation evidence pending
REQ-72-010,platform,container platform and workers,CTRL-PLATFORM,infra state; owner DBs remain authoritative,DeploymentRecovery,T-COMPOSE,AUTHZ;TENANT;PURPOSE;AUDIT;SUPPLY-CHAIN;BOUNDARY-TESTS,35;36;37;39;48,designed; implementation evidence pending
REQ-72-011,platform,container platform and workers,CTRL-PLATFORM,infra state; owner DBs remain authoritative,DeploymentRecovery,T-COMPOSE,AUTHZ;TENANT;PURPOSE;AUDIT;SUPPLY-CHAIN;BOUNDARY-TESTS,35;36;37;39;48,designed; implementation evidence pending
REQ-72-012,platform,container platform and workers,CTRL-PLATFORM,infra state; owner DBs remain authoritative,DeploymentRecovery,T-COMPOSE,AUTHZ;TENANT;PURPOSE;AUDIT;SUPPLY-CHAIN;BOUNDARY-TESTS,35;36;37;39;48,designed; implementation evidence pending
REQ-73-001,platform,container platform and workers,CTRL-PLATFORM,infra state; owner DBs remain authoritative,DeploymentRecovery,T-COMPOSE,AUTHZ;TENANT;PURPOSE;AUDIT;SUPPLY-CHAIN;BOUNDARY-TESTS,35;36;37;39;48,designed; implementation evidence pending
REQ-73-002,platform,container platform and workers,CTRL-PLATFORM,infra state; owner DBs remain authoritative,DeploymentRecovery,T-COMPOSE,AUTHZ;TENANT;PURPOSE;AUDIT;SUPPLY-CHAIN;BOUNDARY-TESTS,35;36;37;39;48,designed; implementation evidence pending
REQ-73-003,platform,container platform and workers,CTRL-PLATFORM,infra state; owner DBs remain authoritative,DeploymentRecovery,T-COMPOSE,AUTHZ;TENANT;PURPOSE;AUDIT;SUPPLY-CHAIN;BOUNDARY-TESTS,35;36;37;39;48,designed; implementation evidence pending
REQ-73-004,platform,container platform and workers,CTRL-PLATFORM,infra state; owner DBs remain authoritative,DeploymentRecovery,T-COMPOSE,AUTHZ;TENANT;PURPOSE;AUDIT;SUPPLY-CHAIN;BOUNDARY-TESTS,35;36;37;39;48,designed; implementation evidence pending
REQ-73-005,platform,container platform and workers,CTRL-PLATFORM,infra state; owner DBs remain authoritative,DeploymentRecovery,T-COMPOSE,AUTHZ;TENANT;PURPOSE;AUDIT;SUPPLY-CHAIN;BOUNDARY-TESTS,35;36;37;39;48,designed; implementation evidence pending
REQ-73-006,platform,container platform and workers,CTRL-PLATFORM,infra state; owner DBs remain authoritative,DeploymentRecovery,T-COMPOSE,AUTHZ;TENANT;PURPOSE;AUDIT;SUPPLY-CHAIN;BOUNDARY-TESTS,35;36;37;39;48,designed; implementation evidence pending
REQ-73-007,platform,container platform and workers,CTRL-PLATFORM,infra state; owner DBs remain authoritative,DeploymentRecovery,T-COMPOSE,AUTHZ;TENANT;PURPOSE;AUDIT;SUPPLY-CHAIN;BOUNDARY-TESTS,35;36;37;39;48,designed; implementation evidence pending
REQ-73-008,platform,container platform and workers,CTRL-PLATFORM,infra state; owner DBs remain authoritative,DeploymentRecovery,T-COMPOSE,AUTHZ;TENANT;PURPOSE;AUDIT;SUPPLY-CHAIN;BOUNDARY-TESTS,35;36;37;39;48,designed; implementation evidence pending
REQ-73-009,platform,container platform and workers,CTRL-PLATFORM,infra state; owner DBs remain authoritative,DeploymentRecovery,T-COMPOSE,AUTHZ;TENANT;PURPOSE;AUDIT;SUPPLY-CHAIN;BOUNDARY-TESTS,35;36;37;39;48,designed; implementation evidence pending
REQ-73-010,platform,container platform and workers,CTRL-PLATFORM,infra state; owner DBs remain authoritative,DeploymentRecovery,T-COMPOSE,AUTHZ;TENANT;PURPOSE;AUDIT;SUPPLY-CHAIN;BOUNDARY-TESTS,35;36;37;39;48,designed; implementation evidence pending
REQ-73-011,platform,container platform and workers,CTRL-PLATFORM,infra state; owner DBs remain authoritative,DeploymentRecovery,T-COMPOSE,AUTHZ;TENANT;PURPOSE;AUDIT;SUPPLY-CHAIN;BOUNDARY-TESTS,35;36;37;39;48,designed; implementation evidence pending
REQ-73-012,platform,container platform and workers,CTRL-PLATFORM,infra state; owner DBs remain authoritative,DeploymentRecovery,T-COMPOSE,AUTHZ;TENANT;PURPOSE;AUDIT;SUPPLY-CHAIN;BOUNDARY-TESTS,35;36;37;39;48,designed; implementation evidence pending
REQ-73-013,platform,container platform and workers,CTRL-PLATFORM,infra state; owner DBs remain authoritative,DeploymentRecovery,T-COMPOSE,AUTHZ;TENANT;PURPOSE;AUDIT;SUPPLY-CHAIN;BOUNDARY-TESTS,35;36;37;39;48,designed; implementation evidence pending
REQ-73-014,platform,container platform and workers,CTRL-PLATFORM,infra state; owner DBs remain authoritative,DeploymentRecovery,T-COMPOSE,AUTHZ;TENANT;PURPOSE;AUDIT;SUPPLY-CHAIN;BOUNDARY-TESTS,35;36;37;39;48,designed; implementation evidence pending
REQ-73-015,platform,container platform and workers,CTRL-PLATFORM,infra state; owner DBs remain authoritative,DeploymentRecovery,T-COMPOSE,AUTHZ;TENANT;PURPOSE;AUDIT;SUPPLY-CHAIN;BOUNDARY-TESTS,35;36;37;39;48,designed; implementation evidence pending
REQ-73-016,platform,container platform and workers,CTRL-PLATFORM,infra state; owner DBs remain authoritative,DeploymentRecovery,T-COMPOSE,AUTHZ;TENANT;PURPOSE;AUDIT;SUPPLY-CHAIN;BOUNDARY-TESTS,35;36;37;39;48,designed; implementation evidence pending
REQ-73-017,platform,container platform and workers,CTRL-PLATFORM,infra state; owner DBs remain authoritative,DeploymentRecovery,T-COMPOSE,AUTHZ;TENANT;PURPOSE;AUDIT;SUPPLY-CHAIN;BOUNDARY-TESTS,35;36;37;39;48,designed; implementation evidence pending
REQ-73-018,platform,container platform and workers,CTRL-PLATFORM,infra state; owner DBs remain authoritative,DeploymentRecovery,T-COMPOSE,AUTHZ;TENANT;PURPOSE;AUDIT;SUPPLY-CHAIN;BOUNDARY-TESTS,35;36;37;39;48,designed; implementation evidence pending
REQ-74-001,architecture,architecture governance,CTRL-ARCH,design contracts; no runtime table,DesignReview,T-DESIGN,AUTHZ;TENANT;PURPOSE;AUDIT;SUPPLY-CHAIN;BOUNDARY-TESTS,1;8;40;41;46;54;55;58,designed; implementation evidence pending
REQ-74-002,architecture,architecture governance,CTRL-ARCH,design contracts; no runtime table,DesignReview,T-DESIGN,AUTHZ;TENANT;PURPOSE;AUDIT;SUPPLY-CHAIN;BOUNDARY-TESTS,1;8;40;41;46;54;55;58,designed; implementation evidence pending
REQ-74-003,architecture,architecture governance,CTRL-ARCH,design contracts; no runtime table,DesignReview,T-DESIGN,AUTHZ;TENANT;PURPOSE;AUDIT;SUPPLY-CHAIN;BOUNDARY-TESTS,1;8;40;41;46;54;55;58,designed; implementation evidence pending
REQ-74-004,architecture,architecture governance,CTRL-ARCH,design contracts; no runtime table,DesignReview,T-DESIGN,AUTHZ;TENANT;PURPOSE;AUDIT;SUPPLY-CHAIN;BOUNDARY-TESTS,1;8;40;41;46;54;55;58,designed; implementation evidence pending
REQ-74-005,architecture,architecture governance,CTRL-ARCH,design contracts; no runtime table,DesignReview,T-DESIGN,AUTHZ;TENANT;PURPOSE;AUDIT;SUPPLY-CHAIN;BOUNDARY-TESTS,1;8;40;41;46;54;55;58,designed; implementation evidence pending
REQ-74-006,architecture,architecture governance,CTRL-ARCH,design contracts; no runtime table,DesignReview,T-DESIGN,AUTHZ;TENANT;PURPOSE;AUDIT;SUPPLY-CHAIN;BOUNDARY-TESTS,1;8;40;41;46;54;55;58,designed; implementation evidence pending
REQ-74-007,architecture,architecture governance,CTRL-ARCH,design contracts; no runtime table,DesignReview,T-DESIGN,AUTHZ;TENANT;PURPOSE;AUDIT;SUPPLY-CHAIN;BOUNDARY-TESTS,1;8;40;41;46;54;55;58,designed; implementation evidence pending
REQ-74-008,architecture,architecture governance,CTRL-ARCH,design contracts; no runtime table,DesignReview,T-DESIGN,AUTHZ;TENANT;PURPOSE;AUDIT;SUPPLY-CHAIN;BOUNDARY-TESTS,1;8;40;41;46;54;55;58,designed; implementation evidence pending
REQ-74-009,architecture,architecture governance,CTRL-ARCH,design contracts; no runtime table,DesignReview,T-DESIGN,AUTHZ;TENANT;PURPOSE;AUDIT;SUPPLY-CHAIN;BOUNDARY-TESTS,1;8;40;41;46;54;55;58,designed; implementation evidence pending
REQ-74-010,architecture,architecture governance,CTRL-ARCH,design contracts; no runtime table,DesignReview,T-DESIGN,AUTHZ;TENANT;PURPOSE;AUDIT;SUPPLY-CHAIN;BOUNDARY-TESTS,1;8;40;41;46;54;55;58,designed; implementation evidence pending
REQ-74-011,architecture,architecture governance,CTRL-ARCH,design contracts; no runtime table,DesignReview,T-DESIGN,AUTHZ;TENANT;PURPOSE;AUDIT;SUPPLY-CHAIN;BOUNDARY-TESTS,1;8;40;41;46;54;55;58,designed; implementation evidence pending
REQ-74-012,architecture,architecture governance,CTRL-ARCH,design contracts; no runtime table,DesignReview,T-DESIGN,AUTHZ;TENANT;PURPOSE;AUDIT;SUPPLY-CHAIN;BOUNDARY-TESTS,1;8;40;41;46;54;55;58,designed; implementation evidence pending
REQ-74-013,architecture,architecture governance,CTRL-ARCH,design contracts; no runtime table,DesignReview,T-DESIGN,AUTHZ;TENANT;PURPOSE;AUDIT;SUPPLY-CHAIN;BOUNDARY-TESTS,1;8;40;41;46;54;55;58,designed; implementation evidence pending
REQ-74-014,architecture,architecture governance,CTRL-ARCH,design contracts; no runtime table,DesignReview,T-DESIGN,AUTHZ;TENANT;PURPOSE;AUDIT;SUPPLY-CHAIN;BOUNDARY-TESTS,1;8;40;41;46;54;55;58,designed; implementation evidence pending
REQ-74-015,architecture,architecture governance,CTRL-ARCH,design contracts; no runtime table,DesignReview,T-DESIGN,AUTHZ;TENANT;PURPOSE;AUDIT;SUPPLY-CHAIN;BOUNDARY-TESTS,1;8;40;41;46;54;55;58,designed; implementation evidence pending
REQ-74-016,architecture,architecture governance,CTRL-ARCH,design contracts; no runtime table,DesignReview,T-DESIGN,AUTHZ;TENANT;PURPOSE;AUDIT;SUPPLY-CHAIN;BOUNDARY-TESTS,1;8;40;41;46;54;55;58,designed; implementation evidence pending
REQ-74-017,architecture,architecture governance,CTRL-ARCH,design contracts; no runtime table,DesignReview,T-DESIGN,AUTHZ;TENANT;PURPOSE;AUDIT;SUPPLY-CHAIN;BOUNDARY-TESTS,1;8;40;41;46;54;55;58,designed; implementation evidence pending
REQ-74-018,architecture,architecture governance,CTRL-ARCH,design contracts; no runtime table,DesignReview,T-DESIGN,AUTHZ;TENANT;PURPOSE;AUDIT;SUPPLY-CHAIN;BOUNDARY-TESTS,1;8;40;41;46;54;55;58,designed; implementation evidence pending
REQ-74-019,architecture,architecture governance,CTRL-ARCH,design contracts; no runtime table,DesignReview,T-DESIGN,AUTHZ;TENANT;PURPOSE;AUDIT;SUPPLY-CHAIN;BOUNDARY-TESTS,1;8;40;41;46;54;55;58,designed; implementation evidence pending
REQ-74-020,architecture,architecture governance,CTRL-ARCH,design contracts; no runtime table,DesignReview,T-DESIGN,AUTHZ;TENANT;PURPOSE;AUDIT;SUPPLY-CHAIN;BOUNDARY-TESTS,1;8;40;41;46;54;55;58,designed; implementation evidence pending
REQ-74-021,architecture,architecture governance,CTRL-ARCH,design contracts; no runtime table,DesignReview,T-DESIGN,AUTHZ;TENANT;PURPOSE;AUDIT;SUPPLY-CHAIN;BOUNDARY-TESTS,1;8;40;41;46;54;55;58,designed; implementation evidence pending
REQ-74-022,architecture,architecture governance,CTRL-ARCH,design contracts; no runtime table,DesignReview,T-DESIGN,AUTHZ;TENANT;PURPOSE;AUDIT;SUPPLY-CHAIN;BOUNDARY-TESTS,1;8;40;41;46;54;55;58,designed; implementation evidence pending
REQ-74-023,architecture,architecture governance,CTRL-ARCH,design contracts; no runtime table,DesignReview,T-DESIGN,AUTHZ;TENANT;PURPOSE;AUDIT;SUPPLY-CHAIN;BOUNDARY-TESTS,1;8;40;41;46;54;55;58,designed; implementation evidence pending
REQ-74-024,architecture,architecture governance,CTRL-ARCH,design contracts; no runtime table,DesignReview,T-DESIGN,AUTHZ;TENANT;PURPOSE;AUDIT;SUPPLY-CHAIN;BOUNDARY-TESTS,1;8;40;41;46;54;55;58,designed; implementation evidence pending
REQ-74-025,architecture,architecture governance,CTRL-ARCH,design contracts; no runtime table,DesignReview,T-DESIGN,AUTHZ;TENANT;PURPOSE;AUDIT;SUPPLY-CHAIN;BOUNDARY-TESTS,1;8;40;41;46;54;55;58,designed; implementation evidence pending
REQ-74-026,architecture,architecture governance,CTRL-ARCH,design contracts; no runtime table,DesignReview,T-DESIGN,AUTHZ;TENANT;PURPOSE;AUDIT;SUPPLY-CHAIN;BOUNDARY-TESTS,1;8;40;41;46;54;55;58,designed; implementation evidence pending
REQ-74-027,architecture,architecture governance,CTRL-ARCH,design contracts; no runtime table,DesignReview,T-DESIGN,AUTHZ;TENANT;PURPOSE;AUDIT;SUPPLY-CHAIN;BOUNDARY-TESTS,1;8;40;41;46;54;55;58,designed; implementation evidence pending
REQ-74-028,architecture,architecture governance,CTRL-ARCH,design contracts; no runtime table,DesignReview,T-DESIGN,AUTHZ;TENANT;PURPOSE;AUDIT;SUPPLY-CHAIN;BOUNDARY-TESTS,1;8;40;41;46;54;55;58,designed; implementation evidence pending
REQ-74-029,architecture,architecture governance,CTRL-ARCH,design contracts; no runtime table,DesignReview,T-DESIGN,AUTHZ;TENANT;PURPOSE;AUDIT;SUPPLY-CHAIN;BOUNDARY-TESTS,1;8;40;41;46;54;55;58,designed; implementation evidence pending
REQ-74-030,architecture,architecture governance,CTRL-ARCH,design contracts; no runtime table,DesignReview,T-DESIGN,AUTHZ;TENANT;PURPOSE;AUDIT;SUPPLY-CHAIN;BOUNDARY-TESTS,1;8;40;41;46;54;55;58,designed; implementation evidence pending
REQ-74-031,architecture,architecture governance,CTRL-ARCH,design contracts; no runtime table,DesignReview,T-DESIGN,AUTHZ;TENANT;PURPOSE;AUDIT;SUPPLY-CHAIN;BOUNDARY-TESTS,1;8;40;41;46;54;55;58,designed; implementation evidence pending
REQ-74-032,architecture,architecture governance,CTRL-ARCH,design contracts; no runtime table,DesignReview,T-DESIGN,AUTHZ;TENANT;PURPOSE;AUDIT;SUPPLY-CHAIN;BOUNDARY-TESTS,1;8;40;41;46;54;55;58,designed; implementation evidence pending
REQ-74-033,architecture,architecture governance,CTRL-ARCH,design contracts; no runtime table,DesignReview,T-DESIGN,AUTHZ;TENANT;PURPOSE;AUDIT;SUPPLY-CHAIN;BOUNDARY-TESTS,1;8;40;41;46;54;55;58,designed; implementation evidence pending
REQ-74-034,architecture,architecture governance,CTRL-ARCH,design contracts; no runtime table,DesignReview,T-DESIGN,AUTHZ;TENANT;PURPOSE;AUDIT;SUPPLY-CHAIN;BOUNDARY-TESTS,1;8;40;41;46;54;55;58,designed; implementation evidence pending
REQ-74-035,architecture,architecture governance,CTRL-ARCH,design contracts; no runtime table,DesignReview,T-DESIGN,AUTHZ;TENANT;PURPOSE;AUDIT;SUPPLY-CHAIN;BOUNDARY-TESTS,1;8;40;41;46;54;55;58,designed; implementation evidence pending
REQ-74-036,architecture,architecture governance,CTRL-ARCH,design contracts; no runtime table,DesignReview,T-DESIGN,AUTHZ;TENANT;PURPOSE;AUDIT;SUPPLY-CHAIN;BOUNDARY-TESTS,1;8;40;41;46;54;55;58,designed; implementation evidence pending
REQ-74-037,architecture,architecture governance,CTRL-ARCH,design contracts; no runtime table,DesignReview,T-DESIGN,AUTHZ;TENANT;PURPOSE;AUDIT;SUPPLY-CHAIN;BOUNDARY-TESTS,1;8;40;41;46;54;55;58,designed; implementation evidence pending
REQ-74-038,architecture,architecture governance,CTRL-ARCH,design contracts; no runtime table,DesignReview,T-DESIGN,AUTHZ;TENANT;PURPOSE;AUDIT;SUPPLY-CHAIN;BOUNDARY-TESTS,1;8;40;41;46;54;55;58,designed; implementation evidence pending
REQ-74-039,architecture,architecture governance,CTRL-ARCH,design contracts; no runtime table,DesignReview,T-DESIGN,AUTHZ;TENANT;PURPOSE;AUDIT;SUPPLY-CHAIN;BOUNDARY-TESTS,1;8;40;41;46;54;55;58,designed; implementation evidence pending
REQ-74-040,architecture,architecture governance,CTRL-ARCH,design contracts; no runtime table,DesignReview,T-DESIGN,AUTHZ;TENANT;PURPOSE;AUDIT;SUPPLY-CHAIN;BOUNDARY-TESTS,1;8;40;41;46;54;55;58,designed; implementation evidence pending
REQ-74-041,architecture,architecture governance,CTRL-ARCH,design contracts; no runtime table,DesignReview,T-DESIGN,AUTHZ;TENANT;PURPOSE;AUDIT;SUPPLY-CHAIN;BOUNDARY-TESTS,1;8;40;41;46;54;55;58,designed; implementation evidence pending
REQ-74-042,architecture,architecture governance,CTRL-ARCH,design contracts; no runtime table,DesignReview,T-DESIGN,AUTHZ;TENANT;PURPOSE;AUDIT;SUPPLY-CHAIN;BOUNDARY-TESTS,1;8;40;41;46;54;55;58,designed; implementation evidence pending
REQ-74-043,architecture,architecture governance,CTRL-ARCH,design contracts; no runtime table,DesignReview,T-DESIGN,AUTHZ;TENANT;PURPOSE;AUDIT;SUPPLY-CHAIN;BOUNDARY-TESTS,1;8;40;41;46;54;55;58,designed; implementation evidence pending
REQ-74-044,architecture,architecture governance,CTRL-ARCH,design contracts; no runtime table,DesignReview,T-DESIGN,AUTHZ;TENANT;PURPOSE;AUDIT;SUPPLY-CHAIN;BOUNDARY-TESTS,1;8;40;41;46;54;55;58,designed; implementation evidence pending
REQ-74-045,architecture,architecture governance,CTRL-ARCH,design contracts; no runtime table,DesignReview,T-DESIGN,AUTHZ;TENANT;PURPOSE;AUDIT;SUPPLY-CHAIN;BOUNDARY-TESTS,1;8;40;41;46;54;55;58,designed; implementation evidence pending
REQ-74-046,architecture,architecture governance,CTRL-ARCH,design contracts; no runtime table,DesignReview,T-DESIGN,AUTHZ;TENANT;PURPOSE;AUDIT;SUPPLY-CHAIN;BOUNDARY-TESTS,1;8;40;41;46;54;55;58,designed; implementation evidence pending
REQ-74-047,architecture,architecture governance,CTRL-ARCH,design contracts; no runtime table,DesignReview,T-DESIGN,AUTHZ;TENANT;PURPOSE;AUDIT;SUPPLY-CHAIN;BOUNDARY-TESTS,1;8;40;41;46;54;55;58,designed; implementation evidence pending
REQ-74-048,architecture,architecture governance,CTRL-ARCH,design contracts; no runtime table,DesignReview,T-DESIGN,AUTHZ;TENANT;PURPOSE;AUDIT;SUPPLY-CHAIN;BOUNDARY-TESTS,1;8;40;41;46;54;55;58,designed; implementation evidence pending
REQ-74-049,architecture,architecture governance,CTRL-ARCH,design contracts; no runtime table,DesignReview,T-DESIGN,AUTHZ;TENANT;PURPOSE;AUDIT;SUPPLY-CHAIN;BOUNDARY-TESTS,1;8;40;41;46;54;55;58,designed; implementation evidence pending
REQ-74-050,architecture,architecture governance,CTRL-ARCH,design contracts; no runtime table,DesignReview,T-DESIGN,AUTHZ;TENANT;PURPOSE;AUDIT;SUPPLY-CHAIN;BOUNDARY-TESTS,1;8;40;41;46;54;55;58,designed; implementation evidence pending
REQ-74-051,architecture,architecture governance,CTRL-ARCH,design contracts; no runtime table,DesignReview,T-DESIGN,AUTHZ;TENANT;PURPOSE;AUDIT;SUPPLY-CHAIN;BOUNDARY-TESTS,1;8;40;41;46;54;55;58,designed; implementation evidence pending
REQ-75-001,architecture,architecture governance,CTRL-ARCH,design contracts; no runtime table,DesignReview,T-DESIGN,AUTHZ;TENANT;PURPOSE;AUDIT;SUPPLY-CHAIN;BOUNDARY-TESTS,1;8;40;41;46;54;55;58,designed; implementation evidence pending
REQ-75-002,architecture,architecture governance,CTRL-ARCH,design contracts; no runtime table,DesignReview,T-DESIGN,AUTHZ;TENANT;PURPOSE;AUDIT;SUPPLY-CHAIN;BOUNDARY-TESTS,1;8;40;41;46;54;55;58,designed; implementation evidence pending
REQ-75-003,architecture,architecture governance,CTRL-ARCH,design contracts; no runtime table,DesignReview,T-DESIGN,AUTHZ;TENANT;PURPOSE;AUDIT;SUPPLY-CHAIN;BOUNDARY-TESTS,1;8;40;41;46;54;55;58,designed; implementation evidence pending
REQ-75-004,architecture,architecture governance,CTRL-ARCH,design contracts; no runtime table,DesignReview,T-DESIGN,AUTHZ;TENANT;PURPOSE;AUDIT;SUPPLY-CHAIN;BOUNDARY-TESTS,1;8;40;41;46;54;55;58,designed; implementation evidence pending
REQ-75-005,architecture,architecture governance,CTRL-ARCH,design contracts; no runtime table,DesignReview,T-DESIGN,AUTHZ;TENANT;PURPOSE;AUDIT;SUPPLY-CHAIN;BOUNDARY-TESTS,1;8;40;41;46;54;55;58,designed; implementation evidence pending
REQ-75-006,architecture,architecture governance,CTRL-ARCH,design contracts; no runtime table,DesignReview,T-DESIGN,AUTHZ;TENANT;PURPOSE;AUDIT;SUPPLY-CHAIN;BOUNDARY-TESTS,1;8;40;41;46;54;55;58,designed; implementation evidence pending
REQ-75-007,architecture,architecture governance,CTRL-ARCH,design contracts; no runtime table,DesignReview,T-DESIGN,AUTHZ;TENANT;PURPOSE;AUDIT;SUPPLY-CHAIN;BOUNDARY-TESTS,1;8;40;41;46;54;55;58,designed; implementation evidence pending
REQ-75-008,architecture,architecture governance,CTRL-ARCH,design contracts; no runtime table,DesignReview,T-DESIGN,AUTHZ;TENANT;PURPOSE;AUDIT;SUPPLY-CHAIN;BOUNDARY-TESTS,1;8;40;41;46;54;55;58,designed; implementation evidence pending
REQ-75-009,architecture,architecture governance,CTRL-ARCH,design contracts; no runtime table,DesignReview,T-DESIGN,AUTHZ;TENANT;PURPOSE;AUDIT;SUPPLY-CHAIN;BOUNDARY-TESTS,1;8;40;41;46;54;55;58,designed; implementation evidence pending
REQ-75-010,architecture,architecture governance,CTRL-ARCH,design contracts; no runtime table,DesignReview,T-DESIGN,AUTHZ;TENANT;PURPOSE;AUDIT;SUPPLY-CHAIN;BOUNDARY-TESTS,1;8;40;41;46;54;55;58,designed; implementation evidence pending
REQ-75-011,architecture,architecture governance,CTRL-ARCH,design contracts; no runtime table,DesignReview,T-DESIGN,AUTHZ;TENANT;PURPOSE;AUDIT;SUPPLY-CHAIN;BOUNDARY-TESTS,1;8;40;41;46;54;55;58,designed; implementation evidence pending
REQ-75-012,architecture,architecture governance,CTRL-ARCH,design contracts; no runtime table,DesignReview,T-DESIGN,AUTHZ;TENANT;PURPOSE;AUDIT;SUPPLY-CHAIN;BOUNDARY-TESTS,1;8;40;41;46;54;55;58,designed; implementation evidence pending
REQ-75-013,architecture,architecture governance,CTRL-ARCH,design contracts; no runtime table,DesignReview,T-DESIGN,AUTHZ;TENANT;PURPOSE;AUDIT;SUPPLY-CHAIN;BOUNDARY-TESTS,1;8;40;41;46;54;55;58,designed; implementation evidence pending
REQ-75-014,architecture,architecture governance,CTRL-ARCH,design contracts; no runtime table,DesignReview,T-DESIGN,AUTHZ;TENANT;PURPOSE;AUDIT;SUPPLY-CHAIN;BOUNDARY-TESTS,1;8;40;41;46;54;55;58,designed; implementation evidence pending
REQ-75-015,architecture,architecture governance,CTRL-ARCH,design contracts; no runtime table,DesignReview,T-DESIGN,AUTHZ;TENANT;PURPOSE;AUDIT;SUPPLY-CHAIN;BOUNDARY-TESTS,1;8;40;41;46;54;55;58,designed; implementation evidence pending
REQ-76-001,architecture,architecture governance,CTRL-ARCH,design contracts; no runtime table,DesignReview,T-DESIGN,AUTHZ;TENANT;PURPOSE;AUDIT;SUPPLY-CHAIN;BOUNDARY-TESTS,1;8;40;41;46;54;55;58,designed; implementation evidence pending
REQ-76-002,architecture,architecture governance,CTRL-ARCH,design contracts; no runtime table,DesignReview,T-DESIGN,AUTHZ;TENANT;PURPOSE;AUDIT;SUPPLY-CHAIN;BOUNDARY-TESTS,1;8;40;41;46;54;55;58,designed; implementation evidence pending
REQ-76-003,architecture,architecture governance,CTRL-ARCH,design contracts; no runtime table,DesignReview,T-DESIGN,AUTHZ;TENANT;PURPOSE;AUDIT;SUPPLY-CHAIN;BOUNDARY-TESTS,1;8;40;41;46;54;55;58,designed; implementation evidence pending
REQ-76-004,architecture,architecture governance,CTRL-ARCH,design contracts; no runtime table,DesignReview,T-DESIGN,AUTHZ;TENANT;PURPOSE;AUDIT;SUPPLY-CHAIN;BOUNDARY-TESTS,1;8;40;41;46;54;55;58,designed; implementation evidence pending
REQ-76-005,architecture,architecture governance,CTRL-ARCH,design contracts; no runtime table,DesignReview,T-DESIGN,AUTHZ;TENANT;PURPOSE;AUDIT;SUPPLY-CHAIN;BOUNDARY-TESTS,1;8;40;41;46;54;55;58,designed; implementation evidence pending
REQ-76-006,architecture,architecture governance,CTRL-ARCH,design contracts; no runtime table,DesignReview,T-DESIGN,AUTHZ;TENANT;PURPOSE;AUDIT;SUPPLY-CHAIN;BOUNDARY-TESTS,1;8;40;41;46;54;55;58,designed; implementation evidence pending
REQ-76-007,architecture,architecture governance,CTRL-ARCH,design contracts; no runtime table,DesignReview,T-DESIGN,AUTHZ;TENANT;PURPOSE;AUDIT;SUPPLY-CHAIN;BOUNDARY-TESTS,1;8;40;41;46;54;55;58,designed; implementation evidence pending
REQ-76-008,architecture,architecture governance,CTRL-ARCH,design contracts; no runtime table,DesignReview,T-DESIGN,AUTHZ;TENANT;PURPOSE;AUDIT;SUPPLY-CHAIN;BOUNDARY-TESTS,1;8;40;41;46;54;55;58,designed; implementation evidence pending
REQ-76-009,architecture,architecture governance,CTRL-ARCH,design contracts; no runtime table,DesignReview,T-DESIGN,AUTHZ;TENANT;PURPOSE;AUDIT;SUPPLY-CHAIN;BOUNDARY-TESTS,1;8;40;41;46;54;55;58,designed; implementation evidence pending
REQ-76-010,architecture,architecture governance,CTRL-ARCH,design contracts; no runtime table,DesignReview,T-DESIGN,AUTHZ;TENANT;PURPOSE;AUDIT;SUPPLY-CHAIN;BOUNDARY-TESTS,1;8;40;41;46;54;55;58,designed; implementation evidence pending
REQ-76-011,architecture,architecture governance,CTRL-ARCH,design contracts; no runtime table,DesignReview,T-DESIGN,AUTHZ;TENANT;PURPOSE;AUDIT;SUPPLY-CHAIN;BOUNDARY-TESTS,1;8;40;41;46;54;55;58,designed; implementation evidence pending
REQ-76-012,architecture,architecture governance,CTRL-ARCH,design contracts; no runtime table,DesignReview,T-DESIGN,AUTHZ;TENANT;PURPOSE;AUDIT;SUPPLY-CHAIN;BOUNDARY-TESTS,1;8;40;41;46;54;55;58,designed; implementation evidence pending
REQ-76-013,architecture,architecture governance,CTRL-ARCH,design contracts; no runtime table,DesignReview,T-DESIGN,AUTHZ;TENANT;PURPOSE;AUDIT;SUPPLY-CHAIN;BOUNDARY-TESTS,1;8;40;41;46;54;55;58,designed; implementation evidence pending
REQ-76-014,architecture,architecture governance,CTRL-ARCH,design contracts; no runtime table,DesignReview,T-DESIGN,AUTHZ;TENANT;PURPOSE;AUDIT;SUPPLY-CHAIN;BOUNDARY-TESTS,1;8;40;41;46;54;55;58,designed; implementation evidence pending
REQ-77-001,architecture,architecture governance,CTRL-ARCH,design contracts; no runtime table,DesignReview,T-DESIGN,AUTHZ;TENANT;PURPOSE;AUDIT;SUPPLY-CHAIN;BOUNDARY-TESTS,1;8;40;41;46;54;55;58,designed; implementation evidence pending
REQ-77-002,architecture,architecture governance,CTRL-ARCH,design contracts; no runtime table,DesignReview,T-DESIGN,AUTHZ;TENANT;PURPOSE;AUDIT;SUPPLY-CHAIN;BOUNDARY-TESTS,1;8;40;41;46;54;55;58,designed; implementation evidence pending
REQ-77-003,architecture,architecture governance,CTRL-ARCH,design contracts; no runtime table,DesignReview,T-DESIGN,AUTHZ;TENANT;PURPOSE;AUDIT;SUPPLY-CHAIN;BOUNDARY-TESTS,1;8;40;41;46;54;55;58,designed; implementation evidence pending
REQ-77-004,architecture,architecture governance,CTRL-ARCH,design contracts; no runtime table,DesignReview,T-DESIGN,AUTHZ;TENANT;PURPOSE;AUDIT;SUPPLY-CHAIN;BOUNDARY-TESTS,1;8;40;41;46;54;55;58,designed; implementation evidence pending
REQ-77-005,architecture,architecture governance,CTRL-ARCH,design contracts; no runtime table,DesignReview,T-DESIGN,AUTHZ;TENANT;PURPOSE;AUDIT;SUPPLY-CHAIN;BOUNDARY-TESTS,1;8;40;41;46;54;55;58,designed; implementation evidence pending
REQ-77-006,architecture,architecture governance,CTRL-ARCH,design contracts; no runtime table,DesignReview,T-DESIGN,AUTHZ;TENANT;PURPOSE;AUDIT;SUPPLY-CHAIN;BOUNDARY-TESTS,1;8;40;41;46;54;55;58,designed; implementation evidence pending
REQ-77-007,architecture,architecture governance,CTRL-ARCH,design contracts; no runtime table,DesignReview,T-DESIGN,AUTHZ;TENANT;PURPOSE;AUDIT;SUPPLY-CHAIN;BOUNDARY-TESTS,1;8;40;41;46;54;55;58,designed; implementation evidence pending
REQ-77-008,architecture,architecture governance,CTRL-ARCH,design contracts; no runtime table,DesignReview,T-DESIGN,AUTHZ;TENANT;PURPOSE;AUDIT;SUPPLY-CHAIN;BOUNDARY-TESTS,1;8;40;41;46;54;55;58,designed; implementation evidence pending
REQ-77-009,architecture,architecture governance,CTRL-ARCH,design contracts; no runtime table,DesignReview,T-DESIGN,AUTHZ;TENANT;PURPOSE;AUDIT;SUPPLY-CHAIN;BOUNDARY-TESTS,1;8;40;41;46;54;55;58,designed; implementation evidence pending
REQ-77-010,architecture,architecture governance,CTRL-ARCH,design contracts; no runtime table,DesignReview,T-DESIGN,AUTHZ;TENANT;PURPOSE;AUDIT;SUPPLY-CHAIN;BOUNDARY-TESTS,1;8;40;41;46;54;55;58,designed; implementation evidence pending
REQ-77-011,architecture,architecture governance,CTRL-ARCH,design contracts; no runtime table,DesignReview,T-DESIGN,AUTHZ;TENANT;PURPOSE;AUDIT;SUPPLY-CHAIN;BOUNDARY-TESTS,1;8;40;41;46;54;55;58,designed; implementation evidence pending
REQ-77-012,architecture,architecture governance,CTRL-ARCH,design contracts; no runtime table,DesignReview,T-DESIGN,AUTHZ;TENANT;PURPOSE;AUDIT;SUPPLY-CHAIN;BOUNDARY-TESTS,1;8;40;41;46;54;55;58,designed; implementation evidence pending
REQ-77-013,architecture,architecture governance,CTRL-ARCH,design contracts; no runtime table,DesignReview,T-DESIGN,AUTHZ;TENANT;PURPOSE;AUDIT;SUPPLY-CHAIN;BOUNDARY-TESTS,1;8;40;41;46;54;55;58,designed; implementation evidence pending
REQ-77-014,architecture,architecture governance,CTRL-ARCH,design contracts; no runtime table,DesignReview,T-DESIGN,AUTHZ;TENANT;PURPOSE;AUDIT;SUPPLY-CHAIN;BOUNDARY-TESTS,1;8;40;41;46;54;55;58,designed; implementation evidence pending
REQ-77-015,architecture,architecture governance,CTRL-ARCH,design contracts; no runtime table,DesignReview,T-DESIGN,AUTHZ;TENANT;PURPOSE;AUDIT;SUPPLY-CHAIN;BOUNDARY-TESTS,1;8;40;41;46;54;55;58,designed; implementation evidence pending
REQ-77-016,architecture,architecture governance,CTRL-ARCH,design contracts; no runtime table,DesignReview,T-DESIGN,AUTHZ;TENANT;PURPOSE;AUDIT;SUPPLY-CHAIN;BOUNDARY-TESTS,1;8;40;41;46;54;55;58,designed; implementation evidence pending
REQ-77-017,architecture,architecture governance,CTRL-ARCH,design contracts; no runtime table,DesignReview,T-DESIGN,AUTHZ;TENANT;PURPOSE;AUDIT;SUPPLY-CHAIN;BOUNDARY-TESTS,1;8;40;41;46;54;55;58,designed; implementation evidence pending
REQ-77-018,architecture,architecture governance,CTRL-ARCH,design contracts; no runtime table,DesignReview,T-DESIGN,AUTHZ;TENANT;PURPOSE;AUDIT;SUPPLY-CHAIN;BOUNDARY-TESTS,1;8;40;41;46;54;55;58,designed; implementation evidence pending
REQ-77-019,architecture,architecture governance,CTRL-ARCH,design contracts; no runtime table,DesignReview,T-DESIGN,AUTHZ;TENANT;PURPOSE;AUDIT;SUPPLY-CHAIN;BOUNDARY-TESTS,1;8;40;41;46;54;55;58,designed; implementation evidence pending
REQ-77-020,architecture,architecture governance,CTRL-ARCH,design contracts; no runtime table,DesignReview,T-DESIGN,AUTHZ;TENANT;PURPOSE;AUDIT;SUPPLY-CHAIN;BOUNDARY-TESTS,1;8;40;41;46;54;55;58,designed; implementation evidence pending
REQ-77-021,architecture,architecture governance,CTRL-ARCH,design contracts; no runtime table,DesignReview,T-DESIGN,AUTHZ;TENANT;PURPOSE;AUDIT;SUPPLY-CHAIN;BOUNDARY-TESTS,1;8;40;41;46;54;55;58,designed; implementation evidence pending
REQ-77-022,architecture,architecture governance,CTRL-ARCH,design contracts; no runtime table,DesignReview,T-DESIGN,AUTHZ;TENANT;PURPOSE;AUDIT;SUPPLY-CHAIN;BOUNDARY-TESTS,1;8;40;41;46;54;55;58,designed; implementation evidence pending
REQ-77-023,architecture,architecture governance,CTRL-ARCH,design contracts; no runtime table,DesignReview,T-DESIGN,AUTHZ;TENANT;PURPOSE;AUDIT;SUPPLY-CHAIN;BOUNDARY-TESTS,1;8;40;41;46;54;55;58,designed; implementation evidence pending
REQ-77-024,architecture,architecture governance,CTRL-ARCH,design contracts; no runtime table,DesignReview,T-DESIGN,AUTHZ;TENANT;PURPOSE;AUDIT;SUPPLY-CHAIN;BOUNDARY-TESTS,1;8;40;41;46;54;55;58,designed; implementation evidence pending
REQ-77-025,architecture,architecture governance,CTRL-ARCH,design contracts; no runtime table,DesignReview,T-DESIGN,AUTHZ;TENANT;PURPOSE;AUDIT;SUPPLY-CHAIN;BOUNDARY-TESTS,1;8;40;41;46;54;55;58,designed; implementation evidence pending
REQ-77-026,architecture,architecture governance,CTRL-ARCH,design contracts; no runtime table,DesignReview,T-DESIGN,AUTHZ;TENANT;PURPOSE;AUDIT;SUPPLY-CHAIN;BOUNDARY-TESTS,1;8;40;41;46;54;55;58,designed; implementation evidence pending
REQ-78-001,architecture,architecture governance,CTRL-ARCH,design contracts; no runtime table,DesignReview,T-DESIGN,AUTHZ;TENANT;PURPOSE;AUDIT;SUPPLY-CHAIN;BOUNDARY-TESTS,1;8;40;41;46;54;55;58,designed; implementation evidence pending
REQ-78-002,architecture,architecture governance,CTRL-ARCH,design contracts; no runtime table,DesignReview,T-DESIGN,AUTHZ;TENANT;PURPOSE;AUDIT;SUPPLY-CHAIN;BOUNDARY-TESTS,1;8;40;41;46;54;55;58,designed; implementation evidence pending
REQ-78-003,architecture,architecture governance,CTRL-ARCH,design contracts; no runtime table,DesignReview,T-DESIGN,AUTHZ;TENANT;PURPOSE;AUDIT;SUPPLY-CHAIN;BOUNDARY-TESTS,1;8;40;41;46;54;55;58,designed; implementation evidence pending
REQ-78-004,architecture,architecture governance,CTRL-ARCH,design contracts; no runtime table,DesignReview,T-DESIGN,AUTHZ;TENANT;PURPOSE;AUDIT;SUPPLY-CHAIN;BOUNDARY-TESTS,1;8;40;41;46;54;55;58,designed; implementation evidence pending
REQ-78-005,architecture,architecture governance,CTRL-ARCH,design contracts; no runtime table,DesignReview,T-DESIGN,AUTHZ;TENANT;PURPOSE;AUDIT;SUPPLY-CHAIN;BOUNDARY-TESTS,1;8;40;41;46;54;55;58,designed; implementation evidence pending
REQ-78-006,architecture,architecture governance,CTRL-ARCH,design contracts; no runtime table,DesignReview,T-DESIGN,AUTHZ;TENANT;PURPOSE;AUDIT;SUPPLY-CHAIN;BOUNDARY-TESTS,1;8;40;41;46;54;55;58,designed; implementation evidence pending
REQ-78-007,architecture,architecture governance,CTRL-ARCH,design contracts; no runtime table,DesignReview,T-DESIGN,AUTHZ;TENANT;PURPOSE;AUDIT;SUPPLY-CHAIN;BOUNDARY-TESTS,1;8;40;41;46;54;55;58,designed; implementation evidence pending
REQ-78-008,architecture,architecture governance,CTRL-ARCH,design contracts; no runtime table,DesignReview,T-DESIGN,AUTHZ;TENANT;PURPOSE;AUDIT;SUPPLY-CHAIN;BOUNDARY-TESTS,1;8;40;41;46;54;55;58,designed; implementation evidence pending
REQ-78-009,architecture,architecture governance,CTRL-ARCH,design contracts; no runtime table,DesignReview,T-DESIGN,AUTHZ;TENANT;PURPOSE;AUDIT;SUPPLY-CHAIN;BOUNDARY-TESTS,1;8;40;41;46;54;55;58,designed; implementation evidence pending
REQ-78-010,architecture,architecture governance,CTRL-ARCH,design contracts; no runtime table,DesignReview,T-DESIGN,AUTHZ;TENANT;PURPOSE;AUDIT;SUPPLY-CHAIN;BOUNDARY-TESTS,1;8;40;41;46;54;55;58,designed; implementation evidence pending
REQ-78-011,architecture,architecture governance,CTRL-ARCH,design contracts; no runtime table,DesignReview,T-DESIGN,AUTHZ;TENANT;PURPOSE;AUDIT;SUPPLY-CHAIN;BOUNDARY-TESTS,1;8;40;41;46;54;55;58,designed; implementation evidence pending
REQ-78-012,architecture,architecture governance,CTRL-ARCH,design contracts; no runtime table,DesignReview,T-DESIGN,AUTHZ;TENANT;PURPOSE;AUDIT;SUPPLY-CHAIN;BOUNDARY-TESTS,1;8;40;41;46;54;55;58,designed; implementation evidence pending
REQ-78-013,architecture,architecture governance,CTRL-ARCH,design contracts; no runtime table,DesignReview,T-DESIGN,AUTHZ;TENANT;PURPOSE;AUDIT;SUPPLY-CHAIN;BOUNDARY-TESTS,1;8;40;41;46;54;55;58,designed; implementation evidence pending
REQ-78-014,architecture,architecture governance,CTRL-ARCH,design contracts; no runtime table,DesignReview,T-DESIGN,AUTHZ;TENANT;PURPOSE;AUDIT;SUPPLY-CHAIN;BOUNDARY-TESTS,1;8;40;41;46;54;55;58,designed; implementation evidence pending
REQ-78-015,architecture,architecture governance,CTRL-ARCH,design contracts; no runtime table,DesignReview,T-DESIGN,AUTHZ;TENANT;PURPOSE;AUDIT;SUPPLY-CHAIN;BOUNDARY-TESTS,1;8;40;41;46;54;55;58,designed; implementation evidence pending
REQ-78-016,architecture,architecture governance,CTRL-ARCH,design contracts; no runtime table,DesignReview,T-DESIGN,AUTHZ;TENANT;PURPOSE;AUDIT;SUPPLY-CHAIN;BOUNDARY-TESTS,1;8;40;41;46;54;55;58,designed; implementation evidence pending
REQ-78-017,architecture,architecture governance,CTRL-ARCH,design contracts; no runtime table,DesignReview,T-DESIGN,AUTHZ;TENANT;PURPOSE;AUDIT;SUPPLY-CHAIN;BOUNDARY-TESTS,1;8;40;41;46;54;55;58,designed; implementation evidence pending
REQ-78-018,architecture,architecture governance,CTRL-ARCH,design contracts; no runtime table,DesignReview,T-DESIGN,AUTHZ;TENANT;PURPOSE;AUDIT;SUPPLY-CHAIN;BOUNDARY-TESTS,1;8;40;41;46;54;55;58,designed; implementation evidence pending
REQ-78-019,architecture,architecture governance,CTRL-ARCH,design contracts; no runtime table,DesignReview,T-DESIGN,AUTHZ;TENANT;PURPOSE;AUDIT;SUPPLY-CHAIN;BOUNDARY-TESTS,1;8;40;41;46;54;55;58,designed; implementation evidence pending
REQ-79-001,architecture,architecture governance,CTRL-ARCH,design contracts; no runtime table,DesignReview,T-DESIGN,AUTHZ;TENANT;PURPOSE;AUDIT;SUPPLY-CHAIN;BOUNDARY-TESTS,1;8;40;41;46;54;55;58,designed; implementation evidence pending
REQ-79-002,architecture,architecture governance,CTRL-ARCH,design contracts; no runtime table,DesignReview,T-DESIGN,AUTHZ;TENANT;PURPOSE;AUDIT;SUPPLY-CHAIN;BOUNDARY-TESTS,1;8;40;41;46;54;55;58,designed; implementation evidence pending
REQ-79-003,architecture,architecture governance,CTRL-ARCH,design contracts; no runtime table,DesignReview,T-DESIGN,AUTHZ;TENANT;PURPOSE;AUDIT;SUPPLY-CHAIN;BOUNDARY-TESTS,1;8;40;41;46;54;55;58,designed; implementation evidence pending
REQ-79-004,architecture,architecture governance,CTRL-ARCH,design contracts; no runtime table,DesignReview,T-DESIGN,AUTHZ;TENANT;PURPOSE;AUDIT;SUPPLY-CHAIN;BOUNDARY-TESTS,1;8;40;41;46;54;55;58,designed; implementation evidence pending
REQ-79-005,architecture,architecture governance,CTRL-ARCH,design contracts; no runtime table,DesignReview,T-DESIGN,AUTHZ;TENANT;PURPOSE;AUDIT;SUPPLY-CHAIN;BOUNDARY-TESTS,1;8;40;41;46;54;55;58,designed; implementation evidence pending
REQ-79-006,architecture,architecture governance,CTRL-ARCH,design contracts; no runtime table,DesignReview,T-DESIGN,AUTHZ;TENANT;PURPOSE;AUDIT;SUPPLY-CHAIN;BOUNDARY-TESTS,1;8;40;41;46;54;55;58,designed; implementation evidence pending
REQ-79-007,architecture,architecture governance,CTRL-ARCH,design contracts; no runtime table,DesignReview,T-DESIGN,AUTHZ;TENANT;PURPOSE;AUDIT;SUPPLY-CHAIN;BOUNDARY-TESTS,1;8;40;41;46;54;55;58,designed; implementation evidence pending
REQ-79-008,architecture,architecture governance,CTRL-ARCH,design contracts; no runtime table,DesignReview,T-DESIGN,AUTHZ;TENANT;PURPOSE;AUDIT;SUPPLY-CHAIN;BOUNDARY-TESTS,1;8;40;41;46;54;55;58,designed; implementation evidence pending
REQ-79-009,architecture,architecture governance,CTRL-ARCH,design contracts; no runtime table,DesignReview,T-DESIGN,AUTHZ;TENANT;PURPOSE;AUDIT;SUPPLY-CHAIN;BOUNDARY-TESTS,1;8;40;41;46;54;55;58,designed; implementation evidence pending
REQ-79-010,architecture,architecture governance,CTRL-ARCH,design contracts; no runtime table,DesignReview,T-DESIGN,AUTHZ;TENANT;PURPOSE;AUDIT;SUPPLY-CHAIN;BOUNDARY-TESTS,1;8;40;41;46;54;55;58,designed; implementation evidence pending
REQ-79-011,architecture,architecture governance,CTRL-ARCH,design contracts; no runtime table,DesignReview,T-DESIGN,AUTHZ;TENANT;PURPOSE;AUDIT;SUPPLY-CHAIN;BOUNDARY-TESTS,1;8;40;41;46;54;55;58,designed; implementation evidence pending
REQ-79-012,architecture,architecture governance,CTRL-ARCH,design contracts; no runtime table,DesignReview,T-DESIGN,AUTHZ;TENANT;PURPOSE;AUDIT;SUPPLY-CHAIN;BOUNDARY-TESTS,1;8;40;41;46;54;55;58,designed; implementation evidence pending
REQ-79-013,architecture,architecture governance,CTRL-ARCH,design contracts; no runtime table,DesignReview,T-DESIGN,AUTHZ;TENANT;PURPOSE;AUDIT;SUPPLY-CHAIN;BOUNDARY-TESTS,1;8;40;41;46;54;55;58,designed; implementation evidence pending
REQ-79-014,architecture,architecture governance,CTRL-ARCH,design contracts; no runtime table,DesignReview,T-DESIGN,AUTHZ;TENANT;PURPOSE;AUDIT;SUPPLY-CHAIN;BOUNDARY-TESTS,1;8;40;41;46;54;55;58,designed; implementation evidence pending
REQ-79-015,architecture,architecture governance,CTRL-ARCH,design contracts; no runtime table,DesignReview,T-DESIGN,AUTHZ;TENANT;PURPOSE;AUDIT;SUPPLY-CHAIN;BOUNDARY-TESTS,1;8;40;41;46;54;55;58,designed; implementation evidence pending
REQ-79-016,architecture,architecture governance,CTRL-ARCH,design contracts; no runtime table,DesignReview,T-DESIGN,AUTHZ;TENANT;PURPOSE;AUDIT;SUPPLY-CHAIN;BOUNDARY-TESTS,1;8;40;41;46;54;55;58,designed; implementation evidence pending
REQ-79-017,architecture,architecture governance,CTRL-ARCH,design contracts; no runtime table,DesignReview,T-DESIGN,AUTHZ;TENANT;PURPOSE;AUDIT;SUPPLY-CHAIN;BOUNDARY-TESTS,1;8;40;41;46;54;55;58,designed; implementation evidence pending
REQ-79-018,architecture,architecture governance,CTRL-ARCH,design contracts; no runtime table,DesignReview,T-DESIGN,AUTHZ;TENANT;PURPOSE;AUDIT;SUPPLY-CHAIN;BOUNDARY-TESTS,1;8;40;41;46;54;55;58,designed; implementation evidence pending
REQ-79-019,architecture,architecture governance,CTRL-ARCH,design contracts; no runtime table,DesignReview,T-DESIGN,AUTHZ;TENANT;PURPOSE;AUDIT;SUPPLY-CHAIN;BOUNDARY-TESTS,1;8;40;41;46;54;55;58,designed; implementation evidence pending
REQ-79-020,architecture,architecture governance,CTRL-ARCH,design contracts; no runtime table,DesignReview,T-DESIGN,AUTHZ;TENANT;PURPOSE;AUDIT;SUPPLY-CHAIN;BOUNDARY-TESTS,1;8;40;41;46;54;55;58,designed; implementation evidence pending
REQ-79-021,architecture,architecture governance,CTRL-ARCH,design contracts; no runtime table,DesignReview,T-DESIGN,AUTHZ;TENANT;PURPOSE;AUDIT;SUPPLY-CHAIN;BOUNDARY-TESTS,1;8;40;41;46;54;55;58,designed; implementation evidence pending
REQ-79-022,architecture,architecture governance,CTRL-ARCH,design contracts; no runtime table,DesignReview,T-DESIGN,AUTHZ;TENANT;PURPOSE;AUDIT;SUPPLY-CHAIN;BOUNDARY-TESTS,1;8;40;41;46;54;55;58,designed; implementation evidence pending
REQ-79-023,architecture,architecture governance,CTRL-ARCH,design contracts; no runtime table,DesignReview,T-DESIGN,AUTHZ;TENANT;PURPOSE;AUDIT;SUPPLY-CHAIN;BOUNDARY-TESTS,1;8;40;41;46;54;55;58,designed; implementation evidence pending
REQ-80-001,privacy,compliance purpose and vault controls,CTRL-PRIVACY,compliance/party/documents,PurposeRetention,T-PRIVACY,AUTHZ;TENANT;PURPOSE;AUDIT;SUPPLY-CHAIN;BOUNDARY-TESTS,27;53,designed; implementation evidence pending
REQ-80-002,privacy,compliance purpose and vault controls,CTRL-PRIVACY,compliance/party/documents,PurposeRetention,T-PRIVACY,AUTHZ;TENANT;PURPOSE;AUDIT;SUPPLY-CHAIN;BOUNDARY-TESTS,27;53,designed; implementation evidence pending
REQ-80-003,privacy,compliance purpose and vault controls,CTRL-PRIVACY,compliance/party/documents,PurposeRetention,T-PRIVACY,AUTHZ;TENANT;PURPOSE;AUDIT;SUPPLY-CHAIN;BOUNDARY-TESTS,27;53,designed; implementation evidence pending
REQ-80-004,privacy,compliance purpose and vault controls,CTRL-PRIVACY,compliance/party/documents,PurposeRetention,T-PRIVACY,AUTHZ;TENANT;PURPOSE;AUDIT;SUPPLY-CHAIN;BOUNDARY-TESTS,27;53,designed; implementation evidence pending
REQ-80-005,privacy,compliance purpose and vault controls,CTRL-PRIVACY,compliance/party/documents,PurposeRetention,T-PRIVACY,AUTHZ;TENANT;PURPOSE;AUDIT;SUPPLY-CHAIN;BOUNDARY-TESTS,27;53,designed; implementation evidence pending
REQ-80-006,privacy,compliance purpose and vault controls,CTRL-PRIVACY,compliance/party/documents,PurposeRetention,T-PRIVACY,AUTHZ;TENANT;PURPOSE;AUDIT;SUPPLY-CHAIN;BOUNDARY-TESTS,27;53,designed; implementation evidence pending
REQ-80-007,privacy,compliance purpose and vault controls,CTRL-PRIVACY,compliance/party/documents,PurposeRetention,T-PRIVACY,AUTHZ;TENANT;PURPOSE;AUDIT;SUPPLY-CHAIN;BOUNDARY-TESTS,27;53,designed; implementation evidence pending
REQ-80-008,privacy,compliance purpose and vault controls,CTRL-PRIVACY,compliance/party/documents,PurposeRetention,T-PRIVACY,AUTHZ;TENANT;PURPOSE;AUDIT;SUPPLY-CHAIN;BOUNDARY-TESTS,27;53,designed; implementation evidence pending
REQ-80-009,privacy,compliance purpose and vault controls,CTRL-PRIVACY,compliance/party/documents,PurposeRetention,T-PRIVACY,AUTHZ;TENANT;PURPOSE;AUDIT;SUPPLY-CHAIN;BOUNDARY-TESTS,27;53,designed; implementation evidence pending
REQ-80-010,privacy,compliance purpose and vault controls,CTRL-PRIVACY,compliance/party/documents,PurposeRetention,T-PRIVACY,AUTHZ;TENANT;PURPOSE;AUDIT;SUPPLY-CHAIN;BOUNDARY-TESTS,27;53,designed; implementation evidence pending
REQ-80-011,privacy,compliance purpose and vault controls,CTRL-PRIVACY,compliance/party/documents,PurposeRetention,T-PRIVACY,AUTHZ;TENANT;PURPOSE;AUDIT;SUPPLY-CHAIN;BOUNDARY-TESTS,27;53,designed; implementation evidence pending
REQ-80-012,privacy,compliance purpose and vault controls,CTRL-PRIVACY,compliance/party/documents,PurposeRetention,T-PRIVACY,AUTHZ;TENANT;PURPOSE;AUDIT;SUPPLY-CHAIN;BOUNDARY-TESTS,27;53,designed; implementation evidence pending
REQ-80-013,privacy,compliance purpose and vault controls,CTRL-PRIVACY,compliance/party/documents,PurposeRetention,T-PRIVACY,AUTHZ;TENANT;PURPOSE;AUDIT;SUPPLY-CHAIN;BOUNDARY-TESTS,27;53,designed; implementation evidence pending
REQ-80-014,privacy,compliance purpose and vault controls,CTRL-PRIVACY,compliance/party/documents,PurposeRetention,T-PRIVACY,AUTHZ;TENANT;PURPOSE;AUDIT;SUPPLY-CHAIN;BOUNDARY-TESTS,27;53,designed; implementation evidence pending
REQ-80-015,privacy,compliance purpose and vault controls,CTRL-PRIVACY,compliance/party/documents,PurposeRetention,T-PRIVACY,AUTHZ;TENANT;PURPOSE;AUDIT;SUPPLY-CHAIN;BOUNDARY-TESTS,27;53,designed; implementation evidence pending
REQ-80-016,privacy,compliance purpose and vault controls,CTRL-PRIVACY,compliance/party/documents,PurposeRetention,T-PRIVACY,AUTHZ;TENANT;PURPOSE;AUDIT;SUPPLY-CHAIN;BOUNDARY-TESTS,27;53,designed; implementation evidence pending
REQ-80-017,privacy,compliance purpose and vault controls,CTRL-PRIVACY,compliance/party/documents,PurposeRetention,T-PRIVACY,AUTHZ;TENANT;PURPOSE;AUDIT;SUPPLY-CHAIN;BOUNDARY-TESTS,27;53,designed; implementation evidence pending
REQ-81-001,compliance,compliance,API-COMPLIANCE,compliance,ComplianceReview,T-COMPLIANCE,AUTHZ;TENANT;PURPOSE;AUDIT,27;53;57,designed; implementation evidence pending
REQ-81-002,compliance,compliance,API-COMPLIANCE,compliance,ComplianceReview,T-COMPLIANCE,AUTHZ;TENANT;PURPOSE;AUDIT,27;53;57,designed; implementation evidence pending
REQ-81-003,compliance,compliance,API-COMPLIANCE,compliance,ComplianceReview,T-COMPLIANCE,AUTHZ;TENANT;PURPOSE;AUDIT,27;53;57,designed; implementation evidence pending
REQ-81-004,compliance,compliance,API-COMPLIANCE,compliance,ComplianceReview,T-COMPLIANCE,AUTHZ;TENANT;PURPOSE;AUDIT,27;53;57,designed; implementation evidence pending
REQ-81-005,compliance,compliance,API-COMPLIANCE,compliance,ComplianceReview,T-COMPLIANCE,AUTHZ;TENANT;PURPOSE;AUDIT,27;53;57,designed; implementation evidence pending
REQ-81-006,compliance,compliance,API-COMPLIANCE,compliance,ComplianceReview,T-COMPLIANCE,AUTHZ;TENANT;PURPOSE;AUDIT,27;53;57,designed; implementation evidence pending
REQ-81-007,compliance,compliance,API-COMPLIANCE,compliance,ComplianceReview,T-COMPLIANCE,AUTHZ;TENANT;PURPOSE;AUDIT,27;53;57,designed; implementation evidence pending
REQ-81-008,compliance,compliance,API-COMPLIANCE,compliance,ComplianceReview,T-COMPLIANCE,AUTHZ;TENANT;PURPOSE;AUDIT,27;53;57,designed; implementation evidence pending
REQ-81-009,compliance,compliance,API-COMPLIANCE,compliance,ComplianceReview,T-COMPLIANCE,AUTHZ;TENANT;PURPOSE;AUDIT,27;53;57,designed; implementation evidence pending
REQ-82-001,platform,container platform and workers,CTRL-PLATFORM,infra state; owner DBs remain authoritative,DeploymentRecovery,T-COMPOSE,AUTHZ;TENANT;PURPOSE;AUDIT;SUPPLY-CHAIN;BOUNDARY-TESTS,35;36;37;39;48,designed; implementation evidence pending
REQ-82-002,platform,container platform and workers,CTRL-PLATFORM,infra state; owner DBs remain authoritative,DeploymentRecovery,T-COMPOSE,AUTHZ;TENANT;PURPOSE;AUDIT;SUPPLY-CHAIN;BOUNDARY-TESTS,35;36;37;39;48,designed; implementation evidence pending
REQ-82-003,platform,container platform and workers,CTRL-PLATFORM,infra state; owner DBs remain authoritative,DeploymentRecovery,T-COMPOSE,AUTHZ;TENANT;PURPOSE;AUDIT;SUPPLY-CHAIN;BOUNDARY-TESTS,35;36;37;39;48,designed; implementation evidence pending
REQ-82-004,platform,container platform and workers,CTRL-PLATFORM,infra state; owner DBs remain authoritative,DeploymentRecovery,T-COMPOSE,AUTHZ;TENANT;PURPOSE;AUDIT;SUPPLY-CHAIN;BOUNDARY-TESTS,35;36;37;39;48,designed; implementation evidence pending
REQ-82-005,platform,container platform and workers,CTRL-PLATFORM,infra state; owner DBs remain authoritative,DeploymentRecovery,T-COMPOSE,AUTHZ;TENANT;PURPOSE;AUDIT;SUPPLY-CHAIN;BOUNDARY-TESTS,35;36;37;39;48,designed; implementation evidence pending
REQ-82-006,platform,container platform and workers,CTRL-PLATFORM,infra state; owner DBs remain authoritative,DeploymentRecovery,T-COMPOSE,AUTHZ;TENANT;PURPOSE;AUDIT;SUPPLY-CHAIN;BOUNDARY-TESTS,35;36;37;39;48,designed; implementation evidence pending
REQ-82-007,platform,container platform and workers,CTRL-PLATFORM,infra state; owner DBs remain authoritative,DeploymentRecovery,T-COMPOSE,AUTHZ;TENANT;PURPOSE;AUDIT;SUPPLY-CHAIN;BOUNDARY-TESTS,35;36;37;39;48,designed; implementation evidence pending
REQ-82-008,platform,container platform and workers,CTRL-PLATFORM,infra state; owner DBs remain authoritative,DeploymentRecovery,T-COMPOSE,AUTHZ;TENANT;PURPOSE;AUDIT;SUPPLY-CHAIN;BOUNDARY-TESTS,35;36;37;39;48,designed; implementation evidence pending
REQ-82-009,platform,container platform and workers,CTRL-PLATFORM,infra state; owner DBs remain authoritative,DeploymentRecovery,T-COMPOSE,AUTHZ;TENANT;PURPOSE;AUDIT;SUPPLY-CHAIN;BOUNDARY-TESTS,35;36;37;39;48,designed; implementation evidence pending
REQ-82-010,platform,container platform and workers,CTRL-PLATFORM,infra state; owner DBs remain authoritative,DeploymentRecovery,T-COMPOSE,AUTHZ;TENANT;PURPOSE;AUDIT;SUPPLY-CHAIN;BOUNDARY-TESTS,35;36;37;39;48,designed; implementation evidence pending
REQ-82-011,platform,container platform and workers,CTRL-PLATFORM,infra state; owner DBs remain authoritative,DeploymentRecovery,T-COMPOSE,AUTHZ;TENANT;PURPOSE;AUDIT;SUPPLY-CHAIN;BOUNDARY-TESTS,35;36;37;39;48,designed; implementation evidence pending
REQ-82-012,platform,container platform and workers,CTRL-PLATFORM,infra state; owner DBs remain authoritative,DeploymentRecovery,T-COMPOSE,AUTHZ;TENANT;PURPOSE;AUDIT;SUPPLY-CHAIN;BOUNDARY-TESTS,35;36;37;39;48,designed; implementation evidence pending
REQ-82-013,platform,container platform and workers,CTRL-PLATFORM,infra state; owner DBs remain authoritative,DeploymentRecovery,T-COMPOSE,AUTHZ;TENANT;PURPOSE;AUDIT;SUPPLY-CHAIN;BOUNDARY-TESTS,35;36;37;39;48,designed; implementation evidence pending
REQ-82-014,platform,container platform and workers,CTRL-PLATFORM,infra state; owner DBs remain authoritative,DeploymentRecovery,T-COMPOSE,AUTHZ;TENANT;PURPOSE;AUDIT;SUPPLY-CHAIN;BOUNDARY-TESTS,35;36;37;39;48,designed; implementation evidence pending
REQ-82-015,platform,container platform and workers,CTRL-PLATFORM,infra state; owner DBs remain authoritative,DeploymentRecovery,T-COMPOSE,AUTHZ;TENANT;PURPOSE;AUDIT;SUPPLY-CHAIN;BOUNDARY-TESTS,35;36;37;39;48,designed; implementation evidence pending
REQ-82-016,platform,container platform and workers,CTRL-PLATFORM,infra state; owner DBs remain authoritative,DeploymentRecovery,T-COMPOSE,AUTHZ;TENANT;PURPOSE;AUDIT;SUPPLY-CHAIN;BOUNDARY-TESTS,35;36;37;39;48,designed; implementation evidence pending
REQ-83-001,platform,container platform and workers,CTRL-PLATFORM,infra state; owner DBs remain authoritative,DeploymentRecovery,T-COMPOSE,AUTHZ;TENANT;PURPOSE;AUDIT;SUPPLY-CHAIN;BOUNDARY-TESTS,35;36;37;39;48,designed; implementation evidence pending
REQ-83-002,platform,container platform and workers,CTRL-PLATFORM,infra state; owner DBs remain authoritative,DeploymentRecovery,T-COMPOSE,AUTHZ;TENANT;PURPOSE;AUDIT;SUPPLY-CHAIN;BOUNDARY-TESTS,35;36;37;39;48,designed; implementation evidence pending
REQ-83-003,platform,container platform and workers,CTRL-PLATFORM,infra state; owner DBs remain authoritative,DeploymentRecovery,T-COMPOSE,AUTHZ;TENANT;PURPOSE;AUDIT;SUPPLY-CHAIN;BOUNDARY-TESTS,35;36;37;39;48,designed; implementation evidence pending
REQ-83-004,platform,container platform and workers,CTRL-PLATFORM,infra state; owner DBs remain authoritative,DeploymentRecovery,T-COMPOSE,AUTHZ;TENANT;PURPOSE;AUDIT;SUPPLY-CHAIN;BOUNDARY-TESTS,35;36;37;39;48,designed; implementation evidence pending
REQ-83-005,platform,container platform and workers,CTRL-PLATFORM,infra state; owner DBs remain authoritative,DeploymentRecovery,T-COMPOSE,AUTHZ;TENANT;PURPOSE;AUDIT;SUPPLY-CHAIN;BOUNDARY-TESTS,35;36;37;39;48,designed; implementation evidence pending
REQ-83-006,platform,container platform and workers,CTRL-PLATFORM,infra state; owner DBs remain authoritative,DeploymentRecovery,T-COMPOSE,AUTHZ;TENANT;PURPOSE;AUDIT;SUPPLY-CHAIN;BOUNDARY-TESTS,35;36;37;39;48,designed; implementation evidence pending
REQ-83-007,platform,container platform and workers,CTRL-PLATFORM,infra state; owner DBs remain authoritative,DeploymentRecovery,T-COMPOSE,AUTHZ;TENANT;PURPOSE;AUDIT;SUPPLY-CHAIN;BOUNDARY-TESTS,35;36;37;39;48,designed; implementation evidence pending
REQ-83-008,platform,container platform and workers,CTRL-PLATFORM,infra state; owner DBs remain authoritative,DeploymentRecovery,T-COMPOSE,AUTHZ;TENANT;PURPOSE;AUDIT;SUPPLY-CHAIN;BOUNDARY-TESTS,35;36;37;39;48,designed; implementation evidence pending
REQ-83-009,platform,container platform and workers,CTRL-PLATFORM,infra state; owner DBs remain authoritative,DeploymentRecovery,T-COMPOSE,AUTHZ;TENANT;PURPOSE;AUDIT;SUPPLY-CHAIN;BOUNDARY-TESTS,35;36;37;39;48,designed; implementation evidence pending
REQ-83-010,platform,container platform and workers,CTRL-PLATFORM,infra state; owner DBs remain authoritative,DeploymentRecovery,T-COMPOSE,AUTHZ;TENANT;PURPOSE;AUDIT;SUPPLY-CHAIN;BOUNDARY-TESTS,35;36;37;39;48,designed; implementation evidence pending
REQ-83-011,platform,container platform and workers,CTRL-PLATFORM,infra state; owner DBs remain authoritative,DeploymentRecovery,T-COMPOSE,AUTHZ;TENANT;PURPOSE;AUDIT;SUPPLY-CHAIN;BOUNDARY-TESTS,35;36;37;39;48,designed; implementation evidence pending
REQ-83-012,platform,container platform and workers,CTRL-PLATFORM,infra state; owner DBs remain authoritative,DeploymentRecovery,T-COMPOSE,AUTHZ;TENANT;PURPOSE;AUDIT;SUPPLY-CHAIN;BOUNDARY-TESTS,35;36;37;39;48,designed; implementation evidence pending
REQ-83-013,platform,container platform and workers,CTRL-PLATFORM,infra state; owner DBs remain authoritative,DeploymentRecovery,T-COMPOSE,AUTHZ;TENANT;PURPOSE;AUDIT;SUPPLY-CHAIN;BOUNDARY-TESTS,35;36;37;39;48,designed; implementation evidence pending
REQ-83-014,platform,container platform and workers,CTRL-PLATFORM,infra state; owner DBs remain authoritative,DeploymentRecovery,T-COMPOSE,AUTHZ;TENANT;PURPOSE;AUDIT;SUPPLY-CHAIN;BOUNDARY-TESTS,35;36;37;39;48,designed; implementation evidence pending
REQ-83-015,platform,container platform and workers,CTRL-PLATFORM,infra state; owner DBs remain authoritative,DeploymentRecovery,T-COMPOSE,AUTHZ;TENANT;PURPOSE;AUDIT;SUPPLY-CHAIN;BOUNDARY-TESTS,35;36;37;39;48,designed; implementation evidence pending
REQ-83-016,platform,container platform and workers,CTRL-PLATFORM,infra state; owner DBs remain authoritative,DeploymentRecovery,T-COMPOSE,AUTHZ;TENANT;PURPOSE;AUDIT;SUPPLY-CHAIN;BOUNDARY-TESTS,35;36;37;39;48,designed; implementation evidence pending
REQ-83-017,platform,container platform and workers,CTRL-PLATFORM,infra state; owner DBs remain authoritative,DeploymentRecovery,T-COMPOSE,AUTHZ;TENANT;PURPOSE;AUDIT;SUPPLY-CHAIN;BOUNDARY-TESTS,35;36;37;39;48,designed; implementation evidence pending
REQ-84-001,architecture,architecture governance,CTRL-ARCH,design contracts; no runtime table,DesignReview,T-DESIGN,AUTHZ;TENANT;PURPOSE;AUDIT;SUPPLY-CHAIN;BOUNDARY-TESTS,1;8;40;41;46;54;55;58,designed; implementation evidence pending
REQ-84-002,architecture,architecture governance,CTRL-ARCH,design contracts; no runtime table,DesignReview,T-DESIGN,AUTHZ;TENANT;PURPOSE;AUDIT;SUPPLY-CHAIN;BOUNDARY-TESTS,1;8;40;41;46;54;55;58,designed; implementation evidence pending
REQ-84-003,architecture,architecture governance,CTRL-ARCH,design contracts; no runtime table,DesignReview,T-DESIGN,AUTHZ;TENANT;PURPOSE;AUDIT;SUPPLY-CHAIN;BOUNDARY-TESTS,1;8;40;41;46;54;55;58,designed; implementation evidence pending
REQ-84-004,architecture,architecture governance,CTRL-ARCH,design contracts; no runtime table,DesignReview,T-DESIGN,AUTHZ;TENANT;PURPOSE;AUDIT;SUPPLY-CHAIN;BOUNDARY-TESTS,1;8;40;41;46;54;55;58,designed; implementation evidence pending
REQ-84-005,architecture,architecture governance,CTRL-ARCH,design contracts; no runtime table,DesignReview,T-DESIGN,AUTHZ;TENANT;PURPOSE;AUDIT;SUPPLY-CHAIN;BOUNDARY-TESTS,1;8;40;41;46;54;55;58,designed; implementation evidence pending
REQ-84-006,architecture,architecture governance,CTRL-ARCH,design contracts; no runtime table,DesignReview,T-DESIGN,AUTHZ;TENANT;PURPOSE;AUDIT;SUPPLY-CHAIN;BOUNDARY-TESTS,1;8;40;41;46;54;55;58,designed; implementation evidence pending
REQ-84-007,architecture,architecture governance,CTRL-ARCH,design contracts; no runtime table,DesignReview,T-DESIGN,AUTHZ;TENANT;PURPOSE;AUDIT;SUPPLY-CHAIN;BOUNDARY-TESTS,1;8;40;41;46;54;55;58,designed; implementation evidence pending
REQ-84-008,architecture,architecture governance,CTRL-ARCH,design contracts; no runtime table,DesignReview,T-DESIGN,AUTHZ;TENANT;PURPOSE;AUDIT;SUPPLY-CHAIN;BOUNDARY-TESTS,1;8;40;41;46;54;55;58,designed; implementation evidence pending
REQ-84-009,architecture,architecture governance,CTRL-ARCH,design contracts; no runtime table,DesignReview,T-DESIGN,AUTHZ;TENANT;PURPOSE;AUDIT;SUPPLY-CHAIN;BOUNDARY-TESTS,1;8;40;41;46;54;55;58,designed; implementation evidence pending
REQ-84-010,architecture,architecture governance,CTRL-ARCH,design contracts; no runtime table,DesignReview,T-DESIGN,AUTHZ;TENANT;PURPOSE;AUDIT;SUPPLY-CHAIN;BOUNDARY-TESTS,1;8;40;41;46;54;55;58,designed; implementation evidence pending
REQ-84-011,architecture,architecture governance,CTRL-ARCH,design contracts; no runtime table,DesignReview,T-DESIGN,AUTHZ;TENANT;PURPOSE;AUDIT;SUPPLY-CHAIN;BOUNDARY-TESTS,1;8;40;41;46;54;55;58,designed; implementation evidence pending
REQ-84-012,architecture,architecture governance,CTRL-ARCH,design contracts; no runtime table,DesignReview,T-DESIGN,AUTHZ;TENANT;PURPOSE;AUDIT;SUPPLY-CHAIN;BOUNDARY-TESTS,1;8;40;41;46;54;55;58,designed; implementation evidence pending
REQ-85-001,compliance,compliance,API-COMPLIANCE,compliance,ComplianceReview,T-COMPLIANCE,AUTHZ;TENANT;PURPOSE;AUDIT,27;53;57,designed; implementation evidence pending
REQ-85-002,compliance,compliance,API-COMPLIANCE,compliance,ComplianceReview,T-COMPLIANCE,AUTHZ;TENANT;PURPOSE;AUDIT,27;53;57,designed; implementation evidence pending
REQ-85-003,compliance,compliance,API-COMPLIANCE,compliance,ComplianceReview,T-COMPLIANCE,AUTHZ;TENANT;PURPOSE;AUDIT,27;53;57,designed; implementation evidence pending
REQ-85-004,compliance,compliance,API-COMPLIANCE,compliance,ComplianceReview,T-COMPLIANCE,AUTHZ;TENANT;PURPOSE;AUDIT,27;53;57,designed; implementation evidence pending
REQ-85-005,compliance,compliance,API-COMPLIANCE,compliance,ComplianceReview,T-COMPLIANCE,AUTHZ;TENANT;PURPOSE;AUDIT,27;53;57,designed; implementation evidence pending
REQ-85-006,compliance,compliance,API-COMPLIANCE,compliance,ComplianceReview,T-COMPLIANCE,AUTHZ;TENANT;PURPOSE;AUDIT,27;53;57,designed; implementation evidence pending
REQ-85-007,compliance,compliance,API-COMPLIANCE,compliance,ComplianceReview,T-COMPLIANCE,AUTHZ;TENANT;PURPOSE;AUDIT,27;53;57,designed; implementation evidence pending
REQ-85-008,compliance,compliance,API-COMPLIANCE,compliance,ComplianceReview,T-COMPLIANCE,AUTHZ;TENANT;PURPOSE;AUDIT,27;53;57,designed; implementation evidence pending
REQ-85-009,compliance,compliance,API-COMPLIANCE,compliance,ComplianceReview,T-COMPLIANCE,AUTHZ;TENANT;PURPOSE;AUDIT,27;53;57,designed; implementation evidence pending
REQ-85-010,compliance,compliance,API-COMPLIANCE,compliance,ComplianceReview,T-COMPLIANCE,AUTHZ;TENANT;PURPOSE;AUDIT,27;53;57,designed; implementation evidence pending
REQ-85-011,compliance,compliance,API-COMPLIANCE,compliance,ComplianceReview,T-COMPLIANCE,AUTHZ;TENANT;PURPOSE;AUDIT,27;53;57,designed; implementation evidence pending
REQ-85-012,compliance,compliance,API-COMPLIANCE,compliance,ComplianceReview,T-COMPLIANCE,AUTHZ;TENANT;PURPOSE;AUDIT,27;53;57,designed; implementation evidence pending
REQ-86-001,architecture,architecture governance,CTRL-ARCH,design contracts; no runtime table,DesignReview,T-DESIGN,AUTHZ;TENANT;PURPOSE;AUDIT;SUPPLY-CHAIN;BOUNDARY-TESTS,1;8;40;41;46;54;55;58,designed; implementation evidence pending
REQ-86-002,architecture,architecture governance,CTRL-ARCH,design contracts; no runtime table,DesignReview,T-DESIGN,AUTHZ;TENANT;PURPOSE;AUDIT;SUPPLY-CHAIN;BOUNDARY-TESTS,1;8;40;41;46;54;55;58,designed; implementation evidence pending
REQ-86-003,architecture,architecture governance,CTRL-ARCH,design contracts; no runtime table,DesignReview,T-DESIGN,AUTHZ;TENANT;PURPOSE;AUDIT;SUPPLY-CHAIN;BOUNDARY-TESTS,1;8;40;41;46;54;55;58,designed; implementation evidence pending
REQ-86-004,architecture,architecture governance,CTRL-ARCH,design contracts; no runtime table,DesignReview,T-DESIGN,AUTHZ;TENANT;PURPOSE;AUDIT;SUPPLY-CHAIN;BOUNDARY-TESTS,1;8;40;41;46;54;55;58,designed; implementation evidence pending
REQ-86-005,architecture,architecture governance,CTRL-ARCH,design contracts; no runtime table,DesignReview,T-DESIGN,AUTHZ;TENANT;PURPOSE;AUDIT;SUPPLY-CHAIN;BOUNDARY-TESTS,1;8;40;41;46;54;55;58,designed; implementation evidence pending
REQ-86-006,architecture,architecture governance,CTRL-ARCH,design contracts; no runtime table,DesignReview,T-DESIGN,AUTHZ;TENANT;PURPOSE;AUDIT;SUPPLY-CHAIN;BOUNDARY-TESTS,1;8;40;41;46;54;55;58,designed; implementation evidence pending
REQ-86-007,architecture,architecture governance,CTRL-ARCH,design contracts; no runtime table,DesignReview,T-DESIGN,AUTHZ;TENANT;PURPOSE;AUDIT;SUPPLY-CHAIN;BOUNDARY-TESTS,1;8;40;41;46;54;55;58,designed; implementation evidence pending
REQ-86-008,architecture,architecture governance,CTRL-ARCH,design contracts; no runtime table,DesignReview,T-DESIGN,AUTHZ;TENANT;PURPOSE;AUDIT;SUPPLY-CHAIN;BOUNDARY-TESTS,1;8;40;41;46;54;55;58,designed; implementation evidence pending
REQ-86-009,architecture,architecture governance,CTRL-ARCH,design contracts; no runtime table,DesignReview,T-DESIGN,AUTHZ;TENANT;PURPOSE;AUDIT;SUPPLY-CHAIN;BOUNDARY-TESTS,1;8;40;41;46;54;55;58,designed; implementation evidence pending
REQ-86-010,architecture,architecture governance,CTRL-ARCH,design contracts; no runtime table,DesignReview,T-DESIGN,AUTHZ;TENANT;PURPOSE;AUDIT;SUPPLY-CHAIN;BOUNDARY-TESTS,1;8;40;41;46;54;55;58,designed; implementation evidence pending
REQ-86-011,architecture,architecture governance,CTRL-ARCH,design contracts; no runtime table,DesignReview,T-DESIGN,AUTHZ;TENANT;PURPOSE;AUDIT;SUPPLY-CHAIN;BOUNDARY-TESTS,1;8;40;41;46;54;55;58,designed; implementation evidence pending
REQ-86-012,architecture,architecture governance,CTRL-ARCH,design contracts; no runtime table,DesignReview,T-DESIGN,AUTHZ;TENANT;PURPOSE;AUDIT;SUPPLY-CHAIN;BOUNDARY-TESTS,1;8;40;41;46;54;55;58,designed; implementation evidence pending
REQ-86-013,architecture,architecture governance,CTRL-ARCH,design contracts; no runtime table,DesignReview,T-DESIGN,AUTHZ;TENANT;PURPOSE;AUDIT;SUPPLY-CHAIN;BOUNDARY-TESTS,1;8;40;41;46;54;55;58,designed; implementation evidence pending
REQ-86-014,architecture,architecture governance,CTRL-ARCH,design contracts; no runtime table,DesignReview,T-DESIGN,AUTHZ;TENANT;PURPOSE;AUDIT;SUPPLY-CHAIN;BOUNDARY-TESTS,1;8;40;41;46;54;55;58,designed; implementation evidence pending
REQ-86-015,architecture,architecture governance,CTRL-ARCH,design contracts; no runtime table,DesignReview,T-DESIGN,AUTHZ;TENANT;PURPOSE;AUDIT;SUPPLY-CHAIN;BOUNDARY-TESTS,1;8;40;41;46;54;55;58,designed; implementation evidence pending
REQ-86-016,architecture,architecture governance,CTRL-ARCH,design contracts; no runtime table,DesignReview,T-DESIGN,AUTHZ;TENANT;PURPOSE;AUDIT;SUPPLY-CHAIN;BOUNDARY-TESTS,1;8;40;41;46;54;55;58,designed; implementation evidence pending
REQ-86-017,architecture,architecture governance,CTRL-ARCH,design contracts; no runtime table,DesignReview,T-DESIGN,AUTHZ;TENANT;PURPOSE;AUDIT;SUPPLY-CHAIN;BOUNDARY-TESTS,1;8;40;41;46;54;55;58,designed; implementation evidence pending
REQ-86-018,architecture,architecture governance,CTRL-ARCH,design contracts; no runtime table,DesignReview,T-DESIGN,AUTHZ;TENANT;PURPOSE;AUDIT;SUPPLY-CHAIN;BOUNDARY-TESTS,1;8;40;41;46;54;55;58,designed; implementation evidence pending
REQ-87-001,architecture,architecture governance,CTRL-ARCH,design contracts; no runtime table,DesignReview,T-DESIGN,AUTHZ;TENANT;PURPOSE;AUDIT;SUPPLY-CHAIN;BOUNDARY-TESTS,1;8;40;41;46;54;55;58,designed; implementation evidence pending
REQ-87-002,architecture,architecture governance,CTRL-ARCH,design contracts; no runtime table,DesignReview,T-DESIGN,AUTHZ;TENANT;PURPOSE;AUDIT;SUPPLY-CHAIN;BOUNDARY-TESTS,1;8;40;41;46;54;55;58,designed; implementation evidence pending
REQ-87-003,architecture,architecture governance,CTRL-ARCH,design contracts; no runtime table,DesignReview,T-DESIGN,AUTHZ;TENANT;PURPOSE;AUDIT;SUPPLY-CHAIN;BOUNDARY-TESTS,1;8;40;41;46;54;55;58,designed; implementation evidence pending
REQ-87-004,architecture,architecture governance,CTRL-ARCH,design contracts; no runtime table,DesignReview,T-DESIGN,AUTHZ;TENANT;PURPOSE;AUDIT;SUPPLY-CHAIN;BOUNDARY-TESTS,1;8;40;41;46;54;55;58,designed; implementation evidence pending
REQ-87-005,architecture,architecture governance,CTRL-ARCH,design contracts; no runtime table,DesignReview,T-DESIGN,AUTHZ;TENANT;PURPOSE;AUDIT;SUPPLY-CHAIN;BOUNDARY-TESTS,1;8;40;41;46;54;55;58,designed; implementation evidence pending
REQ-87-006,architecture,architecture governance,CTRL-ARCH,design contracts; no runtime table,DesignReview,T-DESIGN,AUTHZ;TENANT;PURPOSE;AUDIT;SUPPLY-CHAIN;BOUNDARY-TESTS,1;8;40;41;46;54;55;58,designed; implementation evidence pending
REQ-87-007,architecture,architecture governance,CTRL-ARCH,design contracts; no runtime table,DesignReview,T-DESIGN,AUTHZ;TENANT;PURPOSE;AUDIT;SUPPLY-CHAIN;BOUNDARY-TESTS,1;8;40;41;46;54;55;58,designed; implementation evidence pending
REQ-87-008,architecture,architecture governance,CTRL-ARCH,design contracts; no runtime table,DesignReview,T-DESIGN,AUTHZ;TENANT;PURPOSE;AUDIT;SUPPLY-CHAIN;BOUNDARY-TESTS,1;8;40;41;46;54;55;58,designed; implementation evidence pending
REQ-87-009,architecture,architecture governance,CTRL-ARCH,design contracts; no runtime table,DesignReview,T-DESIGN,AUTHZ;TENANT;PURPOSE;AUDIT;SUPPLY-CHAIN;BOUNDARY-TESTS,1;8;40;41;46;54;55;58,designed; implementation evidence pending
REQ-87-010,architecture,architecture governance,CTRL-ARCH,design contracts; no runtime table,DesignReview,T-DESIGN,AUTHZ;TENANT;PURPOSE;AUDIT;SUPPLY-CHAIN;BOUNDARY-TESTS,1;8;40;41;46;54;55;58,designed; implementation evidence pending
REQ-87-011,architecture,architecture governance,CTRL-ARCH,design contracts; no runtime table,DesignReview,T-DESIGN,AUTHZ;TENANT;PURPOSE;AUDIT;SUPPLY-CHAIN;BOUNDARY-TESTS,1;8;40;41;46;54;55;58,designed; implementation evidence pending
REQ-87-012,architecture,architecture governance,CTRL-ARCH,design contracts; no runtime table,DesignReview,T-DESIGN,AUTHZ;TENANT;PURPOSE;AUDIT;SUPPLY-CHAIN;BOUNDARY-TESTS,1;8;40;41;46;54;55;58,designed; implementation evidence pending
REQ-87-013,architecture,architecture governance,CTRL-ARCH,design contracts; no runtime table,DesignReview,T-DESIGN,AUTHZ;TENANT;PURPOSE;AUDIT;SUPPLY-CHAIN;BOUNDARY-TESTS,1;8;40;41;46;54;55;58,designed; implementation evidence pending
REQ-87-014,architecture,architecture governance,CTRL-ARCH,design contracts; no runtime table,DesignReview,T-DESIGN,AUTHZ;TENANT;PURPOSE;AUDIT;SUPPLY-CHAIN;BOUNDARY-TESTS,1;8;40;41;46;54;55;58,designed; implementation evidence pending
REQ-87-015,architecture,architecture governance,CTRL-ARCH,design contracts; no runtime table,DesignReview,T-DESIGN,AUTHZ;TENANT;PURPOSE;AUDIT;SUPPLY-CHAIN;BOUNDARY-TESTS,1;8;40;41;46;54;55;58,designed; implementation evidence pending
REQ-87-016,architecture,architecture governance,CTRL-ARCH,design contracts; no runtime table,DesignReview,T-DESIGN,AUTHZ;TENANT;PURPOSE;AUDIT;SUPPLY-CHAIN;BOUNDARY-TESTS,1;8;40;41;46;54;55;58,designed; implementation evidence pending
REQ-87-017,architecture,architecture governance,CTRL-ARCH,design contracts; no runtime table,DesignReview,T-DESIGN,AUTHZ;TENANT;PURPOSE;AUDIT;SUPPLY-CHAIN;BOUNDARY-TESTS,1;8;40;41;46;54;55;58,designed; implementation evidence pending
REQ-87-018,architecture,architecture governance,CTRL-ARCH,design contracts; no runtime table,DesignReview,T-DESIGN,AUTHZ;TENANT;PURPOSE;AUDIT;SUPPLY-CHAIN;BOUNDARY-TESTS,1;8;40;41;46;54;55;58,designed; implementation evidence pending
REQ-87-019,architecture,architecture governance,CTRL-ARCH,design contracts; no runtime table,DesignReview,T-DESIGN,AUTHZ;TENANT;PURPOSE;AUDIT;SUPPLY-CHAIN;BOUNDARY-TESTS,1;8;40;41;46;54;55;58,designed; implementation evidence pending
REQ-87-020,architecture,architecture governance,CTRL-ARCH,design contracts; no runtime table,DesignReview,T-DESIGN,AUTHZ;TENANT;PURPOSE;AUDIT;SUPPLY-CHAIN;BOUNDARY-TESTS,1;8;40;41;46;54;55;58,designed; implementation evidence pending
REQ-87-021,architecture,architecture governance,CTRL-ARCH,design contracts; no runtime table,DesignReview,T-DESIGN,AUTHZ;TENANT;PURPOSE;AUDIT;SUPPLY-CHAIN;BOUNDARY-TESTS,1;8;40;41;46;54;55;58,designed; implementation evidence pending
REQ-87-022,architecture,architecture governance,CTRL-ARCH,design contracts; no runtime table,DesignReview,T-DESIGN,AUTHZ;TENANT;PURPOSE;AUDIT;SUPPLY-CHAIN;BOUNDARY-TESTS,1;8;40;41;46;54;55;58,designed; implementation evidence pending
REQ-87-023,architecture,architecture governance,CTRL-ARCH,design contracts; no runtime table,DesignReview,T-DESIGN,AUTHZ;TENANT;PURPOSE;AUDIT;SUPPLY-CHAIN;BOUNDARY-TESTS,1;8;40;41;46;54;55;58,designed; implementation evidence pending
REQ-87-024,architecture,architecture governance,CTRL-ARCH,design contracts; no runtime table,DesignReview,T-DESIGN,AUTHZ;TENANT;PURPOSE;AUDIT;SUPPLY-CHAIN;BOUNDARY-TESTS,1;8;40;41;46;54;55;58,designed; implementation evidence pending
REQ-87-025,architecture,architecture governance,CTRL-ARCH,design contracts; no runtime table,DesignReview,T-DESIGN,AUTHZ;TENANT;PURPOSE;AUDIT;SUPPLY-CHAIN;BOUNDARY-TESTS,1;8;40;41;46;54;55;58,designed; implementation evidence pending
REQ-87-026,architecture,architecture governance,CTRL-ARCH,design contracts; no runtime table,DesignReview,T-DESIGN,AUTHZ;TENANT;PURPOSE;AUDIT;SUPPLY-CHAIN;BOUNDARY-TESTS,1;8;40;41;46;54;55;58,designed; implementation evidence pending
REQ-87-027,architecture,architecture governance,CTRL-ARCH,design contracts; no runtime table,DesignReview,T-DESIGN,AUTHZ;TENANT;PURPOSE;AUDIT;SUPPLY-CHAIN;BOUNDARY-TESTS,1;8;40;41;46;54;55;58,designed; implementation evidence pending
REQ-87-028,architecture,architecture governance,CTRL-ARCH,design contracts; no runtime table,DesignReview,T-DESIGN,AUTHZ;TENANT;PURPOSE;AUDIT;SUPPLY-CHAIN;BOUNDARY-TESTS,1;8;40;41;46;54;55;58,designed; implementation evidence pending
REQ-87-029,architecture,architecture governance,CTRL-ARCH,design contracts; no runtime table,DesignReview,T-DESIGN,AUTHZ;TENANT;PURPOSE;AUDIT;SUPPLY-CHAIN;BOUNDARY-TESTS,1;8;40;41;46;54;55;58,designed; implementation evidence pending
REQ-87-030,architecture,architecture governance,CTRL-ARCH,design contracts; no runtime table,DesignReview,T-DESIGN,AUTHZ;TENANT;PURPOSE;AUDIT;SUPPLY-CHAIN;BOUNDARY-TESTS,1;8;40;41;46;54;55;58,designed; implementation evidence pending
REQ-87-031,architecture,architecture governance,CTRL-ARCH,design contracts; no runtime table,DesignReview,T-DESIGN,AUTHZ;TENANT;PURPOSE;AUDIT;SUPPLY-CHAIN;BOUNDARY-TESTS,1;8;40;41;46;54;55;58,designed; implementation evidence pending
REQ-87-032,architecture,architecture governance,CTRL-ARCH,design contracts; no runtime table,DesignReview,T-DESIGN,AUTHZ;TENANT;PURPOSE;AUDIT;SUPPLY-CHAIN;BOUNDARY-TESTS,1;8;40;41;46;54;55;58,designed; implementation evidence pending
REQ-87-033,architecture,architecture governance,CTRL-ARCH,design contracts; no runtime table,DesignReview,T-DESIGN,AUTHZ;TENANT;PURPOSE;AUDIT;SUPPLY-CHAIN;BOUNDARY-TESTS,1;8;40;41;46;54;55;58,designed; implementation evidence pending
REQ-87-034,architecture,architecture governance,CTRL-ARCH,design contracts; no runtime table,DesignReview,T-DESIGN,AUTHZ;TENANT;PURPOSE;AUDIT;SUPPLY-CHAIN;BOUNDARY-TESTS,1;8;40;41;46;54;55;58,designed; implementation evidence pending
REQ-87-035,architecture,architecture governance,CTRL-ARCH,design contracts; no runtime table,DesignReview,T-DESIGN,AUTHZ;TENANT;PURPOSE;AUDIT;SUPPLY-CHAIN;BOUNDARY-TESTS,1;8;40;41;46;54;55;58,designed; implementation evidence pending
REQ-87-036,architecture,architecture governance,CTRL-ARCH,design contracts; no runtime table,DesignReview,T-DESIGN,AUTHZ;TENANT;PURPOSE;AUDIT;SUPPLY-CHAIN;BOUNDARY-TESTS,1;8;40;41;46;54;55;58,designed; implementation evidence pending
REQ-87-037,architecture,architecture governance,CTRL-ARCH,design contracts; no runtime table,DesignReview,T-DESIGN,AUTHZ;TENANT;PURPOSE;AUDIT;SUPPLY-CHAIN;BOUNDARY-TESTS,1;8;40;41;46;54;55;58,designed; implementation evidence pending
REQ-87-038,architecture,architecture governance,CTRL-ARCH,design contracts; no runtime table,DesignReview,T-DESIGN,AUTHZ;TENANT;PURPOSE;AUDIT;SUPPLY-CHAIN;BOUNDARY-TESTS,1;8;40;41;46;54;55;58,designed; implementation evidence pending
REQ-87-039,architecture,architecture governance,CTRL-ARCH,design contracts; no runtime table,DesignReview,T-DESIGN,AUTHZ;TENANT;PURPOSE;AUDIT;SUPPLY-CHAIN;BOUNDARY-TESTS,1;8;40;41;46;54;55;58,designed; implementation evidence pending
REQ-87-040,architecture,architecture governance,CTRL-ARCH,design contracts; no runtime table,DesignReview,T-DESIGN,AUTHZ;TENANT;PURPOSE;AUDIT;SUPPLY-CHAIN;BOUNDARY-TESTS,1;8;40;41;46;54;55;58,designed; implementation evidence pending
REQ-87-041,architecture,architecture governance,CTRL-ARCH,design contracts; no runtime table,DesignReview,T-DESIGN,AUTHZ;TENANT;PURPOSE;AUDIT;SUPPLY-CHAIN;BOUNDARY-TESTS,1;8;40;41;46;54;55;58,designed; implementation evidence pending
REQ-87-042,architecture,architecture governance,CTRL-ARCH,design contracts; no runtime table,DesignReview,T-DESIGN,AUTHZ;TENANT;PURPOSE;AUDIT;SUPPLY-CHAIN;BOUNDARY-TESTS,1;8;40;41;46;54;55;58,designed; implementation evidence pending
REQ-87-043,architecture,architecture governance,CTRL-ARCH,design contracts; no runtime table,DesignReview,T-DESIGN,AUTHZ;TENANT;PURPOSE;AUDIT;SUPPLY-CHAIN;BOUNDARY-TESTS,1;8;40;41;46;54;55;58,designed; implementation evidence pending
REQ-87-044,architecture,architecture governance,CTRL-ARCH,design contracts; no runtime table,DesignReview,T-DESIGN,AUTHZ;TENANT;PURPOSE;AUDIT;SUPPLY-CHAIN;BOUNDARY-TESTS,1;8;40;41;46;54;55;58,designed; implementation evidence pending
REQ-87-045,architecture,architecture governance,CTRL-ARCH,design contracts; no runtime table,DesignReview,T-DESIGN,AUTHZ;TENANT;PURPOSE;AUDIT;SUPPLY-CHAIN;BOUNDARY-TESTS,1;8;40;41;46;54;55;58,designed; implementation evidence pending
REQ-87-046,architecture,architecture governance,CTRL-ARCH,design contracts; no runtime table,DesignReview,T-DESIGN,AUTHZ;TENANT;PURPOSE;AUDIT;SUPPLY-CHAIN;BOUNDARY-TESTS,1;8;40;41;46;54;55;58,designed; implementation evidence pending
REQ-87-047,architecture,architecture governance,CTRL-ARCH,design contracts; no runtime table,DesignReview,T-DESIGN,AUTHZ;TENANT;PURPOSE;AUDIT;SUPPLY-CHAIN;BOUNDARY-TESTS,1;8;40;41;46;54;55;58,designed; implementation evidence pending
REQ-87-048,architecture,architecture governance,CTRL-ARCH,design contracts; no runtime table,DesignReview,T-DESIGN,AUTHZ;TENANT;PURPOSE;AUDIT;SUPPLY-CHAIN;BOUNDARY-TESTS,1;8;40;41;46;54;55;58,designed; implementation evidence pending
REQ-87-049,architecture,architecture governance,CTRL-ARCH,design contracts; no runtime table,DesignReview,T-DESIGN,AUTHZ;TENANT;PURPOSE;AUDIT;SUPPLY-CHAIN;BOUNDARY-TESTS,1;8;40;41;46;54;55;58,designed; implementation evidence pending
REQ-87-050,architecture,architecture governance,CTRL-ARCH,design contracts; no runtime table,DesignReview,T-DESIGN,AUTHZ;TENANT;PURPOSE;AUDIT;SUPPLY-CHAIN;BOUNDARY-TESTS,1;8;40;41;46;54;55;58,designed; implementation evidence pending
REQ-87-051,architecture,architecture governance,CTRL-ARCH,design contracts; no runtime table,DesignReview,T-DESIGN,AUTHZ;TENANT;PURPOSE;AUDIT;SUPPLY-CHAIN;BOUNDARY-TESTS,1;8;40;41;46;54;55;58,designed; implementation evidence pending
REQ-87-052,architecture,architecture governance,CTRL-ARCH,design contracts; no runtime table,DesignReview,T-DESIGN,AUTHZ;TENANT;PURPOSE;AUDIT;SUPPLY-CHAIN;BOUNDARY-TESTS,1;8;40;41;46;54;55;58,designed; implementation evidence pending
REQ-87-053,architecture,architecture governance,CTRL-ARCH,design contracts; no runtime table,DesignReview,T-DESIGN,AUTHZ;TENANT;PURPOSE;AUDIT;SUPPLY-CHAIN;BOUNDARY-TESTS,1;8;40;41;46;54;55;58,designed; implementation evidence pending
REQ-87-054,architecture,architecture governance,CTRL-ARCH,design contracts; no runtime table,DesignReview,T-DESIGN,AUTHZ;TENANT;PURPOSE;AUDIT;SUPPLY-CHAIN;BOUNDARY-TESTS,1;8;40;41;46;54;55;58,designed; implementation evidence pending
REQ-87-055,architecture,architecture governance,CTRL-ARCH,design contracts; no runtime table,DesignReview,T-DESIGN,AUTHZ;TENANT;PURPOSE;AUDIT;SUPPLY-CHAIN;BOUNDARY-TESTS,1;8;40;41;46;54;55;58,designed; implementation evidence pending
REQ-87-056,architecture,architecture governance,CTRL-ARCH,design contracts; no runtime table,DesignReview,T-DESIGN,AUTHZ;TENANT;PURPOSE;AUDIT;SUPPLY-CHAIN;BOUNDARY-TESTS,1;8;40;41;46;54;55;58,designed; implementation evidence pending
REQ-87-057,architecture,architecture governance,CTRL-ARCH,design contracts; no runtime table,DesignReview,T-DESIGN,AUTHZ;TENANT;PURPOSE;AUDIT;SUPPLY-CHAIN;BOUNDARY-TESTS,1;8;40;41;46;54;55;58,designed; implementation evidence pending
REQ-87-058,architecture,architecture governance,CTRL-ARCH,design contracts; no runtime table,DesignReview,T-DESIGN,AUTHZ;TENANT;PURPOSE;AUDIT;SUPPLY-CHAIN;BOUNDARY-TESTS,1;8;40;41;46;54;55;58,designed; implementation evidence pending
REQ-88-001,architecture,architecture governance,CTRL-ARCH,design contracts; no runtime table,DesignReview,T-DESIGN,AUTHZ;TENANT;PURPOSE;AUDIT;SUPPLY-CHAIN;BOUNDARY-TESTS,1;8;40;41;46;54;55;58,designed; implementation evidence pending
REQ-88-002,architecture,architecture governance,CTRL-ARCH,design contracts; no runtime table,DesignReview,T-DESIGN,AUTHZ;TENANT;PURPOSE;AUDIT;SUPPLY-CHAIN;BOUNDARY-TESTS,1;8;40;41;46;54;55;58,designed; implementation evidence pending
REQ-88-003,architecture,architecture governance,CTRL-ARCH,design contracts; no runtime table,DesignReview,T-DESIGN,AUTHZ;TENANT;PURPOSE;AUDIT;SUPPLY-CHAIN;BOUNDARY-TESTS,1;8;40;41;46;54;55;58,designed; implementation evidence pending
REQ-88-004,architecture,architecture governance,CTRL-ARCH,design contracts; no runtime table,DesignReview,T-DESIGN,AUTHZ;TENANT;PURPOSE;AUDIT;SUPPLY-CHAIN;BOUNDARY-TESTS,1;8;40;41;46;54;55;58,designed; implementation evidence pending
REQ-88-005,architecture,architecture governance,CTRL-ARCH,design contracts; no runtime table,DesignReview,T-DESIGN,AUTHZ;TENANT;PURPOSE;AUDIT;SUPPLY-CHAIN;BOUNDARY-TESTS,1;8;40;41;46;54;55;58,designed; implementation evidence pending
REQ-88-006,architecture,architecture governance,CTRL-ARCH,design contracts; no runtime table,DesignReview,T-DESIGN,AUTHZ;TENANT;PURPOSE;AUDIT;SUPPLY-CHAIN;BOUNDARY-TESTS,1;8;40;41;46;54;55;58,designed; implementation evidence pending
REQ-88-007,architecture,architecture governance,CTRL-ARCH,design contracts; no runtime table,DesignReview,T-DESIGN,AUTHZ;TENANT;PURPOSE;AUDIT;SUPPLY-CHAIN;BOUNDARY-TESTS,1;8;40;41;46;54;55;58,designed; implementation evidence pending
REQ-88-008,architecture,architecture governance,CTRL-ARCH,design contracts; no runtime table,DesignReview,T-DESIGN,AUTHZ;TENANT;PURPOSE;AUDIT;SUPPLY-CHAIN;BOUNDARY-TESTS,1;8;40;41;46;54;55;58,designed; implementation evidence pending
REQ-88-009,architecture,architecture governance,CTRL-ARCH,design contracts; no runtime table,DesignReview,T-DESIGN,AUTHZ;TENANT;PURPOSE;AUDIT;SUPPLY-CHAIN;BOUNDARY-TESTS,1;8;40;41;46;54;55;58,designed; implementation evidence pending
REQ-88-010,architecture,architecture governance,CTRL-ARCH,design contracts; no runtime table,DesignReview,T-DESIGN,AUTHZ;TENANT;PURPOSE;AUDIT;SUPPLY-CHAIN;BOUNDARY-TESTS,1;8;40;41;46;54;55;58,designed; implementation evidence pending
REQ-88-011,architecture,architecture governance,CTRL-ARCH,design contracts; no runtime table,DesignReview,T-DESIGN,AUTHZ;TENANT;PURPOSE;AUDIT;SUPPLY-CHAIN;BOUNDARY-TESTS,1;8;40;41;46;54;55;58,designed; implementation evidence pending
REQ-88-012,architecture,architecture governance,CTRL-ARCH,design contracts; no runtime table,DesignReview,T-DESIGN,AUTHZ;TENANT;PURPOSE;AUDIT;SUPPLY-CHAIN;BOUNDARY-TESTS,1;8;40;41;46;54;55;58,designed; implementation evidence pending
REQ-88-013,architecture,architecture governance,CTRL-ARCH,design contracts; no runtime table,DesignReview,T-DESIGN,AUTHZ;TENANT;PURPOSE;AUDIT;SUPPLY-CHAIN;BOUNDARY-TESTS,1;8;40;41;46;54;55;58,designed; implementation evidence pending
REQ-88-014,architecture,architecture governance,CTRL-ARCH,design contracts; no runtime table,DesignReview,T-DESIGN,AUTHZ;TENANT;PURPOSE;AUDIT;SUPPLY-CHAIN;BOUNDARY-TESTS,1;8;40;41;46;54;55;58,designed; implementation evidence pending
REQ-88-015,architecture,architecture governance,CTRL-ARCH,design contracts; no runtime table,DesignReview,T-DESIGN,AUTHZ;TENANT;PURPOSE;AUDIT;SUPPLY-CHAIN;BOUNDARY-TESTS,1;8;40;41;46;54;55;58,designed; implementation evidence pending
REQ-88-016,architecture,architecture governance,CTRL-ARCH,design contracts; no runtime table,DesignReview,T-DESIGN,AUTHZ;TENANT;PURPOSE;AUDIT;SUPPLY-CHAIN;BOUNDARY-TESTS,1;8;40;41;46;54;55;58,designed; implementation evidence pending
REQ-88-017,architecture,architecture governance,CTRL-ARCH,design contracts; no runtime table,DesignReview,T-DESIGN,AUTHZ;TENANT;PURPOSE;AUDIT;SUPPLY-CHAIN;BOUNDARY-TESTS,1;8;40;41;46;54;55;58,designed; implementation evidence pending
REQ-88-018,architecture,architecture governance,CTRL-ARCH,design contracts; no runtime table,DesignReview,T-DESIGN,AUTHZ;TENANT;PURPOSE;AUDIT;SUPPLY-CHAIN;BOUNDARY-TESTS,1;8;40;41;46;54;55;58,designed; implementation evidence pending
REQ-88-019,architecture,architecture governance,CTRL-ARCH,design contracts; no runtime table,DesignReview,T-DESIGN,AUTHZ;TENANT;PURPOSE;AUDIT;SUPPLY-CHAIN;BOUNDARY-TESTS,1;8;40;41;46;54;55;58,designed; implementation evidence pending
REQ-88-020,architecture,architecture governance,CTRL-ARCH,design contracts; no runtime table,DesignReview,T-DESIGN,AUTHZ;TENANT;PURPOSE;AUDIT;SUPPLY-CHAIN;BOUNDARY-TESTS,1;8;40;41;46;54;55;58,designed; implementation evidence pending
REQ-88-021,architecture,architecture governance,CTRL-ARCH,design contracts; no runtime table,DesignReview,T-DESIGN,AUTHZ;TENANT;PURPOSE;AUDIT;SUPPLY-CHAIN;BOUNDARY-TESTS,1;8;40;41;46;54;55;58,designed; implementation evidence pending
REQ-88-022,architecture,architecture governance,CTRL-ARCH,design contracts; no runtime table,DesignReview,T-DESIGN,AUTHZ;TENANT;PURPOSE;AUDIT;SUPPLY-CHAIN;BOUNDARY-TESTS,1;8;40;41;46;54;55;58,designed; implementation evidence pending
REQ-88-023,architecture,architecture governance,CTRL-ARCH,design contracts; no runtime table,DesignReview,T-DESIGN,AUTHZ;TENANT;PURPOSE;AUDIT;SUPPLY-CHAIN;BOUNDARY-TESTS,1;8;40;41;46;54;55;58,designed; implementation evidence pending
REQ-89-001,architecture,architecture governance,CTRL-ARCH,design contracts; no runtime table,DesignReview,T-DESIGN,AUTHZ;TENANT;PURPOSE;AUDIT;SUPPLY-CHAIN;BOUNDARY-TESTS,1;8;40;41;46;54;55;58,designed; implementation evidence pending
REQ-89-002,architecture,architecture governance,CTRL-ARCH,design contracts; no runtime table,DesignReview,T-DESIGN,AUTHZ;TENANT;PURPOSE;AUDIT;SUPPLY-CHAIN;BOUNDARY-TESTS,1;8;40;41;46;54;55;58,designed; implementation evidence pending
REQ-89-003,architecture,architecture governance,CTRL-ARCH,design contracts; no runtime table,DesignReview,T-DESIGN,AUTHZ;TENANT;PURPOSE;AUDIT;SUPPLY-CHAIN;BOUNDARY-TESTS,1;8;40;41;46;54;55;58,designed; implementation evidence pending
REQ-89-004,architecture,architecture governance,CTRL-ARCH,design contracts; no runtime table,DesignReview,T-DESIGN,AUTHZ;TENANT;PURPOSE;AUDIT;SUPPLY-CHAIN;BOUNDARY-TESTS,1;8;40;41;46;54;55;58,designed; implementation evidence pending
REQ-89-005,architecture,architecture governance,CTRL-ARCH,design contracts; no runtime table,DesignReview,T-DESIGN,AUTHZ;TENANT;PURPOSE;AUDIT;SUPPLY-CHAIN;BOUNDARY-TESTS,1;8;40;41;46;54;55;58,designed; implementation evidence pending
REQ-89-006,architecture,architecture governance,CTRL-ARCH,design contracts; no runtime table,DesignReview,T-DESIGN,AUTHZ;TENANT;PURPOSE;AUDIT;SUPPLY-CHAIN;BOUNDARY-TESTS,1;8;40;41;46;54;55;58,designed; implementation evidence pending
REQ-89-007,architecture,architecture governance,CTRL-ARCH,design contracts; no runtime table,DesignReview,T-DESIGN,AUTHZ;TENANT;PURPOSE;AUDIT;SUPPLY-CHAIN;BOUNDARY-TESTS,1;8;40;41;46;54;55;58,designed; implementation evidence pending
REQ-89-008,architecture,architecture governance,CTRL-ARCH,design contracts; no runtime table,DesignReview,T-DESIGN,AUTHZ;TENANT;PURPOSE;AUDIT;SUPPLY-CHAIN;BOUNDARY-TESTS,1;8;40;41;46;54;55;58,designed; implementation evidence pending
REQ-89-009,architecture,architecture governance,CTRL-ARCH,design contracts; no runtime table,DesignReview,T-DESIGN,AUTHZ;TENANT;PURPOSE;AUDIT;SUPPLY-CHAIN;BOUNDARY-TESTS,1;8;40;41;46;54;55;58,designed; implementation evidence pending
REQ-89-010,architecture,architecture governance,CTRL-ARCH,design contracts; no runtime table,DesignReview,T-DESIGN,AUTHZ;TENANT;PURPOSE;AUDIT;SUPPLY-CHAIN;BOUNDARY-TESTS,1;8;40;41;46;54;55;58,designed; implementation evidence pending
REQ-89-011,architecture,architecture governance,CTRL-ARCH,design contracts; no runtime table,DesignReview,T-DESIGN,AUTHZ;TENANT;PURPOSE;AUDIT;SUPPLY-CHAIN;BOUNDARY-TESTS,1;8;40;41;46;54;55;58,designed; implementation evidence pending
REQ-90-001,architecture,architecture governance,CTRL-ARCH,design contracts; no runtime table,DesignReview,T-DESIGN,AUTHZ;TENANT;PURPOSE;AUDIT;SUPPLY-CHAIN;BOUNDARY-TESTS,1;8;40;41;46;54;55;58,designed; implementation evidence pending
REQ-90-002,architecture,architecture governance,CTRL-ARCH,design contracts; no runtime table,DesignReview,T-DESIGN,AUTHZ;TENANT;PURPOSE;AUDIT;SUPPLY-CHAIN;BOUNDARY-TESTS,1;8;40;41;46;54;55;58,designed; implementation evidence pending
REQ-90-003,architecture,architecture governance,CTRL-ARCH,design contracts; no runtime table,DesignReview,T-DESIGN,AUTHZ;TENANT;PURPOSE;AUDIT;SUPPLY-CHAIN;BOUNDARY-TESTS,1;8;40;41;46;54;55;58,designed; implementation evidence pending
REQ-90-004,architecture,architecture governance,CTRL-ARCH,design contracts; no runtime table,DesignReview,T-DESIGN,AUTHZ;TENANT;PURPOSE;AUDIT;SUPPLY-CHAIN;BOUNDARY-TESTS,1;8;40;41;46;54;55;58,designed; implementation evidence pending
REQ-90-005,architecture,architecture governance,CTRL-ARCH,design contracts; no runtime table,DesignReview,T-DESIGN,AUTHZ;TENANT;PURPOSE;AUDIT;SUPPLY-CHAIN;BOUNDARY-TESTS,1;8;40;41;46;54;55;58,designed; implementation evidence pending
REQ-90-006,architecture,architecture governance,CTRL-ARCH,design contracts; no runtime table,DesignReview,T-DESIGN,AUTHZ;TENANT;PURPOSE;AUDIT;SUPPLY-CHAIN;BOUNDARY-TESTS,1;8;40;41;46;54;55;58,designed; implementation evidence pending
REQ-90-007,architecture,architecture governance,CTRL-ARCH,design contracts; no runtime table,DesignReview,T-DESIGN,AUTHZ;TENANT;PURPOSE;AUDIT;SUPPLY-CHAIN;BOUNDARY-TESTS,1;8;40;41;46;54;55;58,designed; implementation evidence pending
REQ-90-008,architecture,architecture governance,CTRL-ARCH,design contracts; no runtime table,DesignReview,T-DESIGN,AUTHZ;TENANT;PURPOSE;AUDIT;SUPPLY-CHAIN;BOUNDARY-TESTS,1;8;40;41;46;54;55;58,designed; implementation evidence pending
REQ-90-009,architecture,architecture governance,CTRL-ARCH,design contracts; no runtime table,DesignReview,T-DESIGN,AUTHZ;TENANT;PURPOSE;AUDIT;SUPPLY-CHAIN;BOUNDARY-TESTS,1;8;40;41;46;54;55;58,designed; implementation evidence pending
REQ-90-010,architecture,architecture governance,CTRL-ARCH,design contracts; no runtime table,DesignReview,T-DESIGN,AUTHZ;TENANT;PURPOSE;AUDIT;SUPPLY-CHAIN;BOUNDARY-TESTS,1;8;40;41;46;54;55;58,designed; implementation evidence pending
REQ-90-011,architecture,architecture governance,CTRL-ARCH,design contracts; no runtime table,DesignReview,T-DESIGN,AUTHZ;TENANT;PURPOSE;AUDIT;SUPPLY-CHAIN;BOUNDARY-TESTS,1;8;40;41;46;54;55;58,designed; implementation evidence pending
REQ-90-012,architecture,architecture governance,CTRL-ARCH,design contracts; no runtime table,DesignReview,T-DESIGN,AUTHZ;TENANT;PURPOSE;AUDIT;SUPPLY-CHAIN;BOUNDARY-TESTS,1;8;40;41;46;54;55;58,designed; implementation evidence pending
REQ-90-013,architecture,architecture governance,CTRL-ARCH,design contracts; no runtime table,DesignReview,T-DESIGN,AUTHZ;TENANT;PURPOSE;AUDIT;SUPPLY-CHAIN;BOUNDARY-TESTS,1;8;40;41;46;54;55;58,designed; implementation evidence pending
REQ-90-014,architecture,architecture governance,CTRL-ARCH,design contracts; no runtime table,DesignReview,T-DESIGN,AUTHZ;TENANT;PURPOSE;AUDIT;SUPPLY-CHAIN;BOUNDARY-TESTS,1;8;40;41;46;54;55;58,designed; implementation evidence pending
REQ-90-015,architecture,architecture governance,CTRL-ARCH,design contracts; no runtime table,DesignReview,T-DESIGN,AUTHZ;TENANT;PURPOSE;AUDIT;SUPPLY-CHAIN;BOUNDARY-TESTS,1;8;40;41;46;54;55;58,designed; implementation evidence pending
REQ-90-016,architecture,architecture governance,CTRL-ARCH,design contracts; no runtime table,DesignReview,T-DESIGN,AUTHZ;TENANT;PURPOSE;AUDIT;SUPPLY-CHAIN;BOUNDARY-TESTS,1;8;40;41;46;54;55;58,designed; implementation evidence pending
REQ-90-017,architecture,architecture governance,CTRL-ARCH,design contracts; no runtime table,DesignReview,T-DESIGN,AUTHZ;TENANT;PURPOSE;AUDIT;SUPPLY-CHAIN;BOUNDARY-TESTS,1;8;40;41;46;54;55;58,designed; implementation evidence pending
REQ-90-018,architecture,architecture governance,CTRL-ARCH,design contracts; no runtime table,DesignReview,T-DESIGN,AUTHZ;TENANT;PURPOSE;AUDIT;SUPPLY-CHAIN;BOUNDARY-TESTS,1;8;40;41;46;54;55;58,designed; implementation evidence pending
REQ-90-019,architecture,architecture governance,CTRL-ARCH,design contracts; no runtime table,DesignReview,T-DESIGN,AUTHZ;TENANT;PURPOSE;AUDIT;SUPPLY-CHAIN;BOUNDARY-TESTS,1;8;40;41;46;54;55;58,designed; implementation evidence pending
REQ-90-020,architecture,architecture governance,CTRL-ARCH,design contracts; no runtime table,DesignReview,T-DESIGN,AUTHZ;TENANT;PURPOSE;AUDIT;SUPPLY-CHAIN;BOUNDARY-TESTS,1;8;40;41;46;54;55;58,designed; implementation evidence pending
REQ-90-021,architecture,architecture governance,CTRL-ARCH,design contracts; no runtime table,DesignReview,T-DESIGN,AUTHZ;TENANT;PURPOSE;AUDIT;SUPPLY-CHAIN;BOUNDARY-TESTS,1;8;40;41;46;54;55;58,designed; implementation evidence pending
REQ-90-022,architecture,architecture governance,CTRL-ARCH,design contracts; no runtime table,DesignReview,T-DESIGN,AUTHZ;TENANT;PURPOSE;AUDIT;SUPPLY-CHAIN;BOUNDARY-TESTS,1;8;40;41;46;54;55;58,designed; implementation evidence pending
REQ-90-023,architecture,architecture governance,CTRL-ARCH,design contracts; no runtime table,DesignReview,T-DESIGN,AUTHZ;TENANT;PURPOSE;AUDIT;SUPPLY-CHAIN;BOUNDARY-TESTS,1;8;40;41;46;54;55;58,designed; implementation evidence pending
REQ-90-024,architecture,architecture governance,CTRL-ARCH,design contracts; no runtime table,DesignReview,T-DESIGN,AUTHZ;TENANT;PURPOSE;AUDIT;SUPPLY-CHAIN;BOUNDARY-TESTS,1;8;40;41;46;54;55;58,designed; implementation evidence pending
REQ-90-025,architecture,architecture governance,CTRL-ARCH,design contracts; no runtime table,DesignReview,T-DESIGN,AUTHZ;TENANT;PURPOSE;AUDIT;SUPPLY-CHAIN;BOUNDARY-TESTS,1;8;40;41;46;54;55;58,designed; implementation evidence pending
REQ-90-026,architecture,architecture governance,CTRL-ARCH,design contracts; no runtime table,DesignReview,T-DESIGN,AUTHZ;TENANT;PURPOSE;AUDIT;SUPPLY-CHAIN;BOUNDARY-TESTS,1;8;40;41;46;54;55;58,designed; implementation evidence pending
REQ-90-027,architecture,architecture governance,CTRL-ARCH,design contracts; no runtime table,DesignReview,T-DESIGN,AUTHZ;TENANT;PURPOSE;AUDIT;SUPPLY-CHAIN;BOUNDARY-TESTS,1;8;40;41;46;54;55;58,designed; implementation evidence pending
REQ-90-028,architecture,architecture governance,CTRL-ARCH,design contracts; no runtime table,DesignReview,T-DESIGN,AUTHZ;TENANT;PURPOSE;AUDIT;SUPPLY-CHAIN;BOUNDARY-TESTS,1;8;40;41;46;54;55;58,designed; implementation evidence pending
REQ-90-029,architecture,architecture governance,CTRL-ARCH,design contracts; no runtime table,DesignReview,T-DESIGN,AUTHZ;TENANT;PURPOSE;AUDIT;SUPPLY-CHAIN;BOUNDARY-TESTS,1;8;40;41;46;54;55;58,designed; implementation evidence pending
REQ-90-030,architecture,architecture governance,CTRL-ARCH,design contracts; no runtime table,DesignReview,T-DESIGN,AUTHZ;TENANT;PURPOSE;AUDIT;SUPPLY-CHAIN;BOUNDARY-TESTS,1;8;40;41;46;54;55;58,designed; implementation evidence pending
REQ-90-031,architecture,architecture governance,CTRL-ARCH,design contracts; no runtime table,DesignReview,T-DESIGN,AUTHZ;TENANT;PURPOSE;AUDIT;SUPPLY-CHAIN;BOUNDARY-TESTS,1;8;40;41;46;54;55;58,designed; implementation evidence pending
REQ-90-032,architecture,architecture governance,CTRL-ARCH,design contracts; no runtime table,DesignReview,T-DESIGN,AUTHZ;TENANT;PURPOSE;AUDIT;SUPPLY-CHAIN;BOUNDARY-TESTS,1;8;40;41;46;54;55;58,designed; implementation evidence pending
REQ-90-033,architecture,architecture governance,CTRL-ARCH,design contracts; no runtime table,DesignReview,T-DESIGN,AUTHZ;TENANT;PURPOSE;AUDIT;SUPPLY-CHAIN;BOUNDARY-TESTS,1;8;40;41;46;54;55;58,designed; implementation evidence pending
REQ-90-034,architecture,architecture governance,CTRL-ARCH,design contracts; no runtime table,DesignReview,T-DESIGN,AUTHZ;TENANT;PURPOSE;AUDIT;SUPPLY-CHAIN;BOUNDARY-TESTS,1;8;40;41;46;54;55;58,designed; implementation evidence pending
REQ-90-035,architecture,architecture governance,CTRL-ARCH,design contracts; no runtime table,DesignReview,T-DESIGN,AUTHZ;TENANT;PURPOSE;AUDIT;SUPPLY-CHAIN;BOUNDARY-TESTS,1;8;40;41;46;54;55;58,designed; implementation evidence pending
REQ-90-036,architecture,architecture governance,CTRL-ARCH,design contracts; no runtime table,DesignReview,T-DESIGN,AUTHZ;TENANT;PURPOSE;AUDIT;SUPPLY-CHAIN;BOUNDARY-TESTS,1;8;40;41;46;54;55;58,designed; implementation evidence pending
REQ-90-037,architecture,architecture governance,CTRL-ARCH,design contracts; no runtime table,DesignReview,T-DESIGN,AUTHZ;TENANT;PURPOSE;AUDIT;SUPPLY-CHAIN;BOUNDARY-TESTS,1;8;40;41;46;54;55;58,designed; implementation evidence pending
REQ-90-038,architecture,architecture governance,CTRL-ARCH,design contracts; no runtime table,DesignReview,T-DESIGN,AUTHZ;TENANT;PURPOSE;AUDIT;SUPPLY-CHAIN;BOUNDARY-TESTS,1;8;40;41;46;54;55;58,designed; implementation evidence pending
REQ-90-039,architecture,architecture governance,CTRL-ARCH,design contracts; no runtime table,DesignReview,T-DESIGN,AUTHZ;TENANT;PURPOSE;AUDIT;SUPPLY-CHAIN;BOUNDARY-TESTS,1;8;40;41;46;54;55;58,designed; implementation evidence pending
REQ-90-040,architecture,architecture governance,CTRL-ARCH,design contracts; no runtime table,DesignReview,T-DESIGN,AUTHZ;TENANT;PURPOSE;AUDIT;SUPPLY-CHAIN;BOUNDARY-TESTS,1;8;40;41;46;54;55;58,designed; implementation evidence pending
REQ-90-041,architecture,architecture governance,CTRL-ARCH,design contracts; no runtime table,DesignReview,T-DESIGN,AUTHZ;TENANT;PURPOSE;AUDIT;SUPPLY-CHAIN;BOUNDARY-TESTS,1;8;40;41;46;54;55;58,designed; implementation evidence pending
REQ-90-042,architecture,architecture governance,CTRL-ARCH,design contracts; no runtime table,DesignReview,T-DESIGN,AUTHZ;TENANT;PURPOSE;AUDIT;SUPPLY-CHAIN;BOUNDARY-TESTS,1;8;40;41;46;54;55;58,designed; implementation evidence pending
REQ-90-043,architecture,architecture governance,CTRL-ARCH,design contracts; no runtime table,DesignReview,T-DESIGN,AUTHZ;TENANT;PURPOSE;AUDIT;SUPPLY-CHAIN;BOUNDARY-TESTS,1;8;40;41;46;54;55;58,designed; implementation evidence pending
REQ-90-044,architecture,architecture governance,CTRL-ARCH,design contracts; no runtime table,DesignReview,T-DESIGN,AUTHZ;TENANT;PURPOSE;AUDIT;SUPPLY-CHAIN;BOUNDARY-TESTS,1;8;40;41;46;54;55;58,designed; implementation evidence pending
REQ-90-045,architecture,architecture governance,CTRL-ARCH,design contracts; no runtime table,DesignReview,T-DESIGN,AUTHZ;TENANT;PURPOSE;AUDIT;SUPPLY-CHAIN;BOUNDARY-TESTS,1;8;40;41;46;54;55;58,designed; implementation evidence pending
REQ-90-046,architecture,architecture governance,CTRL-ARCH,design contracts; no runtime table,DesignReview,T-DESIGN,AUTHZ;TENANT;PURPOSE;AUDIT;SUPPLY-CHAIN;BOUNDARY-TESTS,1;8;40;41;46;54;55;58,designed; implementation evidence pending
REQ-90-047,architecture,architecture governance,CTRL-ARCH,design contracts; no runtime table,DesignReview,T-DESIGN,AUTHZ;TENANT;PURPOSE;AUDIT;SUPPLY-CHAIN;BOUNDARY-TESTS,1;8;40;41;46;54;55;58,designed; implementation evidence pending
REQ-90-048,architecture,architecture governance,CTRL-ARCH,design contracts; no runtime table,DesignReview,T-DESIGN,AUTHZ;TENANT;PURPOSE;AUDIT;SUPPLY-CHAIN;BOUNDARY-TESTS,1;8;40;41;46;54;55;58,designed; implementation evidence pending
REQ-90-049,architecture,architecture governance,CTRL-ARCH,design contracts; no runtime table,DesignReview,T-DESIGN,AUTHZ;TENANT;PURPOSE;AUDIT;SUPPLY-CHAIN;BOUNDARY-TESTS,1;8;40;41;46;54;55;58,designed; implementation evidence pending
REQ-90-050,architecture,architecture governance,CTRL-ARCH,design contracts; no runtime table,DesignReview,T-DESIGN,AUTHZ;TENANT;PURPOSE;AUDIT;SUPPLY-CHAIN;BOUNDARY-TESTS,1;8;40;41;46;54;55;58,designed; implementation evidence pending
REQ-90-051,architecture,architecture governance,CTRL-ARCH,design contracts; no runtime table,DesignReview,T-DESIGN,AUTHZ;TENANT;PURPOSE;AUDIT;SUPPLY-CHAIN;BOUNDARY-TESTS,1;8;40;41;46;54;55;58,designed; implementation evidence pending
REQ-90-052,architecture,architecture governance,CTRL-ARCH,design contracts; no runtime table,DesignReview,T-DESIGN,AUTHZ;TENANT;PURPOSE;AUDIT;SUPPLY-CHAIN;BOUNDARY-TESTS,1;8;40;41;46;54;55;58,designed; implementation evidence pending
REQ-90-053,architecture,architecture governance,CTRL-ARCH,design contracts; no runtime table,DesignReview,T-DESIGN,AUTHZ;TENANT;PURPOSE;AUDIT;SUPPLY-CHAIN;BOUNDARY-TESTS,1;8;40;41;46;54;55;58,designed; implementation evidence pending
REQ-90-054,architecture,architecture governance,CTRL-ARCH,design contracts; no runtime table,DesignReview,T-DESIGN,AUTHZ;TENANT;PURPOSE;AUDIT;SUPPLY-CHAIN;BOUNDARY-TESTS,1;8;40;41;46;54;55;58,designed; implementation evidence pending
REQ-90-055,architecture,architecture governance,CTRL-ARCH,design contracts; no runtime table,DesignReview,T-DESIGN,AUTHZ;TENANT;PURPOSE;AUDIT;SUPPLY-CHAIN;BOUNDARY-TESTS,1;8;40;41;46;54;55;58,designed; implementation evidence pending
REQ-90-056,architecture,architecture governance,CTRL-ARCH,design contracts; no runtime table,DesignReview,T-DESIGN,AUTHZ;TENANT;PURPOSE;AUDIT;SUPPLY-CHAIN;BOUNDARY-TESTS,1;8;40;41;46;54;55;58,designed; implementation evidence pending
REQ-90-057,architecture,architecture governance,CTRL-ARCH,design contracts; no runtime table,DesignReview,T-DESIGN,AUTHZ;TENANT;PURPOSE;AUDIT;SUPPLY-CHAIN;BOUNDARY-TESTS,1;8;40;41;46;54;55;58,designed; implementation evidence pending
REQ-90-058,architecture,architecture governance,CTRL-ARCH,design contracts; no runtime table,DesignReview,T-DESIGN,AUTHZ;TENANT;PURPOSE;AUDIT;SUPPLY-CHAIN;BOUNDARY-TESTS,1;8;40;41;46;54;55;58,designed; implementation evidence pending
REQ-90-059,architecture,architecture governance,CTRL-ARCH,design contracts; no runtime table,DesignReview,T-DESIGN,AUTHZ;TENANT;PURPOSE;AUDIT;SUPPLY-CHAIN;BOUNDARY-TESTS,1;8;40;41;46;54;55;58,designed; implementation evidence pending
REQ-90-060,architecture,architecture governance,CTRL-ARCH,design contracts; no runtime table,DesignReview,T-DESIGN,AUTHZ;TENANT;PURPOSE;AUDIT;SUPPLY-CHAIN;BOUNDARY-TESTS,1;8;40;41;46;54;55;58,designed; implementation evidence pending
REQ-91-001,architecture,architecture governance,CTRL-ARCH,design contracts; no runtime table,DesignReview,T-DESIGN,AUTHZ;TENANT;PURPOSE;AUDIT;SUPPLY-CHAIN;BOUNDARY-TESTS,1;8;40;41;46;54;55;58,designed; implementation evidence pending
REQ-91-002,architecture,architecture governance,CTRL-ARCH,design contracts; no runtime table,DesignReview,T-DESIGN,AUTHZ;TENANT;PURPOSE;AUDIT;SUPPLY-CHAIN;BOUNDARY-TESTS,1;8;40;41;46;54;55;58,designed; implementation evidence pending
REQ-91-003,architecture,architecture governance,CTRL-ARCH,design contracts; no runtime table,DesignReview,T-DESIGN,AUTHZ;TENANT;PURPOSE;AUDIT;SUPPLY-CHAIN;BOUNDARY-TESTS,1;8;40;41;46;54;55;58,designed; implementation evidence pending
REQ-91-004,architecture,architecture governance,CTRL-ARCH,design contracts; no runtime table,DesignReview,T-DESIGN,AUTHZ;TENANT;PURPOSE;AUDIT;SUPPLY-CHAIN;BOUNDARY-TESTS,1;8;40;41;46;54;55;58,designed; implementation evidence pending
REQ-91-005,architecture,architecture governance,CTRL-ARCH,design contracts; no runtime table,DesignReview,T-DESIGN,AUTHZ;TENANT;PURPOSE;AUDIT;SUPPLY-CHAIN;BOUNDARY-TESTS,1;8;40;41;46;54;55;58,designed; implementation evidence pending
REQ-91-006,architecture,architecture governance,CTRL-ARCH,design contracts; no runtime table,DesignReview,T-DESIGN,AUTHZ;TENANT;PURPOSE;AUDIT;SUPPLY-CHAIN;BOUNDARY-TESTS,1;8;40;41;46;54;55;58,designed; implementation evidence pending
REQ-91-007,architecture,architecture governance,CTRL-ARCH,design contracts; no runtime table,DesignReview,T-DESIGN,AUTHZ;TENANT;PURPOSE;AUDIT;SUPPLY-CHAIN;BOUNDARY-TESTS,1;8;40;41;46;54;55;58,designed; implementation evidence pending
REQ-91-008,architecture,architecture governance,CTRL-ARCH,design contracts; no runtime table,DesignReview,T-DESIGN,AUTHZ;TENANT;PURPOSE;AUDIT;SUPPLY-CHAIN;BOUNDARY-TESTS,1;8;40;41;46;54;55;58,designed; implementation evidence pending
REQ-91-009,architecture,architecture governance,CTRL-ARCH,design contracts; no runtime table,DesignReview,T-DESIGN,AUTHZ;TENANT;PURPOSE;AUDIT;SUPPLY-CHAIN;BOUNDARY-TESTS,1;8;40;41;46;54;55;58,designed; implementation evidence pending
REQ-91-010,architecture,architecture governance,CTRL-ARCH,design contracts; no runtime table,DesignReview,T-DESIGN,AUTHZ;TENANT;PURPOSE;AUDIT;SUPPLY-CHAIN;BOUNDARY-TESTS,1;8;40;41;46;54;55;58,designed; implementation evidence pending
REQ-91-011,architecture,architecture governance,CTRL-ARCH,design contracts; no runtime table,DesignReview,T-DESIGN,AUTHZ;TENANT;PURPOSE;AUDIT;SUPPLY-CHAIN;BOUNDARY-TESTS,1;8;40;41;46;54;55;58,designed; implementation evidence pending
REQ-91-012,architecture,architecture governance,CTRL-ARCH,design contracts; no runtime table,DesignReview,T-DESIGN,AUTHZ;TENANT;PURPOSE;AUDIT;SUPPLY-CHAIN;BOUNDARY-TESTS,1;8;40;41;46;54;55;58,designed; implementation evidence pending
REQ-91-013,architecture,architecture governance,CTRL-ARCH,design contracts; no runtime table,DesignReview,T-DESIGN,AUTHZ;TENANT;PURPOSE;AUDIT;SUPPLY-CHAIN;BOUNDARY-TESTS,1;8;40;41;46;54;55;58,designed; implementation evidence pending
REQ-91-014,architecture,architecture governance,CTRL-ARCH,design contracts; no runtime table,DesignReview,T-DESIGN,AUTHZ;TENANT;PURPOSE;AUDIT;SUPPLY-CHAIN;BOUNDARY-TESTS,1;8;40;41;46;54;55;58,designed; implementation evidence pending
REQ-91-015,architecture,architecture governance,CTRL-ARCH,design contracts; no runtime table,DesignReview,T-DESIGN,AUTHZ;TENANT;PURPOSE;AUDIT;SUPPLY-CHAIN;BOUNDARY-TESTS,1;8;40;41;46;54;55;58,designed; implementation evidence pending
REQ-91-016,architecture,architecture governance,CTRL-ARCH,design contracts; no runtime table,DesignReview,T-DESIGN,AUTHZ;TENANT;PURPOSE;AUDIT;SUPPLY-CHAIN;BOUNDARY-TESTS,1;8;40;41;46;54;55;58,designed; implementation evidence pending
REQ-91-017,architecture,architecture governance,CTRL-ARCH,design contracts; no runtime table,DesignReview,T-DESIGN,AUTHZ;TENANT;PURPOSE;AUDIT;SUPPLY-CHAIN;BOUNDARY-TESTS,1;8;40;41;46;54;55;58,designed; implementation evidence pending
REQ-91-018,architecture,architecture governance,CTRL-ARCH,design contracts; no runtime table,DesignReview,T-DESIGN,AUTHZ;TENANT;PURPOSE;AUDIT;SUPPLY-CHAIN;BOUNDARY-TESTS,1;8;40;41;46;54;55;58,designed; implementation evidence pending
REQ-91-019,architecture,architecture governance,CTRL-ARCH,design contracts; no runtime table,DesignReview,T-DESIGN,AUTHZ;TENANT;PURPOSE;AUDIT;SUPPLY-CHAIN;BOUNDARY-TESTS,1;8;40;41;46;54;55;58,designed; implementation evidence pending
REQ-91-020,architecture,architecture governance,CTRL-ARCH,design contracts; no runtime table,DesignReview,T-DESIGN,AUTHZ;TENANT;PURPOSE;AUDIT;SUPPLY-CHAIN;BOUNDARY-TESTS,1;8;40;41;46;54;55;58,designed; implementation evidence pending
REQ-91-021,architecture,architecture governance,CTRL-ARCH,design contracts; no runtime table,DesignReview,T-DESIGN,AUTHZ;TENANT;PURPOSE;AUDIT;SUPPLY-CHAIN;BOUNDARY-TESTS,1;8;40;41;46;54;55;58,designed; implementation evidence pending
REQ-91-022,architecture,architecture governance,CTRL-ARCH,design contracts; no runtime table,DesignReview,T-DESIGN,AUTHZ;TENANT;PURPOSE;AUDIT;SUPPLY-CHAIN;BOUNDARY-TESTS,1;8;40;41;46;54;55;58,designed; implementation evidence pending
REQ-91-023,architecture,architecture governance,CTRL-ARCH,design contracts; no runtime table,DesignReview,T-DESIGN,AUTHZ;TENANT;PURPOSE;AUDIT;SUPPLY-CHAIN;BOUNDARY-TESTS,1;8;40;41;46;54;55;58,designed; implementation evidence pending
REQ-91-024,architecture,architecture governance,CTRL-ARCH,design contracts; no runtime table,DesignReview,T-DESIGN,AUTHZ;TENANT;PURPOSE;AUDIT;SUPPLY-CHAIN;BOUNDARY-TESTS,1;8;40;41;46;54;55;58,designed; implementation evidence pending
REQ-91-025,architecture,architecture governance,CTRL-ARCH,design contracts; no runtime table,DesignReview,T-DESIGN,AUTHZ;TENANT;PURPOSE;AUDIT;SUPPLY-CHAIN;BOUNDARY-TESTS,1;8;40;41;46;54;55;58,designed; implementation evidence pending
REQ-91-026,architecture,architecture governance,CTRL-ARCH,design contracts; no runtime table,DesignReview,T-DESIGN,AUTHZ;TENANT;PURPOSE;AUDIT;SUPPLY-CHAIN;BOUNDARY-TESTS,1;8;40;41;46;54;55;58,designed; implementation evidence pending
REQ-91-027,architecture,architecture governance,CTRL-ARCH,design contracts; no runtime table,DesignReview,T-DESIGN,AUTHZ;TENANT;PURPOSE;AUDIT;SUPPLY-CHAIN;BOUNDARY-TESTS,1;8;40;41;46;54;55;58,designed; implementation evidence pending
REQ-91-028,architecture,architecture governance,CTRL-ARCH,design contracts; no runtime table,DesignReview,T-DESIGN,AUTHZ;TENANT;PURPOSE;AUDIT;SUPPLY-CHAIN;BOUNDARY-TESTS,1;8;40;41;46;54;55;58,designed; implementation evidence pending
REQ-91-029,architecture,architecture governance,CTRL-ARCH,design contracts; no runtime table,DesignReview,T-DESIGN,AUTHZ;TENANT;PURPOSE;AUDIT;SUPPLY-CHAIN;BOUNDARY-TESTS,1;8;40;41;46;54;55;58,designed; implementation evidence pending
REQ-91-030,architecture,architecture governance,CTRL-ARCH,design contracts; no runtime table,DesignReview,T-DESIGN,AUTHZ;TENANT;PURPOSE;AUDIT;SUPPLY-CHAIN;BOUNDARY-TESTS,1;8;40;41;46;54;55;58,designed; implementation evidence pending
REQ-91-031,architecture,architecture governance,CTRL-ARCH,design contracts; no runtime table,DesignReview,T-DESIGN,AUTHZ;TENANT;PURPOSE;AUDIT;SUPPLY-CHAIN;BOUNDARY-TESTS,1;8;40;41;46;54;55;58,designed; implementation evidence pending
REQ-91-032,architecture,architecture governance,CTRL-ARCH,design contracts; no runtime table,DesignReview,T-DESIGN,AUTHZ;TENANT;PURPOSE;AUDIT;SUPPLY-CHAIN;BOUNDARY-TESTS,1;8;40;41;46;54;55;58,designed; implementation evidence pending
REQ-92-001,architecture,architecture governance,CTRL-ARCH,design contracts; no runtime table,DesignReview,T-DESIGN,AUTHZ;TENANT;PURPOSE;AUDIT;SUPPLY-CHAIN;BOUNDARY-TESTS,1;8;40;41;46;54;55;58,designed; implementation evidence pending
REQ-92-002,architecture,architecture governance,CTRL-ARCH,design contracts; no runtime table,DesignReview,T-DESIGN,AUTHZ;TENANT;PURPOSE;AUDIT;SUPPLY-CHAIN;BOUNDARY-TESTS,1;8;40;41;46;54;55;58,designed; implementation evidence pending
REQ-92-003,architecture,architecture governance,CTRL-ARCH,design contracts; no runtime table,DesignReview,T-DESIGN,AUTHZ;TENANT;PURPOSE;AUDIT;SUPPLY-CHAIN;BOUNDARY-TESTS,1;8;40;41;46;54;55;58,designed; implementation evidence pending
REQ-92-004,architecture,architecture governance,CTRL-ARCH,design contracts; no runtime table,DesignReview,T-DESIGN,AUTHZ;TENANT;PURPOSE;AUDIT;SUPPLY-CHAIN;BOUNDARY-TESTS,1;8;40;41;46;54;55;58,designed; implementation evidence pending
REQ-92-005,architecture,architecture governance,CTRL-ARCH,design contracts; no runtime table,DesignReview,T-DESIGN,AUTHZ;TENANT;PURPOSE;AUDIT;SUPPLY-CHAIN;BOUNDARY-TESTS,1;8;40;41;46;54;55;58,designed; implementation evidence pending
REQ-92-006,architecture,architecture governance,CTRL-ARCH,design contracts; no runtime table,DesignReview,T-DESIGN,AUTHZ;TENANT;PURPOSE;AUDIT;SUPPLY-CHAIN;BOUNDARY-TESTS,1;8;40;41;46;54;55;58,designed; implementation evidence pending
REQ-92-007,architecture,architecture governance,CTRL-ARCH,design contracts; no runtime table,DesignReview,T-DESIGN,AUTHZ;TENANT;PURPOSE;AUDIT;SUPPLY-CHAIN;BOUNDARY-TESTS,1;8;40;41;46;54;55;58,designed; implementation evidence pending
REQ-92-008,architecture,architecture governance,CTRL-ARCH,design contracts; no runtime table,DesignReview,T-DESIGN,AUTHZ;TENANT;PURPOSE;AUDIT;SUPPLY-CHAIN;BOUNDARY-TESTS,1;8;40;41;46;54;55;58,designed; implementation evidence pending
REQ-92-009,architecture,architecture governance,CTRL-ARCH,design contracts; no runtime table,DesignReview,T-DESIGN,AUTHZ;TENANT;PURPOSE;AUDIT;SUPPLY-CHAIN;BOUNDARY-TESTS,1;8;40;41;46;54;55;58,designed; implementation evidence pending
REQ-92-010,architecture,architecture governance,CTRL-ARCH,design contracts; no runtime table,DesignReview,T-DESIGN,AUTHZ;TENANT;PURPOSE;AUDIT;SUPPLY-CHAIN;BOUNDARY-TESTS,1;8;40;41;46;54;55;58,designed; implementation evidence pending
REQ-92-011,architecture,architecture governance,CTRL-ARCH,design contracts; no runtime table,DesignReview,T-DESIGN,AUTHZ;TENANT;PURPOSE;AUDIT;SUPPLY-CHAIN;BOUNDARY-TESTS,1;8;40;41;46;54;55;58,designed; implementation evidence pending
REQ-92-012,architecture,architecture governance,CTRL-ARCH,design contracts; no runtime table,DesignReview,T-DESIGN,AUTHZ;TENANT;PURPOSE;AUDIT;SUPPLY-CHAIN;BOUNDARY-TESTS,1;8;40;41;46;54;55;58,designed; implementation evidence pending
REQ-92-013,architecture,architecture governance,CTRL-ARCH,design contracts; no runtime table,DesignReview,T-DESIGN,AUTHZ;TENANT;PURPOSE;AUDIT;SUPPLY-CHAIN;BOUNDARY-TESTS,1;8;40;41;46;54;55;58,designed; implementation evidence pending
REQ-92-014,architecture,architecture governance,CTRL-ARCH,design contracts; no runtime table,DesignReview,T-DESIGN,AUTHZ;TENANT;PURPOSE;AUDIT;SUPPLY-CHAIN;BOUNDARY-TESTS,1;8;40;41;46;54;55;58,designed; implementation evidence pending
REQ-92-015,architecture,architecture governance,CTRL-ARCH,design contracts; no runtime table,DesignReview,T-DESIGN,AUTHZ;TENANT;PURPOSE;AUDIT;SUPPLY-CHAIN;BOUNDARY-TESTS,1;8;40;41;46;54;55;58,designed; implementation evidence pending
REQ-92-016,architecture,architecture governance,CTRL-ARCH,design contracts; no runtime table,DesignReview,T-DESIGN,AUTHZ;TENANT;PURPOSE;AUDIT;SUPPLY-CHAIN;BOUNDARY-TESTS,1;8;40;41;46;54;55;58,designed; implementation evidence pending
REQ-92-017,architecture,architecture governance,CTRL-ARCH,design contracts; no runtime table,DesignReview,T-DESIGN,AUTHZ;TENANT;PURPOSE;AUDIT;SUPPLY-CHAIN;BOUNDARY-TESTS,1;8;40;41;46;54;55;58,designed; implementation evidence pending
REQ-92-018,architecture,architecture governance,CTRL-ARCH,design contracts; no runtime table,DesignReview,T-DESIGN,AUTHZ;TENANT;PURPOSE;AUDIT;SUPPLY-CHAIN;BOUNDARY-TESTS,1;8;40;41;46;54;55;58,designed; implementation evidence pending
REQ-92-019,architecture,architecture governance,CTRL-ARCH,design contracts; no runtime table,DesignReview,T-DESIGN,AUTHZ;TENANT;PURPOSE;AUDIT;SUPPLY-CHAIN;BOUNDARY-TESTS,1;8;40;41;46;54;55;58,designed; implementation evidence pending
REQ-92-020,architecture,architecture governance,CTRL-ARCH,design contracts; no runtime table,DesignReview,T-DESIGN,AUTHZ;TENANT;PURPOSE;AUDIT;SUPPLY-CHAIN;BOUNDARY-TESTS,1;8;40;41;46;54;55;58,designed; implementation evidence pending
REQ-92-021,architecture,architecture governance,CTRL-ARCH,design contracts; no runtime table,DesignReview,T-DESIGN,AUTHZ;TENANT;PURPOSE;AUDIT;SUPPLY-CHAIN;BOUNDARY-TESTS,1;8;40;41;46;54;55;58,designed; implementation evidence pending
REQ-92-022,architecture,architecture governance,CTRL-ARCH,design contracts; no runtime table,DesignReview,T-DESIGN,AUTHZ;TENANT;PURPOSE;AUDIT;SUPPLY-CHAIN;BOUNDARY-TESTS,1;8;40;41;46;54;55;58,designed; implementation evidence pending
REQ-92-023,architecture,architecture governance,CTRL-ARCH,design contracts; no runtime table,DesignReview,T-DESIGN,AUTHZ;TENANT;PURPOSE;AUDIT;SUPPLY-CHAIN;BOUNDARY-TESTS,1;8;40;41;46;54;55;58,designed; implementation evidence pending
REQ-92-024,architecture,architecture governance,CTRL-ARCH,design contracts; no runtime table,DesignReview,T-DESIGN,AUTHZ;TENANT;PURPOSE;AUDIT;SUPPLY-CHAIN;BOUNDARY-TESTS,1;8;40;41;46;54;55;58,designed; implementation evidence pending
REQ-92-025,architecture,architecture governance,CTRL-ARCH,design contracts; no runtime table,DesignReview,T-DESIGN,AUTHZ;TENANT;PURPOSE;AUDIT;SUPPLY-CHAIN;BOUNDARY-TESTS,1;8;40;41;46;54;55;58,designed; implementation evidence pending
REQ-92-026,architecture,architecture governance,CTRL-ARCH,design contracts; no runtime table,DesignReview,T-DESIGN,AUTHZ;TENANT;PURPOSE;AUDIT;SUPPLY-CHAIN;BOUNDARY-TESTS,1;8;40;41;46;54;55;58,designed; implementation evidence pending
REQ-92-027,architecture,architecture governance,CTRL-ARCH,design contracts; no runtime table,DesignReview,T-DESIGN,AUTHZ;TENANT;PURPOSE;AUDIT;SUPPLY-CHAIN;BOUNDARY-TESTS,1;8;40;41;46;54;55;58,designed; implementation evidence pending
REQ-92-028,architecture,architecture governance,CTRL-ARCH,design contracts; no runtime table,DesignReview,T-DESIGN,AUTHZ;TENANT;PURPOSE;AUDIT;SUPPLY-CHAIN;BOUNDARY-TESTS,1;8;40;41;46;54;55;58,designed; implementation evidence pending
REQ-93-001,architecture,architecture governance,CTRL-ARCH,design contracts; no runtime table,DesignReview,T-DESIGN,AUTHZ;TENANT;PURPOSE;AUDIT;SUPPLY-CHAIN;BOUNDARY-TESTS,1;8;40;41;46;54;55;58,designed; implementation evidence pending
REQ-93-002,architecture,architecture governance,CTRL-ARCH,design contracts; no runtime table,DesignReview,T-DESIGN,AUTHZ;TENANT;PURPOSE;AUDIT;SUPPLY-CHAIN;BOUNDARY-TESTS,1;8;40;41;46;54;55;58,designed; implementation evidence pending
REQ-93-003,architecture,architecture governance,CTRL-ARCH,design contracts; no runtime table,DesignReview,T-DESIGN,AUTHZ;TENANT;PURPOSE;AUDIT;SUPPLY-CHAIN;BOUNDARY-TESTS,1;8;40;41;46;54;55;58,designed; implementation evidence pending
REQ-93-004,architecture,architecture governance,CTRL-ARCH,design contracts; no runtime table,DesignReview,T-DESIGN,AUTHZ;TENANT;PURPOSE;AUDIT;SUPPLY-CHAIN;BOUNDARY-TESTS,1;8;40;41;46;54;55;58,designed; implementation evidence pending
REQ-93-005,architecture,architecture governance,CTRL-ARCH,design contracts; no runtime table,DesignReview,T-DESIGN,AUTHZ;TENANT;PURPOSE;AUDIT;SUPPLY-CHAIN;BOUNDARY-TESTS,1;8;40;41;46;54;55;58,designed; implementation evidence pending
REQ-93-006,architecture,architecture governance,CTRL-ARCH,design contracts; no runtime table,DesignReview,T-DESIGN,AUTHZ;TENANT;PURPOSE;AUDIT;SUPPLY-CHAIN;BOUNDARY-TESTS,1;8;40;41;46;54;55;58,designed; implementation evidence pending
REQ-93-007,architecture,architecture governance,CTRL-ARCH,design contracts; no runtime table,DesignReview,T-DESIGN,AUTHZ;TENANT;PURPOSE;AUDIT;SUPPLY-CHAIN;BOUNDARY-TESTS,1;8;40;41;46;54;55;58,designed; implementation evidence pending
REQ-93-008,architecture,architecture governance,CTRL-ARCH,design contracts; no runtime table,DesignReview,T-DESIGN,AUTHZ;TENANT;PURPOSE;AUDIT;SUPPLY-CHAIN;BOUNDARY-TESTS,1;8;40;41;46;54;55;58,designed; implementation evidence pending
REQ-93-009,architecture,architecture governance,CTRL-ARCH,design contracts; no runtime table,DesignReview,T-DESIGN,AUTHZ;TENANT;PURPOSE;AUDIT;SUPPLY-CHAIN;BOUNDARY-TESTS,1;8;40;41;46;54;55;58,designed; implementation evidence pending
REQ-94-001,architecture,architecture governance,CTRL-ARCH,design contracts; no runtime table,DesignReview,T-DESIGN,AUTHZ;TENANT;PURPOSE;AUDIT;SUPPLY-CHAIN;BOUNDARY-TESTS,1;8;40;41;46;54;55;58,designed; implementation evidence pending
REQ-94-002,architecture,architecture governance,CTRL-ARCH,design contracts; no runtime table,DesignReview,T-DESIGN,AUTHZ;TENANT;PURPOSE;AUDIT;SUPPLY-CHAIN;BOUNDARY-TESTS,1;8;40;41;46;54;55;58,designed; implementation evidence pending
REQ-94-003,architecture,architecture governance,CTRL-ARCH,design contracts; no runtime table,DesignReview,T-DESIGN,AUTHZ;TENANT;PURPOSE;AUDIT;SUPPLY-CHAIN;BOUNDARY-TESTS,1;8;40;41;46;54;55;58,designed; implementation evidence pending
REQ-94-004,architecture,architecture governance,CTRL-ARCH,design contracts; no runtime table,DesignReview,T-DESIGN,AUTHZ;TENANT;PURPOSE;AUDIT;SUPPLY-CHAIN;BOUNDARY-TESTS,1;8;40;41;46;54;55;58,designed; implementation evidence pending
REQ-94-005,architecture,architecture governance,CTRL-ARCH,design contracts; no runtime table,DesignReview,T-DESIGN,AUTHZ;TENANT;PURPOSE;AUDIT;SUPPLY-CHAIN;BOUNDARY-TESTS,1;8;40;41;46;54;55;58,designed; implementation evidence pending
REQ-94-006,architecture,architecture governance,CTRL-ARCH,design contracts; no runtime table,DesignReview,T-DESIGN,AUTHZ;TENANT;PURPOSE;AUDIT;SUPPLY-CHAIN;BOUNDARY-TESTS,1;8;40;41;46;54;55;58,designed; implementation evidence pending
REQ-94-007,architecture,architecture governance,CTRL-ARCH,design contracts; no runtime table,DesignReview,T-DESIGN,AUTHZ;TENANT;PURPOSE;AUDIT;SUPPLY-CHAIN;BOUNDARY-TESTS,1;8;40;41;46;54;55;58,designed; implementation evidence pending
REQ-94-008,architecture,architecture governance,CTRL-ARCH,design contracts; no runtime table,DesignReview,T-DESIGN,AUTHZ;TENANT;PURPOSE;AUDIT;SUPPLY-CHAIN;BOUNDARY-TESTS,1;8;40;41;46;54;55;58,designed; implementation evidence pending
REQ-94-009,architecture,architecture governance,CTRL-ARCH,design contracts; no runtime table,DesignReview,T-DESIGN,AUTHZ;TENANT;PURPOSE;AUDIT;SUPPLY-CHAIN;BOUNDARY-TESTS,1;8;40;41;46;54;55;58,designed; implementation evidence pending
REQ-94-010,architecture,architecture governance,CTRL-ARCH,design contracts; no runtime table,DesignReview,T-DESIGN,AUTHZ;TENANT;PURPOSE;AUDIT;SUPPLY-CHAIN;BOUNDARY-TESTS,1;8;40;41;46;54;55;58,designed; implementation evidence pending
REQ-94-011,architecture,architecture governance,CTRL-ARCH,design contracts; no runtime table,DesignReview,T-DESIGN,AUTHZ;TENANT;PURPOSE;AUDIT;SUPPLY-CHAIN;BOUNDARY-TESTS,1;8;40;41;46;54;55;58,designed; implementation evidence pending
REQ-94-012,architecture,architecture governance,CTRL-ARCH,design contracts; no runtime table,DesignReview,T-DESIGN,AUTHZ;TENANT;PURPOSE;AUDIT;SUPPLY-CHAIN;BOUNDARY-TESTS,1;8;40;41;46;54;55;58,designed; implementation evidence pending
REQ-94-013,architecture,architecture governance,CTRL-ARCH,design contracts; no runtime table,DesignReview,T-DESIGN,AUTHZ;TENANT;PURPOSE;AUDIT;SUPPLY-CHAIN;BOUNDARY-TESTS,1;8;40;41;46;54;55;58,designed; implementation evidence pending
REQ-94-014,architecture,architecture governance,CTRL-ARCH,design contracts; no runtime table,DesignReview,T-DESIGN,AUTHZ;TENANT;PURPOSE;AUDIT;SUPPLY-CHAIN;BOUNDARY-TESTS,1;8;40;41;46;54;55;58,designed; implementation evidence pending
REQ-94-015,architecture,architecture governance,CTRL-ARCH,design contracts; no runtime table,DesignReview,T-DESIGN,AUTHZ;TENANT;PURPOSE;AUDIT;SUPPLY-CHAIN;BOUNDARY-TESTS,1;8;40;41;46;54;55;58,designed; implementation evidence pending
REQ-94-016,architecture,architecture governance,CTRL-ARCH,design contracts; no runtime table,DesignReview,T-DESIGN,AUTHZ;TENANT;PURPOSE;AUDIT;SUPPLY-CHAIN;BOUNDARY-TESTS,1;8;40;41;46;54;55;58,designed; implementation evidence pending
REQ-94-017,architecture,architecture governance,CTRL-ARCH,design contracts; no runtime table,DesignReview,T-DESIGN,AUTHZ;TENANT;PURPOSE;AUDIT;SUPPLY-CHAIN;BOUNDARY-TESTS,1;8;40;41;46;54;55;58,designed; implementation evidence pending
REQ-94-018,architecture,architecture governance,CTRL-ARCH,design contracts; no runtime table,DesignReview,T-DESIGN,AUTHZ;TENANT;PURPOSE;AUDIT;SUPPLY-CHAIN;BOUNDARY-TESTS,1;8;40;41;46;54;55;58,designed; implementation evidence pending
REQ-94-019,architecture,architecture governance,CTRL-ARCH,design contracts; no runtime table,DesignReview,T-DESIGN,AUTHZ;TENANT;PURPOSE;AUDIT;SUPPLY-CHAIN;BOUNDARY-TESTS,1;8;40;41;46;54;55;58,designed; implementation evidence pending
REQ-94-020,architecture,architecture governance,CTRL-ARCH,design contracts; no runtime table,DesignReview,T-DESIGN,AUTHZ;TENANT;PURPOSE;AUDIT;SUPPLY-CHAIN;BOUNDARY-TESTS,1;8;40;41;46;54;55;58,designed; implementation evidence pending
REQ-95-001,architecture,architecture governance,CTRL-ARCH,design contracts; no runtime table,DesignReview,T-DESIGN,AUTHZ;TENANT;PURPOSE;AUDIT;SUPPLY-CHAIN;BOUNDARY-TESTS,1;8;40;41;46;54;55;58,designed; implementation evidence pending
REQ-95-002,architecture,architecture governance,CTRL-ARCH,design contracts; no runtime table,DesignReview,T-DESIGN,AUTHZ;TENANT;PURPOSE;AUDIT;SUPPLY-CHAIN;BOUNDARY-TESTS,1;8;40;41;46;54;55;58,designed; implementation evidence pending
REQ-95-003,architecture,architecture governance,CTRL-ARCH,design contracts; no runtime table,DesignReview,T-DESIGN,AUTHZ;TENANT;PURPOSE;AUDIT;SUPPLY-CHAIN;BOUNDARY-TESTS,1;8;40;41;46;54;55;58,designed; implementation evidence pending
REQ-95-004,architecture,architecture governance,CTRL-ARCH,design contracts; no runtime table,DesignReview,T-DESIGN,AUTHZ;TENANT;PURPOSE;AUDIT;SUPPLY-CHAIN;BOUNDARY-TESTS,1;8;40;41;46;54;55;58,designed; implementation evidence pending
REQ-95-005,architecture,architecture governance,CTRL-ARCH,design contracts; no runtime table,DesignReview,T-DESIGN,AUTHZ;TENANT;PURPOSE;AUDIT;SUPPLY-CHAIN;BOUNDARY-TESTS,1;8;40;41;46;54;55;58,designed; implementation evidence pending
REQ-95-006,architecture,architecture governance,CTRL-ARCH,design contracts; no runtime table,DesignReview,T-DESIGN,AUTHZ;TENANT;PURPOSE;AUDIT;SUPPLY-CHAIN;BOUNDARY-TESTS,1;8;40;41;46;54;55;58,designed; implementation evidence pending
REQ-95-007,architecture,architecture governance,CTRL-ARCH,design contracts; no runtime table,DesignReview,T-DESIGN,AUTHZ;TENANT;PURPOSE;AUDIT;SUPPLY-CHAIN;BOUNDARY-TESTS,1;8;40;41;46;54;55;58,designed; implementation evidence pending
REQ-95-008,architecture,architecture governance,CTRL-ARCH,design contracts; no runtime table,DesignReview,T-DESIGN,AUTHZ;TENANT;PURPOSE;AUDIT;SUPPLY-CHAIN;BOUNDARY-TESTS,1;8;40;41;46;54;55;58,designed; implementation evidence pending
REQ-95-009,architecture,architecture governance,CTRL-ARCH,design contracts; no runtime table,DesignReview,T-DESIGN,AUTHZ;TENANT;PURPOSE;AUDIT;SUPPLY-CHAIN;BOUNDARY-TESTS,1;8;40;41;46;54;55;58,designed; implementation evidence pending
REQ-95-010,architecture,architecture governance,CTRL-ARCH,design contracts; no runtime table,DesignReview,T-DESIGN,AUTHZ;TENANT;PURPOSE;AUDIT;SUPPLY-CHAIN;BOUNDARY-TESTS,1;8;40;41;46;54;55;58,designed; implementation evidence pending
REQ-95-011,architecture,architecture governance,CTRL-ARCH,design contracts; no runtime table,DesignReview,T-DESIGN,AUTHZ;TENANT;PURPOSE;AUDIT;SUPPLY-CHAIN;BOUNDARY-TESTS,1;8;40;41;46;54;55;58,designed; implementation evidence pending
REQ-96-001,compliance,compliance,API-COMPLIANCE,compliance,ComplianceReview,T-COMPLIANCE,AUTHZ;TENANT;PURPOSE;AUDIT,27;53;57,designed; implementation evidence pending
REQ-96-002,compliance,compliance,API-COMPLIANCE,compliance,ComplianceReview,T-COMPLIANCE,AUTHZ;TENANT;PURPOSE;AUDIT,27;53;57,designed; implementation evidence pending
REQ-96-003,compliance,compliance,API-COMPLIANCE,compliance,ComplianceReview,T-COMPLIANCE,AUTHZ;TENANT;PURPOSE;AUDIT,27;53;57,designed; implementation evidence pending
REQ-96-004,compliance,compliance,API-COMPLIANCE,compliance,ComplianceReview,T-COMPLIANCE,AUTHZ;TENANT;PURPOSE;AUDIT,27;53;57,designed; implementation evidence pending
REQ-96-005,compliance,compliance,API-COMPLIANCE,compliance,ComplianceReview,T-COMPLIANCE,AUTHZ;TENANT;PURPOSE;AUDIT,27;53;57,designed; implementation evidence pending
REQ-96-006,compliance,compliance,API-COMPLIANCE,compliance,ComplianceReview,T-COMPLIANCE,AUTHZ;TENANT;PURPOSE;AUDIT,27;53;57,designed; implementation evidence pending
REQ-96-007,compliance,compliance,API-COMPLIANCE,compliance,ComplianceReview,T-COMPLIANCE,AUTHZ;TENANT;PURPOSE;AUDIT,27;53;57,designed; implementation evidence pending
REQ-96-008,compliance,compliance,API-COMPLIANCE,compliance,ComplianceReview,T-COMPLIANCE,AUTHZ;TENANT;PURPOSE;AUDIT,27;53;57,designed; implementation evidence pending
REQ-97-001,architecture,architecture governance,CTRL-ARCH,design contracts; no runtime table,DesignReview,T-DESIGN,AUTHZ;TENANT;PURPOSE;AUDIT;SUPPLY-CHAIN;BOUNDARY-TESTS,1;8;40;41;46;54;55;58,designed; implementation evidence pending
REQ-97-002,architecture,architecture governance,CTRL-ARCH,design contracts; no runtime table,DesignReview,T-DESIGN,AUTHZ;TENANT;PURPOSE;AUDIT;SUPPLY-CHAIN;BOUNDARY-TESTS,1;8;40;41;46;54;55;58,designed; implementation evidence pending
REQ-97-003,architecture,architecture governance,CTRL-ARCH,design contracts; no runtime table,DesignReview,T-DESIGN,AUTHZ;TENANT;PURPOSE;AUDIT;SUPPLY-CHAIN;BOUNDARY-TESTS,1;8;40;41;46;54;55;58,designed; implementation evidence pending
REQ-97-004,architecture,architecture governance,CTRL-ARCH,design contracts; no runtime table,DesignReview,T-DESIGN,AUTHZ;TENANT;PURPOSE;AUDIT;SUPPLY-CHAIN;BOUNDARY-TESTS,1;8;40;41;46;54;55;58,designed; implementation evidence pending
REQ-97-005,architecture,architecture governance,CTRL-ARCH,design contracts; no runtime table,DesignReview,T-DESIGN,AUTHZ;TENANT;PURPOSE;AUDIT;SUPPLY-CHAIN;BOUNDARY-TESTS,1;8;40;41;46;54;55;58,designed; implementation evidence pending
REQ-97-006,architecture,architecture governance,CTRL-ARCH,design contracts; no runtime table,DesignReview,T-DESIGN,AUTHZ;TENANT;PURPOSE;AUDIT;SUPPLY-CHAIN;BOUNDARY-TESTS,1;8;40;41;46;54;55;58,designed; implementation evidence pending
REQ-97-007,architecture,architecture governance,CTRL-ARCH,design contracts; no runtime table,DesignReview,T-DESIGN,AUTHZ;TENANT;PURPOSE;AUDIT;SUPPLY-CHAIN;BOUNDARY-TESTS,1;8;40;41;46;54;55;58,designed; implementation evidence pending
REQ-97-008,architecture,architecture governance,CTRL-ARCH,design contracts; no runtime table,DesignReview,T-DESIGN,AUTHZ;TENANT;PURPOSE;AUDIT;SUPPLY-CHAIN;BOUNDARY-TESTS,1;8;40;41;46;54;55;58,designed; implementation evidence pending
REQ-97-009,architecture,architecture governance,CTRL-ARCH,design contracts; no runtime table,DesignReview,T-DESIGN,AUTHZ;TENANT;PURPOSE;AUDIT;SUPPLY-CHAIN;BOUNDARY-TESTS,1;8;40;41;46;54;55;58,designed; implementation evidence pending
REQ-97-010,architecture,architecture governance,CTRL-ARCH,design contracts; no runtime table,DesignReview,T-DESIGN,AUTHZ;TENANT;PURPOSE;AUDIT;SUPPLY-CHAIN;BOUNDARY-TESTS,1;8;40;41;46;54;55;58,designed; implementation evidence pending
REQ-97-011,architecture,architecture governance,CTRL-ARCH,design contracts; no runtime table,DesignReview,T-DESIGN,AUTHZ;TENANT;PURPOSE;AUDIT;SUPPLY-CHAIN;BOUNDARY-TESTS,1;8;40;41;46;54;55;58,designed; implementation evidence pending
REQ-97-012,architecture,architecture governance,CTRL-ARCH,design contracts; no runtime table,DesignReview,T-DESIGN,AUTHZ;TENANT;PURPOSE;AUDIT;SUPPLY-CHAIN;BOUNDARY-TESTS,1;8;40;41;46;54;55;58,designed; implementation evidence pending
REQ-97-013,architecture,architecture governance,CTRL-ARCH,design contracts; no runtime table,DesignReview,T-DESIGN,AUTHZ;TENANT;PURPOSE;AUDIT;SUPPLY-CHAIN;BOUNDARY-TESTS,1;8;40;41;46;54;55;58,designed; implementation evidence pending
REQ-97-014,architecture,architecture governance,CTRL-ARCH,design contracts; no runtime table,DesignReview,T-DESIGN,AUTHZ;TENANT;PURPOSE;AUDIT;SUPPLY-CHAIN;BOUNDARY-TESTS,1;8;40;41;46;54;55;58,designed; implementation evidence pending
REQ-97-015,architecture,architecture governance,CTRL-ARCH,design contracts; no runtime table,DesignReview,T-DESIGN,AUTHZ;TENANT;PURPOSE;AUDIT;SUPPLY-CHAIN;BOUNDARY-TESTS,1;8;40;41;46;54;55;58,designed; implementation evidence pending
REQ-97-016,architecture,architecture governance,CTRL-ARCH,design contracts; no runtime table,DesignReview,T-DESIGN,AUTHZ;TENANT;PURPOSE;AUDIT;SUPPLY-CHAIN;BOUNDARY-TESTS,1;8;40;41;46;54;55;58,designed; implementation evidence pending
REQ-97-017,architecture,architecture governance,CTRL-ARCH,design contracts; no runtime table,DesignReview,T-DESIGN,AUTHZ;TENANT;PURPOSE;AUDIT;SUPPLY-CHAIN;BOUNDARY-TESTS,1;8;40;41;46;54;55;58,designed; implementation evidence pending
REQ-97-018,architecture,architecture governance,CTRL-ARCH,design contracts; no runtime table,DesignReview,T-DESIGN,AUTHZ;TENANT;PURPOSE;AUDIT;SUPPLY-CHAIN;BOUNDARY-TESTS,1;8;40;41;46;54;55;58,designed; implementation evidence pending
REQ-97-019,architecture,architecture governance,CTRL-ARCH,design contracts; no runtime table,DesignReview,T-DESIGN,AUTHZ;TENANT;PURPOSE;AUDIT;SUPPLY-CHAIN;BOUNDARY-TESTS,1;8;40;41;46;54;55;58,designed; implementation evidence pending
REQ-97-020,architecture,architecture governance,CTRL-ARCH,design contracts; no runtime table,DesignReview,T-DESIGN,AUTHZ;TENANT;PURPOSE;AUDIT;SUPPLY-CHAIN;BOUNDARY-TESTS,1;8;40;41;46;54;55;58,designed; implementation evidence pending
REQ-97-021,architecture,architecture governance,CTRL-ARCH,design contracts; no runtime table,DesignReview,T-DESIGN,AUTHZ;TENANT;PURPOSE;AUDIT;SUPPLY-CHAIN;BOUNDARY-TESTS,1;8;40;41;46;54;55;58,designed; implementation evidence pending
REQ-97-022,architecture,architecture governance,CTRL-ARCH,design contracts; no runtime table,DesignReview,T-DESIGN,AUTHZ;TENANT;PURPOSE;AUDIT;SUPPLY-CHAIN;BOUNDARY-TESTS,1;8;40;41;46;54;55;58,designed; implementation evidence pending
REQ-97-023,architecture,architecture governance,CTRL-ARCH,design contracts; no runtime table,DesignReview,T-DESIGN,AUTHZ;TENANT;PURPOSE;AUDIT;SUPPLY-CHAIN;BOUNDARY-TESTS,1;8;40;41;46;54;55;58,designed; implementation evidence pending
REQ-97-024,architecture,architecture governance,CTRL-ARCH,design contracts; no runtime table,DesignReview,T-DESIGN,AUTHZ;TENANT;PURPOSE;AUDIT;SUPPLY-CHAIN;BOUNDARY-TESTS,1;8;40;41;46;54;55;58,designed; implementation evidence pending
REQ-97-025,architecture,architecture governance,CTRL-ARCH,design contracts; no runtime table,DesignReview,T-DESIGN,AUTHZ;TENANT;PURPOSE;AUDIT;SUPPLY-CHAIN;BOUNDARY-TESTS,1;8;40;41;46;54;55;58,designed; implementation evidence pending
REQ-97-026,architecture,architecture governance,CTRL-ARCH,design contracts; no runtime table,DesignReview,T-DESIGN,AUTHZ;TENANT;PURPOSE;AUDIT;SUPPLY-CHAIN;BOUNDARY-TESTS,1;8;40;41;46;54;55;58,designed; implementation evidence pending
REQ-97-027,architecture,architecture governance,CTRL-ARCH,design contracts; no runtime table,DesignReview,T-DESIGN,AUTHZ;TENANT;PURPOSE;AUDIT;SUPPLY-CHAIN;BOUNDARY-TESTS,1;8;40;41;46;54;55;58,designed; implementation evidence pending
REQ-98-001,architecture,architecture governance,CTRL-ARCH,design contracts; no runtime table,DesignReview,T-DESIGN,AUTHZ;TENANT;PURPOSE;AUDIT;SUPPLY-CHAIN;BOUNDARY-TESTS,1;8;40;41;46;54;55;58,designed; implementation evidence pending
REQ-98-002,architecture,architecture governance,CTRL-ARCH,design contracts; no runtime table,DesignReview,T-DESIGN,AUTHZ;TENANT;PURPOSE;AUDIT;SUPPLY-CHAIN;BOUNDARY-TESTS,1;8;40;41;46;54;55;58,designed; implementation evidence pending
REQ-98-003,architecture,architecture governance,CTRL-ARCH,design contracts; no runtime table,DesignReview,T-DESIGN,AUTHZ;TENANT;PURPOSE;AUDIT;SUPPLY-CHAIN;BOUNDARY-TESTS,1;8;40;41;46;54;55;58,designed; implementation evidence pending
REQ-98-004,architecture,architecture governance,CTRL-ARCH,design contracts; no runtime table,DesignReview,T-DESIGN,AUTHZ;TENANT;PURPOSE;AUDIT;SUPPLY-CHAIN;BOUNDARY-TESTS,1;8;40;41;46;54;55;58,designed; implementation evidence pending
REQ-98-005,architecture,architecture governance,CTRL-ARCH,design contracts; no runtime table,DesignReview,T-DESIGN,AUTHZ;TENANT;PURPOSE;AUDIT;SUPPLY-CHAIN;BOUNDARY-TESTS,1;8;40;41;46;54;55;58,designed; implementation evidence pending
REQ-98-006,architecture,architecture governance,CTRL-ARCH,design contracts; no runtime table,DesignReview,T-DESIGN,AUTHZ;TENANT;PURPOSE;AUDIT;SUPPLY-CHAIN;BOUNDARY-TESTS,1;8;40;41;46;54;55;58,designed; implementation evidence pending
REQ-98-007,architecture,architecture governance,CTRL-ARCH,design contracts; no runtime table,DesignReview,T-DESIGN,AUTHZ;TENANT;PURPOSE;AUDIT;SUPPLY-CHAIN;BOUNDARY-TESTS,1;8;40;41;46;54;55;58,designed; implementation evidence pending
REQ-98-008,architecture,architecture governance,CTRL-ARCH,design contracts; no runtime table,DesignReview,T-DESIGN,AUTHZ;TENANT;PURPOSE;AUDIT;SUPPLY-CHAIN;BOUNDARY-TESTS,1;8;40;41;46;54;55;58,designed; implementation evidence pending
REQ-98-009,architecture,architecture governance,CTRL-ARCH,design contracts; no runtime table,DesignReview,T-DESIGN,AUTHZ;TENANT;PURPOSE;AUDIT;SUPPLY-CHAIN;BOUNDARY-TESTS,1;8;40;41;46;54;55;58,designed; implementation evidence pending
REQ-98-010,architecture,architecture governance,CTRL-ARCH,design contracts; no runtime table,DesignReview,T-DESIGN,AUTHZ;TENANT;PURPOSE;AUDIT;SUPPLY-CHAIN;BOUNDARY-TESTS,1;8;40;41;46;54;55;58,designed; implementation evidence pending
REQ-98-011,architecture,architecture governance,CTRL-ARCH,design contracts; no runtime table,DesignReview,T-DESIGN,AUTHZ;TENANT;PURPOSE;AUDIT;SUPPLY-CHAIN;BOUNDARY-TESTS,1;8;40;41;46;54;55;58,designed; implementation evidence pending
REQ-98-012,architecture,architecture governance,CTRL-ARCH,design contracts; no runtime table,DesignReview,T-DESIGN,AUTHZ;TENANT;PURPOSE;AUDIT;SUPPLY-CHAIN;BOUNDARY-TESTS,1;8;40;41;46;54;55;58,designed; implementation evidence pending
